pdb_id	pdb_code	modelid	chainid	SW1	Y32	Y71	crystal_form	cluster	rama	prot_name	swiss_id	uniprot_id	mutation_status	mutation_position	gene_class	nucleotide_class	mutation_class	pharmacological_class	match_class	protein_class	interface_class	pocket_class	space_group	length	range	deposit_data	pocket_site	pocket_status	phi_1	phi_2	phi_3	phi_4	phi_5	phi_6	phi_7	phi_8	phi_9	phi_10	phi_11	phi_12	phi_13	phi_14	phi_15	phi_16	phi_17	phi_18	phi_19	phi_20	phi_21	psi_1	psi_2	psi_3	psi_4	psi_5	psi_6	psi_7	psi_8	psi_9	psi_10	psi_11	psi_12	psi_13	psi_14	psi_15	psi_16	psi_17	psi_18	psi_19	psi_20	psi_21	omega_1	omega_2	omega_3	omega_4	omega_5	omega_6	omega_7	omega_8	omega_9	omega_10	omega_11	omega_12	omega_13	omega_14	omega_15	omega_16	omega_17	omega_18	omega_19	omega_20	omega_21	bound_ligand	bound_protein	bound_ligand_contacts	bound_protein_contacts	bound_protein_swiss_id	pharmacological_ligand_site	pharmarmacological_ligand_match	bound_protein_pfam	bound_protein_site	bound_protein_chainid	biological_ligand	ion_ligand	pharmacological_ligand	chemical_ligand	modification_ligand	membrane_ligand	method	resolution	r_factor	sequence	bb_resid	bb_seq	bb_length	sc_resid	sc_seq	sc_length	complete	length_a	length_b	length_c	angle_alpha	angle_beat	angle_gamma	core_path	rcsb_path	renum_path	rcsb_assembly_path	renum_assembly_path	sifts_path
2x1vA	2x1v	0	A	Disordered	Disordered	Disordered	P 63 (CF1)	Noise	BBB------------------	GTPase HRas	RASH_HUMAN	P01112	I163F	I163	HRAS	2P	Other	None	None	None	None	SP2-Unbound	P 63	166	2-29:38-59:76-164	2010-01-04	SP2	Unbound	-93.17	-84.6	-87.31	-125.04	999.0	999.0	999.0	999.0	999.0	999.0	999.0	999.0	999.0	999.0	999.0	999.0	999.0	999.0	999.0	999.0	-10.12	106.53	112.12	148.52	999.0	999.0	999.0	999.0	999.0	999.0	999.0	999.0	999.0	999.0	999.0	999.0	999.0	999.0	999.0	999.0	999.0	-40.64	175.36	169.75	-176.52	-178.31	999.0	999.0	999.0	999.0	999.0	999.0	999.0	999.0	999.0	999.0	999.0	999.0	999.0	999.0	999.0	999.0	999.0	GDP	None	None	None	None	None	None	None	None	None	GDP	None	None	None	None	None	XRAY	1.700	0.191	MTEYKLVVVGAGGVGKSALTIQLIQNHFVDEYDPTIEDSYRKQVVIDGETCLLDILDTAGQEEYSAMRDQYMRTGEGFLCVFAINNTKSFEDIHQYREQIKRVKDSDDVPMVLVGNKCDLAARTVESRQAQDLARSYGIPYIETSAKTRQGVEDAFYTLVREFRQH	56,57,58,59,60,61,62,63,64,65,66,67,68,69,70,71,72,73,74,75,76	LDTA----------------E	21.0	None	None	None	False	73.140	73.140	62.880	90.00	90.00	120.00	/Users/mitchellparker/Desktop/rascore_build/core/2x1vA_core.cif	/Users/mitchellparker/Desktop/rascore_build/rcsb/2x1v.cif.gz	/Users/mitchellparker/Desktop/rascore_build/renum/2x1v_renum.cif	/Users/mitchellparker/Desktop/rascore_build/rcsb_assembly/2x1v-assembly-1.cif.gz	/Users/mitchellparker/Desktop/rascore_build/renum_assembly/2x1v-assembly-1_renum.cif	/Users/mitchellparker/Desktop/rascore_build/sifts/2x1v.xml.gz
3conA	3con	0	A	Y32out.2P-OFF	Y32out	Disordered	P 63 (CF2)	Noise	BBBB-------------AABA	GTPase NRas	RASN_HUMAN	P01111	WT	WT	NRAS	2P	WT	None	None	None	None	SP2-Unbound	P 63	190	1-60:72-167	2008-03-28	SP2	Unbound	-91.11	-89.6	-81.91	-135.76	-98.93	999.0	999.0	999.0	999.0	999.0	999.0	999.0	999.0	999.0	999.0	999.0	164.61	-61.29	-90.3	-58.56	-98.15	111.98	104.79	156.94	148.0	999.0	999.0	999.0	999.0	999.0	999.0	999.0	999.0	999.0	999.0	999.0	999.0	-56.05	-28.95	-2.35	134.29	-19.02	174.1	172.85	-175.75	178.26	-171.84	999.0	999.0	999.0	999.0	999.0	999.0	999.0	999.0	999.0	999.0	999.0	999.0	-176.18	177.86	175.59	-179.32	MG,MG,MG,MG,GDP,UNX,UNX,UNX,UNX,UNX,UNX,UNX,UNX	None	None	None	None	None	None	None	None	None	GDP	MG	None	UNX	None	None	XRAY	1.649	0.186	MHHHHHHSSGRENLYFQGMTEYKLVVVGAGGVGKSALTIQLIQNHFVDEYDPTIEDSYRKQVVIDGETCLLDILDTAGQEEYSAMRDQYMRTGEGFLCVFAINNSKSFADINLYREQIKRVKDSDDVPMVLVGNKCDLPTRTVDTKQAHELAKSYGIPFIETSAKTRQGVEDAFYTLVREIRQYRMKKLN	56,57,58,59,60,61,62,63,64,65,66,67,68,69,70,71,72,73,74,75,76	LDTAG-----------MRTGE	21.0	None	None	None	False	83.061	83.061	38.907	90.000	90.000	120.000	/Users/mitchellparker/Desktop/rascore_build/core/3conA_core.cif	/Users/mitchellparker/Desktop/rascore_build/rcsb/3con.cif.gz	/Users/mitchellparker/Desktop/rascore_build/renum/3con_renum.cif	/Users/mitchellparker/Desktop/rascore_build/rcsb_assembly/3con-assembly-1.cif.gz	/Users/mitchellparker/Desktop/rascore_build/renum_assembly/3con-assembly-1_renum.cif	/Users/mitchellparker/Desktop/rascore_build/sifts/3con.xml.gz
3lo5A	3lo5	0	A	Disordered	Disordered	Disordered	I 2 2 2 (CF2)	Noise	B----------------lbBA	GTPase HRas	RASH_HUMAN	P01112	S17N	S17	HRAS	2P	Other	None	None	None	Homodimer	Other-Unbound	I 2 2 2	166	1-29:38-57:72-166	2010-02-03	Other	Unbound	-70.85	-62.63	999.0	999.0	999.0	999.0	999.0	999.0	999.0	999.0	999.0	999.0	999.0	999.0	999.0	999.0	-155.76	74.06	-145.27	-93.22	-99.63	-116.75	999.0	999.0	999.0	999.0	999.0	999.0	999.0	999.0	999.0	999.0	999.0	999.0	999.0	999.0	999.0	-33.0	23.73	115.49	160.8	-18.81	176.61	161.81	999.0	999.0	999.0	999.0	999.0	999.0	999.0	999.0	999.0	999.0	999.0	999.0	999.0	999.0	999.0	2.36	-9.44	-179.36	-176.64	GDP,CA	None	None	None	None	None	None	None	None	None	GDP	None	None	None	None	None	XRAY	2.568	0.241	MTEYKLVVVGAGGVGKNALTIQLIQNHFVDEYDPTIEDSYRKQVVIDGETCLLDILDTAGQEEYSAMRDQYMRTGEGFLCVFAINNTKSFEDIHQYREQIKRVKDSDDVPMVLVGNKCDLAARTVESRQAQDLARSYGIPYIETSAKTRQGVEDAFYTLVREIRQH	56,57,58,59,60,61,62,63,64,65,66,67,68,69,70,71,72,73,74,75,76	LD--------------MRTGE	21.0	None	None	None	False	92.475	102.184	117.820	90.00	90.00	90.00	/Users/mitchellparker/Desktop/rascore_build/core/3lo5A_core.cif	/Users/mitchellparker/Desktop/rascore_build/rcsb/3lo5.cif.gz	/Users/mitchellparker/Desktop/rascore_build/renum/3lo5_renum.cif	/Users/mitchellparker/Desktop/rascore_build/rcsb_assembly/3lo5-assembly-2.cif.gz	/Users/mitchellparker/Desktop/rascore_build/renum_assembly/3lo5-assembly-2_renum.cif	/Users/mitchellparker/Desktop/rascore_build/sifts/3lo5.xml.gz
3lo5C	3lo5	0	C	Disordered	Disordered	Disordered	I 2 2 2 (CF2)	Noise	BLAbEAaEBBBbeLAAAAABA	GTPase HRas	RASH_HUMAN	P01112	S17N	S17	HRAS	2P	Other	None	None	None	Homodimer	Other-Unbound	I 2 2 2	166	1-27:39-166	2010-02-03	Other	Unbound	-56.79	171.59	-71.59	-148.21	61.07	-137.54	-114.21	55.89	-166.74	-125.98	-55.13	-140.28	59.98	77.94	-83.23	-60.96	-98.24	-56.25	-74.58	-79.44	-97.98	168.0	81.83	-54.06	162.21	146.92	-60.33	-59.95	-120.85	53.02	124.24	165.96	103.07	112.26	-32.32	-59.38	-11.18	-44.34	-28.51	-1.25	141.84	-20.11	-179.2	-171.59	176.13	-1.78	173.47	174.83	-2.31	178.7	179.86	-178.5	176.51	0.96	1.01	-170.06	170.47	174.6	-178.97	-179.16	-179.33	178.0	179.29	GDP,SO4,CA	None	None	None	None	None	None	None	None	None	GDP	None	None	SO4	None	None	XRAY	2.568	0.241	MTEYKLVVVGAGGVGKNALTIQLIQNHFVDEYDPTIEDSYRKQVVIDGETCLLDILDTAGQEEYSAMRDQYMRTGEGFLCVFAINNTKSFEDIHQYREQIKRVKDSDDVPMVLVGNKCDLAARTVESRQAQDLARSYGIPYIETSAKTRQGVEDAFYTLVREIRQH	56,57,58,59,60,61,62,63,64,65,66,67,68,69,70,71,72,73,74,75,76	LDTAGQEEYSAMRDQYMRTGE	21.0	None	None	None	True	92.475	102.184	117.820	90.00	90.00	90.00	/Users/mitchellparker/Desktop/rascore_build/core/3lo5C_core.cif	/Users/mitchellparker/Desktop/rascore_build/rcsb/3lo5.cif.gz	/Users/mitchellparker/Desktop/rascore_build/renum/3lo5_renum.cif	/Users/mitchellparker/Desktop/rascore_build/rcsb_assembly/3lo5-assembly-2.cif.gz	/Users/mitchellparker/Desktop/rascore_build/renum_assembly/3lo5-assembly-2_renum.cif	/Users/mitchellparker/Desktop/rascore_build/sifts/3lo5.xml.gz
3lo5E	3lo5	0	E	Outlier	Y32out	Disordered	I 2 2 2 (CF2)	Noise	-----------------AABA	GTPase HRas	RASH_HUMAN	P01112	S17N	S17	HRAS	2P	Other	None	None	None	Homodimer	Other-Unbound	I 2 2 2	166	1-56:72-166	2010-02-03	Other	Unbound	-66.19	999.0	999.0	999.0	999.0	999.0	999.0	999.0	999.0	999.0	999.0	999.0	999.0	999.0	999.0	999.0	-122.31	-76.6	-85.16	-59.62	-127.24	999.0	999.0	999.0	999.0	999.0	999.0	999.0	999.0	999.0	999.0	999.0	999.0	999.0	999.0	999.0	999.0	-35.55	-1.7	-28.67	155.23	-1.77	179.95	999.0	999.0	999.0	999.0	999.0	999.0	999.0	999.0	999.0	999.0	999.0	999.0	999.0	999.0	999.0	999.0	-176.85	-178.74	-178.85	179.18	GDP,CA,CA	None	None	None	None	None	None	None	None	None	GDP	None	None	CA	None	None	XRAY	2.568	0.241	MTEYKLVVVGAGGVGKNALTIQLIQNHFVDEYDPTIEDSYRKQVVIDGETCLLDILDTAGQEEYSAMRDQYMRTGEGFLCVFAINNTKSFEDIHQYREQIKRVKDSDDVPMVLVGNKCDLAARTVESRQAQDLARSYGIPYIETSAKTRQGVEDAFYTLVREIRQH	56,57,58,59,60,61,62,63,64,65,66,67,68,69,70,71,72,73,74,75,76	L---------------MRTGE	21.0	None	None	None	False	92.475	102.184	117.820	90.00	90.00	90.00	/Users/mitchellparker/Desktop/rascore_build/core/3lo5E_core.cif	/Users/mitchellparker/Desktop/rascore_build/rcsb/3lo5.cif.gz	/Users/mitchellparker/Desktop/rascore_build/renum/3lo5_renum.cif	/Users/mitchellparker/Desktop/rascore_build/rcsb_assembly/3lo5-assembly-2.cif.gz	/Users/mitchellparker/Desktop/rascore_build/renum_assembly/3lo5-assembly-2_renum.cif	/Users/mitchellparker/Desktop/rascore_build/sifts/3lo5.xml.gz
4l8gA	4l8g	0	A	Y32out.2P-OFF	Y32out	Disordered	P 63 (CF2)	Noise	BBB------------AAAABA	GTPase KRas	RASK_HUMAN	P01116-2	G12C	G12	KRAS	2P	G12C	None	None	None	None	Other-Unbound	P 63	170	1-59:70-167	2013-06-17	Other	Unbound	-98.33	-93.2	-83.08	-150.14	999.0	999.0	999.0	999.0	999.0	999.0	999.0	999.0	999.0	999.0	-1.96	-136.22	-63.8	-67.53	-95.44	-62.78	-95.71	115.07	105.17	158.72	999.0	999.0	999.0	999.0	999.0	999.0	999.0	999.0	999.0	999.0	999.0	16.1	-13.54	-43.57	-17.46	-0.02	136.62	-22.23	176.64	174.55	-174.65	-176.58	999.0	999.0	999.0	999.0	999.0	999.0	999.0	999.0	999.0	999.0	999.0	-177.66	174.29	-174.24	-178.22	-177.75	176.66	GDP,MG,NA	None	None	None	None	None	None	None	None	None	GDP	MG	None	None	None	None	XRAY	1.521	0.151	GMTEYKLVVVGACGVGKSALTIQLIQNHFVDEYDPTIEDSYRKQVVIDGETCLLDILDTAGQEEYSAMRDQYMRTGEGFLCVFAINNTKSFEDIHHYREQIKRVKDSEDVPMVLVGNKCDLPSRTVDTKQAQDLARSYGIPFIETSAKTRQGVDDAFYTLVREIRKHKEK	56,57,58,59,60,61,62,63,64,65,66,67,68,69,70,71,72,73,74,75,76	LDTA----------QYMRTGE	21.0	None	None	None	False	82.146	82.146	39.513	90.00	90.00	120.00	/Users/mitchellparker/Desktop/rascore_build/core/4l8gA_core.cif	/Users/mitchellparker/Desktop/rascore_build/rcsb/4l8g.cif.gz	/Users/mitchellparker/Desktop/rascore_build/renum/4l8g_renum.cif	/Users/mitchellparker/Desktop/rascore_build/rcsb_assembly/4l8g-assembly-1.cif.gz	/Users/mitchellparker/Desktop/rascore_build/renum_assembly/4l8g-assembly-1_renum.cif	/Users/mitchellparker/Desktop/rascore_build/sifts/4l8g.xml.gz
4lrwA	4lrw	0	A	Y32out.2P-OFF	Y32out	Disordered	P 3 (CF1)	Noise	BBB-------------AAABA	GTPase KRas	RASK_HUMAN	P01116-2	G12C,C51S,C80L,C118S	G12,C51,C80,C118	KRAS	2P	G12C	None	None	None	None	Multiple-Unbound	P 3	170	2-59:71-167	2013-07-21	Multiple	Unbound	-102.68	-95.32	-70.21	-137.79	999.0	999.0	999.0	999.0	999.0	999.0	999.0	999.0	999.0	999.0	999.0	77.02	-69.05	-72.56	-93.89	-70.52	-100.74	116.7	100.24	155.32	999.0	999.0	999.0	999.0	999.0	999.0	999.0	999.0	999.0	999.0	999.0	999.0	-51.56	-45.17	-14.55	7.57	135.31	-33.49	177.48	178.97	-176.17	-179.88	999.0	999.0	999.0	999.0	999.0	999.0	999.0	999.0	999.0	999.0	999.0	999.0	179.03	-178.15	178.76	179.53	178.49	MG,GDP,MG	None	None	None	None	None	None	None	None	None	GDP	MG	None	None	None	None	XRAY	2.151	0.183	GMTEYKLVVVGACGVGKSALTIQLIQNHFVDEYDPTIEDSYRKQVVIDGETSLLDILDTAGQEEYSAMRDQYMRTGEGFLLVFAINNTKSFEDIHHYREQIKRVKDSEDVPMVLVGNKSDLPSRTVDTKQAQDLARSYGIPFIETSAKTRQGVDDAFYTLVREIRKHKEK	56,57,58,59,60,61,62,63,64,65,66,67,68,69,70,71,72,73,74,75,76	LDTA-----------YMRTGE	21.0	None	None	None	False	82.862	82.862	38.397	90.000	90.000	120.000	/Users/mitchellparker/Desktop/rascore_build/core/4lrwA_core.cif	/Users/mitchellparker/Desktop/rascore_build/rcsb/4lrw.cif.gz	/Users/mitchellparker/Desktop/rascore_build/renum/4lrw_renum.cif	/Users/mitchellparker/Desktop/rascore_build/rcsb_assembly/4lrw-assembly-1.cif.gz	/Users/mitchellparker/Desktop/rascore_build/renum_assembly/4lrw-assembly-1_renum.cif	/Users/mitchellparker/Desktop/rascore_build/sifts/4lrw.xml.gz
4lrwB	4lrw	0	B	Y32out.2P-OFF	Y32out	Disordered	P 3 (CF1)	Noise	BBB-------------AAABA	GTPase KRas	RASK_HUMAN	P01116-2	G12C,C51S,C80L,C118S	G12,C51,C80,C118	KRAS	2P	G12C	None	None	None	None	SP2-Unbound	P 3	170	2-59:71-167	2013-07-21	SP2	Unbound	-104.11	-90.09	-71.22	-141.29	999.0	999.0	999.0	999.0	999.0	999.0	999.0	999.0	999.0	999.0	999.0	-71.03	-79.98	-75.01	-93.64	-77.14	-99.1	114.98	99.55	154.8	999.0	999.0	999.0	999.0	999.0	999.0	999.0	999.0	999.0	999.0	999.0	999.0	156.75	-40.73	-9.89	8.82	136.38	-31.75	177.19	177.99	-175.91	179.43	999.0	999.0	999.0	999.0	999.0	999.0	999.0	999.0	999.0	999.0	999.0	999.0	-178.78	-177.21	178.3	179.39	178.23	MG,MG,GDP	None	None	None	None	None	None	None	None	None	GDP	MG	None	None	None	None	XRAY	2.151	0.183	GMTEYKLVVVGACGVGKSALTIQLIQNHFVDEYDPTIEDSYRKQVVIDGETSLLDILDTAGQEEYSAMRDQYMRTGEGFLLVFAINNTKSFEDIHHYREQIKRVKDSEDVPMVLVGNKSDLPSRTVDTKQAQDLARSYGIPFIETSAKTRQGVDDAFYTLVREIRKHKEK	56,57,58,59,60,61,62,63,64,65,66,67,68,69,70,71,72,73,74,75,76	LDTA-----------YMRTGE	21.0	None	None	None	False	82.862	82.862	38.397	90.000	90.000	120.000	/Users/mitchellparker/Desktop/rascore_build/core/4lrwB_core.cif	/Users/mitchellparker/Desktop/rascore_build/rcsb/4lrw.cif.gz	/Users/mitchellparker/Desktop/rascore_build/renum/4lrw_renum.cif	/Users/mitchellparker/Desktop/rascore_build/rcsb_assembly/4lrw-assembly-1.cif.gz	/Users/mitchellparker/Desktop/rascore_build/renum_assembly/4lrw-assembly-1_renum.cif	/Users/mitchellparker/Desktop/rascore_build/sifts/4lrw.xml.gz
4m1sA	4m1s	0	A	Disordered	Disordered	Disordered	C 1 2 1 (CF3)	Noise	BBBALABABAAAAAAAAAABA	GTPase KRas	RASK_HUMAN	P01116-2	G12C,C51S,C80L,C118S	G12,C51,C80,C118	KRAS	2P	G12C	None	None	None	None	Other-Unbound	C 1 2 1	170	1-30:37-167	2013-08-04	Other	Unbound	-115.2	-99.51	-156.35	-95.91	103.53	-110.04	-80.78	-57.84	-79.24	-70.58	-58.41	-65.59	-70.87	-60.04	-55.71	-61.16	-70.82	-61.2	-85.51	-55.41	-95.22	131.27	128.65	134.27	-12.05	-7.95	18.18	159.78	-53.75	82.08	-37.95	-43.42	-27.78	-54.76	-36.26	-56.85	-30.71	-46.1	-38.65	-25.87	130.19	-21.24	170.99	171.65	-176.66	175.12	175.8	-175.82	-176.2	-172.71	-178.58	-178.88	178.9	177.77	-178.63	179.7	170.26	-177.65	176.35	177.09	-175.79	-179.49	-177.26	GDP	None	None	None	None	None	None	None	None	None	GDP	None	None	None	None	None	XRAY	1.552	0.180	GMTEYKLVVVGACGVGKSALTIQLIQNHFVDEYDPTIEDSYRKQVVIDGETSLLDILDTAGQEEYSAMRDQYMRTGEGFLLVFAINNTKSFEDIHHYREQIKRVKDSEDVPMVLVGNKSDLPSRTVDTKQAQDLARSYGIPFIETSAKTRQGVDDAFYTLVREIRKHKEK	56,57,58,59,60,61,62,63,64,65,66,67,68,69,70,71,72,73,74,75,76	LDTAGQEEYSAMRDQYMRTGE	21.0	None	None	None	True	68.493	84.821	86.778	90.000	110.930	90.000	/Users/mitchellparker/Desktop/rascore_build/core/4m1sA_core.cif	/Users/mitchellparker/Desktop/rascore_build/rcsb/4m1s.cif.gz	/Users/mitchellparker/Desktop/rascore_build/renum/4m1s_renum.cif	/Users/mitchellparker/Desktop/rascore_build/rcsb_assembly/4m1s-assembly-2.cif.gz	/Users/mitchellparker/Desktop/rascore_build/renum_assembly/4m1s-assembly-2_renum.cif	/Users/mitchellparker/Desktop/rascore_build/sifts/4m1s.xml.gz
4m1sC	4m1s	0	C	Disordered	Disordered	Disordered	C 1 2 1 (CF3)	Noise	BBA-----------AAAAABA	GTPase KRas	RASK_HUMAN	P01116-2	G12C,C51S,C80L,C118S	G12,C51,C80,C118	KRAS	2P	G12C	None	None	None	None	Multiple-Unbound	C 1 2 1	170	1-28:39-59:69-167	2013-08-04	Multiple	Unbound	-94.17	-86.35	-74.66	-66.62	999.0	999.0	999.0	999.0	999.0	999.0	999.0	999.0	999.0	127.73	-78.13	-66.83	-74.78	-68.07	-73.83	-59.38	-98.47	110.9	108.11	8.51	999.0	999.0	999.0	999.0	999.0	999.0	999.0	999.0	999.0	999.0	158.39	-27.82	-36.1	-39.57	-41.27	-37.4	136.29	-21.15	171.36	172.07	-170.15	177.09	999.0	999.0	999.0	999.0	999.0	999.0	999.0	999.0	999.0	999.0	-179.77	178.48	-177.67	177.79	-178.57	-178.06	-178.49	GDP	None	None	None	None	None	None	None	None	None	GDP	None	None	None	None	None	XRAY	1.552	0.180	GMTEYKLVVVGACGVGKSALTIQLIQNHFVDEYDPTIEDSYRKQVVIDGETSLLDILDTAGQEEYSAMRDQYMRTGEGFLLVFAINNTKSFEDIHHYREQIKRVKDSEDVPMVLVGNKSDLPSRTVDTKQAQDLARSYGIPFIETSAKTRQGVDDAFYTLVREIRKHKEK	56,57,58,59,60,61,62,63,64,65,66,67,68,69,70,71,72,73,74,75,76	LDTA---------DQYMRTGE	21.0	None	None	None	False	68.493	84.821	86.778	90.000	110.930	90.000	/Users/mitchellparker/Desktop/rascore_build/core/4m1sC_core.cif	/Users/mitchellparker/Desktop/rascore_build/rcsb/4m1s.cif.gz	/Users/mitchellparker/Desktop/rascore_build/renum/4m1s_renum.cif	/Users/mitchellparker/Desktop/rascore_build/rcsb_assembly/4m1s-assembly-2.cif.gz	/Users/mitchellparker/Desktop/rascore_build/renum_assembly/4m1s-assembly-2_renum.cif	/Users/mitchellparker/Desktop/rascore_build/sifts/4m1s.xml.gz
4m1wA	4m1w	0	A	Disordered	Disordered	Disordered	C 1 2 1 (CF3)	Noise	BBBALA----AAAAAAAAABA	GTPase KRas	RASK_HUMAN	P01116-2	G12C,C51S,C80L,C118S	G12,C51,C80,C118	KRAS	2P	G12C	None	None	None	None	Other-Unbound	C 1 2 1	170	1-30:37-62:65-168	2013-08-04	Other	Unbound	-118.06	-96.5	-155.22	-100.7	90.03	-117.75	-85.56	999.0	999.0	-149.92	-54.65	-61.73	-71.05	-64.9	-56.88	-62.59	-67.86	-65.83	-89.65	-56.02	-95.89	129.56	128.92	139.57	-12.42	2.37	6.72	999.0	999.0	999.0	-55.08	-57.81	-29.51	-56.18	-37.32	-46.58	-37.4	-41.63	-38.44	-20.14	133.75	-22.04	171.3	169.49	-177.82	175.89	177.34	-177.32	-178.33	999.0	999.0	999.0	-174.68	179.02	-177.84	-175.73	169.04	-176.87	178.12	179.69	-179.11	-179.05	-178.84	MG,GDP	None	None	None	None	None	None	None	None	None	GDP	MG	None	None	None	None	XRAY	1.580	0.170	GMTEYKLVVVGACGVGKSALTIQLIQNHFVDEYDPTIEDSYRKQVVIDGETSLLDILDTAGQEEYSAMRDQYMRTGEGFLLVFAINNTKSFEDIHHYREQIKRVKDSEDVPMVLVGNKSDLPSRTVDTKQAQDLARSYGIPFIETSAKTRQGVDDAFYTLVREIRKHKEK	56,57,58,59,60,61,62,63,64,65,66,67,68,69,70,71,72,73,74,75,76	LDTAGQE--SAMRDQYMRTGE	21.0	None	None	None	False	68.095	83.817	87.238	90.000	111.060	90.000	/Users/mitchellparker/Desktop/rascore_build/core/4m1wA_core.cif	/Users/mitchellparker/Desktop/rascore_build/rcsb/4m1w.cif.gz	/Users/mitchellparker/Desktop/rascore_build/renum/4m1w_renum.cif	/Users/mitchellparker/Desktop/rascore_build/rcsb_assembly/4m1w-assembly-3.cif.gz	/Users/mitchellparker/Desktop/rascore_build/renum_assembly/4m1w-assembly-3_renum.cif	/Users/mitchellparker/Desktop/rascore_build/sifts/4m1w.xml.gz
4m22A	4m22	0	A	Y32out.2P-OFF	Y32out	Disordered	C 1 2 1 (CF3)	Noise	BBB----------AAAAAABA	GTPase KRas	RASK_HUMAN	P01116-2	G12C,C51S,C80L,C118S	G12,C51,C80,C118	KRAS	2P	G12C	None	None	None	None	Multiple-Unbound	C 1 2 1	170	1-59:68-168	2013-08-05	Multiple	Unbound	-94.08	-100.24	-76.74	-171.74	999.0	999.0	999.0	999.0	999.0	999.0	999.0	999.0	-141.48	-58.28	-61.72	-60.0	-56.2	-64.37	-101.0	-64.4	-101.87	121.87	103.07	160.25	999.0	999.0	999.0	999.0	999.0	999.0	999.0	999.0	999.0	133.29	-32.05	-56.24	-39.1	-49.94	-40.51	-4.11	136.67	-19.26	175.89	-179.66	-172.49	-175.21	999.0	999.0	999.0	999.0	999.0	999.0	999.0	999.0	999.0	177.2	177.46	-178.87	175.64	177.0	-173.9	178.18	178.13	MG,GDP	None	None	None	None	None	None	None	None	None	GDP	MG	None	None	None	None	XRAY	2.090	0.182	GMTEYKLVVVGACGVGKSALTIQLIQNHFVDEYDPTIEDSYRKQVVIDGETSLLDILDTAGQEEYSAMRDQYMRTGEGFLLVFAINNTKSFEDIHHYREQIKRVKDSEDVPMVLVGNKSDLPSRTVDTKQAQDLARSYGIPFIETSAKTRQGVDDAFYTLVREIRKHKEK	56,57,58,59,60,61,62,63,64,65,66,67,68,69,70,71,72,73,74,75,76	LDTA--------RDQYMRTGE	21.0	None	None	None	False	70.906	83.457	86.924	90.000	109.290	90.000	/Users/mitchellparker/Desktop/rascore_build/core/4m22A_core.cif	/Users/mitchellparker/Desktop/rascore_build/rcsb/4m22.cif.gz	/Users/mitchellparker/Desktop/rascore_build/renum/4m22_renum.cif	/Users/mitchellparker/Desktop/rascore_build/rcsb_assembly/4m22-assembly-1.cif.gz	/Users/mitchellparker/Desktop/rascore_build/renum_assembly/4m22-assembly-1_renum.cif	/Users/mitchellparker/Desktop/rascore_build/sifts/4m22.xml.gz
4wa7A	4wa7	0	A	Y32out.2P-OFF	Y32out	Disordered	P 63 (CF2)	Noise	BBB-------------AAABA	GTPase KRas	RASK_HUMAN	P01116-2	WT	WT	KRAS	2P	WT	None	None	None	None	SP2-Unbound	P 63	170	1-59:71-167	2014-08-28	SP2	Unbound	-100.43	-94.96	-80.87	-109.8	999.0	999.0	999.0	999.0	999.0	999.0	999.0	999.0	999.0	999.0	999.0	68.21	-72.5	-80.21	-83.48	-70.74	-91.89	115.41	102.28	154.33	999.0	999.0	999.0	999.0	999.0	999.0	999.0	999.0	999.0	999.0	999.0	999.0	-43.82	-31.92	-25.58	6.06	128.33	-21.96	171.85	-178.84	-173.36	177.95	999.0	999.0	999.0	999.0	999.0	999.0	999.0	999.0	999.0	999.0	999.0	999.0	176.33	-177.6	-176.8	-175.5	178.38	GDP,MG	None	None	None	None	None	None	None	None	None	GDP	MG	None	None	None	None	XRAY	1.986	0.188	GMTEYKLVVVGAGGVGKSALTIQLIQNHFVDEYDPTIEDSYRKQVVIDGETCLLDILDTAGLEEYSAMRDQYMRTGEGFLCVFAINNTKSFEDIHHYREQIKRVKDSEDVPMVLVGNKCDLPSRTVDTKQAQDLARSYGIPFIETSAKTRQGVDDAFYTLVREIRKHKEK	56,57,58,59,60,61,62,63,64,65,66,67,68,69,70,71,72,73,74,75,76	LDTA-----------YMRTGE	21.0	None	None	None	False	82.493	82.493	40.761	90.000	90.000	120.000	/Users/mitchellparker/Desktop/rascore_build/core/4wa7A_core.cif	/Users/mitchellparker/Desktop/rascore_build/rcsb/4wa7.cif.gz	/Users/mitchellparker/Desktop/rascore_build/renum/4wa7_renum.cif	/Users/mitchellparker/Desktop/rascore_build/rcsb_assembly/4wa7-assembly-1.cif.gz	/Users/mitchellparker/Desktop/rascore_build/renum_assembly/4wa7-assembly-1_renum.cif	/Users/mitchellparker/Desktop/rascore_build/sifts/4wa7.xml.gz
5uqwB	5uqw	0	B	Y32out.2P-OFF	Y32out	Disordered	P 3 (CF2)	Noise	BBB--------------AABA	GTPase KRas	RASK_HUMAN	P01116-2	G12V	G12	KRAS	2P	G12V	None	None	None	None	SP2-Unbound	P 3	189	1-59:72-167	2017-02-08	SP2	Unbound	-92.94	-93.11	-79.02	-149.89	999.0	999.0	999.0	999.0	999.0	999.0	999.0	999.0	999.0	999.0	999.0	999.0	159.76	-72.07	-90.3	-52.76	-94.08	111.41	102.36	156.64	999.0	999.0	999.0	999.0	999.0	999.0	999.0	999.0	999.0	999.0	999.0	999.0	999.0	-37.8	-12.44	-9.36	138.32	-28.14	170.1	179.06	-170.98	171.21	999.0	999.0	999.0	999.0	999.0	999.0	999.0	999.0	999.0	999.0	999.0	999.0	999.0	-173.71	178.87	-178.03	170.02	MG,GDP	None	None	None	None	None	None	None	None	None	GDP	MG	None	None	None	None	XRAY	1.500	0.118	MGSSHHHHHHSSGLVPRGSHMTEYKLVVVGAVGVGKSALTIQLIQNHFVDEYDPTIEDSYRKQVVIDGETCLLDILDTAGQEEYSAMRDQYMRTGEGFLCVFAINNTKSFEDIHHYREQIKRVKDSEDVPMVLVGNKCDLPSRTVDTKQAQDLARSYGIPFIETSAKTRQGVDDAFYTLVREIRKHKEK	56,57,58,59,60,61,62,63,64,65,66,67,68,69,70,71,72,73,74,75,76	LDTA------------MRTGE	21.0	None	None	None	False	84.344	84.344	41.809	90.00	90.00	120.00	/Users/mitchellparker/Desktop/rascore_build/core/5uqwB_core.cif	/Users/mitchellparker/Desktop/rascore_build/rcsb/5uqw.cif.gz	/Users/mitchellparker/Desktop/rascore_build/renum/5uqw_renum.cif	/Users/mitchellparker/Desktop/rascore_build/rcsb_assembly/5uqw-assembly-2.cif.gz	/Users/mitchellparker/Desktop/rascore_build/renum_assembly/5uqw-assembly-2_renum.cif	/Users/mitchellparker/Desktop/rascore_build/sifts/5uqw.xml.gz
5vbeA	5vbe	0	A	Y32out.2P-OFF	Y32out	Disordered	H 3 2 (CF3)	Noise	BBBBE-----AAAAAAAAABA	GTPase HRas	RASH_HUMAN	P01112	M72C	M72	HRAS	2P	Other	SP2	SP2.Unclassified	None	Homodimer	SP2-Bound	H 3 2	171	1-61:65-166	2017-03-29	SP2	Bound	-93.69	-92.87	-78.1	-146.51	93.08	-150.18	999.0	999.0	999.0	133.57	-73.31	-49.55	-58.09	-57.75	-68.23	-70.21	-58.88	-68.89	-103.02	-53.66	-95.75	118.35	97.91	152.55	141.69	179.55	999.0	999.0	999.0	999.0	135.32	-56.24	-47.3	-51.56	-37.65	-47.9	-34.63	-45.29	-36.99	-6.57	136.12	-27.91	175.15	176.38	-174.62	176.99	174.16	177.57	999.0	999.0	999.0	999.0	173.91	-176.42	179.33	-178.93	-179.66	175.25	176.78	-177.84	-179.42	175.1	-179.05	GDP,92V,MG	None	92V:61,92,88,68,72,99,96,60,95,78	None	None	SP2	SP2.Unclassified	None	None	None	GDP	MG	92V	None	None	None	XRAY	1.570	0.178	GAMGSMTEYKLVVVGAGGVGKSALTIQLIQNHFVDEYDPTIEDSYRKQVVIDGETCLLDILDTAGQEEYSAMRDQYCRTGEGFLCVFAINNTKSFEDIHQYREQIKRVKDSDDVPMVLVGNKCDLAARTVESRQAQDLARSYGIPYIETSAKTRQGVEDAFYTLVREIRQH	56,57,58,59,60,61,62,63,64,65,66,67,68,69,70,71,72,73,74,75,76	LDTAGQ---SAMRDQYCRTGE	21.0	None	None	None	False	92.648	92.648	120.532	90.000	90.000	120.000	/Users/mitchellparker/Desktop/rascore_build/core/5vbeA_core.cif	/Users/mitchellparker/Desktop/rascore_build/rcsb/5vbe.cif.gz	/Users/mitchellparker/Desktop/rascore_build/renum/5vbe_renum.cif	/Users/mitchellparker/Desktop/rascore_build/rcsb_assembly/5vbe-assembly-1.cif.gz	/Users/mitchellparker/Desktop/rascore_build/renum_assembly/5vbe-assembly-1_renum.cif	/Users/mitchellparker/Desktop/rascore_build/sifts/5vbe.xml.gz
6dzhB	6dzh	0	B	Outlier	Y32out	Disordered	P 21 21 21 (CF17)	Noise	BBB--------------AABA	GTPase HRas	RASH_HUMAN	P01112	G13D	G13	HRAS	2P	G13D	None	None	None	None	Other-Unbound	P 21 21 21	166	1-59:72-166	2018-07-04	Other	Unbound	-102.24	-89.45	-102.94	-103.68	999.0	999.0	999.0	999.0	999.0	999.0	999.0	999.0	999.0	999.0	999.0	999.0	157.42	-74.47	-80.16	-65.17	-94.24	113.8	123.08	158.01	999.0	999.0	999.0	999.0	999.0	999.0	999.0	999.0	999.0	999.0	999.0	999.0	999.0	-15.27	-24.33	-7.73	138.29	-23.59	179.75	178.68	-173.6	179.53	999.0	999.0	999.0	999.0	999.0	999.0	999.0	999.0	999.0	999.0	999.0	999.0	999.0	-175.36	178.69	-173.23	-177.51	GDP,MG,MG,CA,DTT	None	None	None	None	None	None	None	None	None	GDP	MG	None	CA,DTT	None	None	XRAY	1.950	0.163	MTEYKLVVVGAGDVGKSALTIQLIQNHFVDEYDPTIEDSYRKQVVIDGETCLLDILDTAGQEEYSAMRDQYMRTGEGFLCVFAINNTKSFEDIHQYREQIKRVKDSDDVPMVLVGNKCDLAARTVESRQAQDLARSYGIPYIETSAKTRQGVEDAFYTLVREIRQH	56,57,58,59,60,61,62,63,64,65,66,67,68,69,70,71,72,73,74,75,76	LDTA------------MRTGE	21.0	None	None	None	False	60.571	71.410	94.861	90.000	90.000	90.000	/Users/mitchellparker/Desktop/rascore_build/core/6dzhB_core.cif	/Users/mitchellparker/Desktop/rascore_build/rcsb/6dzh.cif.gz	/Users/mitchellparker/Desktop/rascore_build/renum/6dzh_renum.cif	/Users/mitchellparker/Desktop/rascore_build/rcsb_assembly/6dzh-assembly-2.cif.gz	/Users/mitchellparker/Desktop/rascore_build/renum_assembly/6dzh-assembly-2_renum.cif	/Users/mitchellparker/Desktop/rascore_build/sifts/6dzh.xml.gz
6dzhC	6dzh	0	C	Disordered	Disordered	Disordered	P 21 21 21 (CF17)	Noise	BBBBBABB------AAAAABA	GTPase HRas	RASH_HUMAN	P01112	G13D	G13	HRAS	2P	G13D	None	None	None	Homodimer	Other-Unbound	P 21 21 21	166	1-29:39-64:69-166	2018-07-04	Other	Unbound	-88.74	-95.64	-90.32	-94.51	-63.2	-64.39	-80.57	179.68	-104.4	999.0	999.0	999.0	999.0	-167.13	-66.65	-57.58	-63.82	-62.37	-74.19	-64.29	-104.46	113.37	110.73	173.6	160.87	160.68	-39.12	69.81	-166.66	999.0	999.0	999.0	999.0	999.0	-173.11	-8.14	-24.98	-31.33	-35.13	-12.23	144.26	-22.07	170.61	179.23	-175.85	171.89	172.27	-179.07	178.26	166.02	179.71	999.0	999.0	999.0	999.0	999.0	178.43	174.02	-176.63	178.48	178.65	-174.2	174.35	GDP,MG,CA	None	None	None	None	None	None	None	None	None	GDP	MG	None	CA	None	None	XRAY	1.950	0.163	MTEYKLVVVGAGDVGKSALTIQLIQNHFVDEYDPTIEDSYRKQVVIDGETCLLDILDTAGQEEYSAMRDQYMRTGEGFLCVFAINNTKSFEDIHQYREQIKRVKDSDDVPMVLVGNKCDLAARTVESRQAQDLARSYGIPYIETSAKTRQGVEDAFYTLVREIRQH	56,57,58,59,60,61,62,63,64,65,66,67,68,69,70,71,72,73,74,75,76	LDTAGQEEY----DQYMRTGE	21.0	None	None	None	False	60.571	71.410	94.861	90.000	90.000	90.000	/Users/mitchellparker/Desktop/rascore_build/core/6dzhC_core.cif	/Users/mitchellparker/Desktop/rascore_build/rcsb/6dzh.cif.gz	/Users/mitchellparker/Desktop/rascore_build/renum/6dzh_renum.cif	/Users/mitchellparker/Desktop/rascore_build/rcsb_assembly/6dzh-assembly-2.cif.gz	/Users/mitchellparker/Desktop/rascore_build/renum_assembly/6dzh-assembly-2_renum.cif	/Users/mitchellparker/Desktop/rascore_build/sifts/6dzh.xml.gz
6pgoB	6pgo	0	B	Disordered	Disordered	Disordered	P 21 21 2 (CF2)	Noise	BB------------AAAAABA	GTPase KRas	RASK_HUMAN	P01116-2	G12C,C51S,C80L,C118S	G12,C51,C80,C118	KRAS	2P	G12C	None	None	None	None	Multiple-Unbound	P 21 21 2	183	1-31:39-58:69-169	2019-06-24	Multiple	Unbound	-101.93	-91.96	-151.6	999.0	999.0	999.0	999.0	999.0	999.0	999.0	999.0	999.0	999.0	-113.99	-56.3	-58.45	-72.94	-75.47	-79.2	-66.88	-92.33	128.1	128.07	999.0	999.0	999.0	999.0	999.0	999.0	999.0	999.0	999.0	999.0	999.0	-12.57	-44.11	-39.12	-28.49	-42.24	-23.47	137.75	-27.54	176.54	172.91	177.2	999.0	999.0	999.0	999.0	999.0	999.0	999.0	999.0	999.0	999.0	999.0	158.64	178.11	-177.42	176.91	-175.99	-176.97	178.58	MG,GDP	None	None	None	None	None	None	None	None	None	GDP	MG	None	None	None	None	XRAY	1.600	0.218	MKHHHHHHHDEVDGMTEYKLVVVGACGVGKSALTIQLIQNHFVDEYDPTIEDSYRKQVVIDGETSLLDILDTAGQEEYSAMRDQYMRTGEGFLLVFAINNTKSFEDIHHYREQIKRVKDSEDVPMVLVGNKSDLPSRTVDTKQAQDLARSYGIPFIETSAKTRQGVDDAFYTLVREIRKHKEK	56,57,58,59,60,61,62,63,64,65,66,67,68,69,70,71,72,73,74,75,76	LDT----------DQYMRTGE	21.0	None	None	None	False	79.565	106.329	33.736	90.00	90.00	90.00	/Users/mitchellparker/Desktop/rascore_build/core/6pgoB_core.cif	/Users/mitchellparker/Desktop/rascore_build/rcsb/6pgo.cif.gz	/Users/mitchellparker/Desktop/rascore_build/renum/6pgo_renum.cif	/Users/mitchellparker/Desktop/rascore_build/rcsb_assembly/6pgo-assembly-2.cif.gz	/Users/mitchellparker/Desktop/rascore_build/renum_assembly/6pgo-assembly-2_renum.cif	/Users/mitchellparker/Desktop/rascore_build/sifts/6pgo.xml.gz
7eyxA	7eyx	0	A	Disordered	Y32out	Disordered	P 21 21 21 (CF18)	Noise	BBABLBBAABAAAAAAAAABA	GTPase KRas	RASK_HUMAN	P01116-2	G12D	G12	KRAS	2P	G12D	None	None	None	None	SP2-Unbound	P 21 21 21	169	2-34:38-167	2021-06-01	SP2	Unbound	-109.2	-98.4	-84.62	-54.73	87.63	-69.41	-64.29	-53.87	-126.89	-81.7	-59.28	-71.73	-60.33	-63.38	-63.83	-52.35	-66.65	-65.98	-71.53	-76.82	-96.35	115.91	121.83	3.65	135.43	-18.53	139.42	159.44	-37.65	40.7	154.99	-36.84	-35.07	-42.96	-39.74	-45.37	-47.92	-36.27	-35.83	-26.95	145.74	-30.28	176.26	-176.3	-178.34	-176.47	176.97	175.19	178.11	-171.36	-174.96	-171.07	172.5	-177.6	173.21	178.05	177.62	173.77	-177.27	-178.89	-179.82	-171.05	173.33	GDP	None	None	None	None	None	None	None	None	None	GDP	None	None	None	None	None	XRAY	1.820	0.173	STEYKLVVVGADGVGKSALTIQLIQNHFVDEYDPTIEDSYRKQVVIDGETCLLDILDTAGQEEYSAMRDQYMRTGEGFLCVFAINNTKSFEDIHHYREQIKRVKDSEDVPMVLVGNKCDLPSRTVDTKQAQDLARSYGIPFIETSAKTRQGVDDAFYTLVREIRKHKEK	56,57,58,59,60,61,62,63,64,65,66,67,68,69,70,71,72,73,74,75,76	LDTAGQEEYSAMRDQYMRTGE	21.0	None	None	None	True	36.010	37.340	100.350	90.000	90.000	90.000	/Users/mitchellparker/Desktop/rascore_build/core/7eyxA_core.cif	/Users/mitchellparker/Desktop/rascore_build/rcsb/7eyx.cif.gz	/Users/mitchellparker/Desktop/rascore_build/renum/7eyx_renum.cif	/Users/mitchellparker/Desktop/rascore_build/rcsb_assembly/7eyx-assembly-1.cif.gz	/Users/mitchellparker/Desktop/rascore_build/renum_assembly/7eyx-assembly-1_renum.cif	/Users/mitchellparker/Desktop/rascore_build/sifts/7eyx.xml.gz
