pdb_id	pdb_code	modelid	chainid	SW1	Y32	Y71	crystal_form	cluster	rama	nn_dist	constraint_distance	prot_name	swiss_id	uniprot_id	mutation_status	mutation_position	gene_class	nucleotide_class	mutation_class	pharmacological_class	match_class	protein_class	interface_class	pocket_class	space_group	length	range	deposit_data	pocket_site	pocket_status	phi_1	phi_2	phi_3	phi_4	phi_5	phi_6	phi_7	phi_8	phi_9	phi_10	phi_11	phi_12	phi_13	phi_14	phi_15	phi_16	phi_17	phi_18	phi_19	phi_20	phi_21	psi_1	psi_2	psi_3	psi_4	psi_5	psi_6	psi_7	psi_8	psi_9	psi_10	psi_11	psi_12	psi_13	psi_14	psi_15	psi_16	psi_17	psi_18	psi_19	psi_20	psi_21	omega_1	omega_2	omega_3	omega_4	omega_5	omega_6	omega_7	omega_8	omega_9	omega_10	omega_11	omega_12	omega_13	omega_14	omega_15	omega_16	omega_17	omega_18	omega_19	omega_20	omega_21	edia_score	bound_ligand	bound_protein	bound_ligand_contacts	bound_protein_contacts	bound_protein_swiss_id	pharmacological_ligand_site	pharmarmacological_ligand_match	bound_protein_pfam	bound_protein_site	bound_protein_chainid	biological_ligand	ion_ligand	pharmacological_ligand	chemical_ligand	modification_ligand	membrane_ligand	method	resolution	r_factor	sequence	bb_resid	bb_seq	bb_length	sc_resid	sc_seq	sc_length	complete	length_a	length_b	length_c	angle_alpha	angle_beat	angle_gamma	core_path	rcsb_path	renum_path	rcsb_assembly_path	renum_assembly_path	sifts_path
1bkdR	1bkd	0	R	Outlier	Y32out	Y71out	I 4 2 2 (CF1)	Y71out.0P-GEF	BBABLAAABAAAAAAAAAABA	0.13	0.43	GTPase HRas	RASH_HUMAN	P01112	WT	WT	HRAS	0P	WT	None	None	GEF.CDC25	None	SP2-Unbound	I 4 2 2	166	1-166	1998-07-06	SP2	Unbound	-98.23	-131.07	-73.52	-46.63	100.01	-100.13	-54.52	-71.56	-81.46	-58.13	-69.43	-103.12	-61.88	-56.89	-55.0	-58.69	-63.42	-59.85	-62.4	-97.16	-115.32	114.88	88.44	28.0	135.61	-20.72	18.88	-28.75	-20.64	63.09	-42.67	0.11	-4.5	-46.88	-46.92	-55.99	-44.45	-33.29	-33.21	-25.35	162.44	-0.79	179.0	179.5	-178.98	179.18	-179.38	-179.43	179.93	-179.42	178.41	-178.46	-179.54	-178.37	-179.06	179.65	179.98	-179.74	-178.41	-178.88	-177.84	-176.9	178.72	Above 0.4	None	Son of sevenless homolog 1	None	S:60,13,63,64,65,66,70,67,73,69,102,103,40,54,56,55,71,37,61,59,58,57,34,32,17,21,30,25,31,68,95	SOS1_HUMAN	None	None	RasGEF	None	S	None	None	None	None	None	None	XRAY	2.800	0.222	MTEYKLVVVGAGGVGKSALTIQLIQNHFVDEYDPTIEDSYRKQVVIDGETCLLDILDTAGQEEYSAMRDQYMRTGEGFLCVFAINNTKSFEDIHQYREQIKRVKDSDDVPMVLVGNKCDLAARTVESRQAQDLARSYGIPYIETSAKTRQGVEDAFYTLVREIRQH	56,57,58,59,60,61,62,63,64,65,66,67,68,69,70,71,72,73,74,75,76	LDTAGQEEYSAMRDQYMRTGE	21.0	None	None	None	True	142.700	142.700	207.900	90.00	90.00	90.00	/Users/mitchellparker/Desktop/rascore_build/core/1bkdR_core.cif	/Users/mitchellparker/Desktop/rascore_build/rcsb/1bkd.cif.gz	/Users/mitchellparker/Desktop/rascore_build/renum/1bkd_renum.cif	/Users/mitchellparker/Desktop/rascore_build/rcsb_assembly/1bkd-assembly-1.cif.gz	/Users/mitchellparker/Desktop/rascore_build/renum_assembly/1bkd-assembly-1_renum.cif	/Users/mitchellparker/Desktop/rascore_build/sifts/1bkd.xml.gz
1nvuR	1nvu	0	R	Outlier	Y32out	Y71out	I 4 2 2 (CF2)	Y71out.0P-GEF	BBABLAAABAAAAAAAAAABA	0.04	0.4	GTPase HRas	RASH_HUMAN	P01112	A59G	A59	HRAS	0P	Other	None	None	GEF.CDC25	None	SP2-Unbound	I 4 2 2	166	1-166	2003-02-04	SP2	Unbound	-103.57	-118.08	-106.19	-57.5	100.81	-107.26	-54.25	-69.17	-82.04	-61.9	-81.66	-94.27	-58.17	-55.0	-60.29	-59.97	-66.85	-63.41	-70.25	-94.73	-99.72	112.6	118.28	31.4	137.92	-23.25	15.38	-31.04	-19.2	62.69	-23.43	-8.69	-4.11	-49.34	-48.7	-48.62	-42.66	-33.71	-22.77	-16.78	155.22	-27.76	177.98	177.84	178.2	178.12	-179.49	-179.62	-178.92	-178.98	178.24	-175.82	-179.63	178.77	-177.94	180.0	-179.43	179.01	-179.5	-178.54	179.27	-176.53	177.53	Above 0.4	PO4	Son of sevenless homolog 1	None	S:31,30,60,63,64,65,66,70,67,73,69,102,103,40,41,54,55,56,71,37,61,59,57,34,35,17,21,32,18,25,33,95,13,12	SOS1_HUMAN	None	None	RasGEF	None	S	None	None	None	PO4	None	None	XRAY	2.200	0.186	MTEYKLVVVGAGGVGKSALTIQLIQNHFVDEYDPTIEDSYRKQVVIDGETCLLDILDTGGQEEYSAMRDQYMRTGEGFLCVFAINNTKSFEDIHQYREQIKRVKDSDDVPMVLVGNKCDLAARTVESRQAQDLARSYGIPYIETSAKTRQGVEDAFYTLVREIRQH	56,57,58,59,60,61,62,63,64,65,66,67,68,69,70,71,72,73,74,75,76	LDTGGQEEYSAMRDQYMRTGE	21.0	None	None	None	True	183.312	183.312	178.509	90.00	90.00	90.00	/Users/mitchellparker/Desktop/rascore_build/core/1nvuR_core.cif	/Users/mitchellparker/Desktop/rascore_build/rcsb/1nvu.cif.gz	/Users/mitchellparker/Desktop/rascore_build/renum/1nvu_renum.cif	/Users/mitchellparker/Desktop/rascore_build/rcsb_assembly/1nvu-assembly-1.cif.gz	/Users/mitchellparker/Desktop/rascore_build/renum_assembly/1nvu-assembly-1_renum.cif	/Users/mitchellparker/Desktop/rascore_build/sifts/1nvu.xml.gz
1nvvR	1nvv	0	R	Outlier	Y32out	Y71out	I 4 2 2 (CF2)	Y71out.0P-GEF	BBABLAAABAAAAAAAAAABA	0.07	0.52	GTPase HRas	RASH_HUMAN	P01112	WT	WT	HRAS	0P	WT	None	None	GEF.CDC25	None	SP2-Unbound	I 4 2 2	166	1-166	2003-02-04	SP2	Unbound	-93.36	-122.12	-115.8	-56.05	95.43	-108.07	-53.23	-64.82	-82.8	-62.75	-77.77	-89.58	-55.27	-52.43	-61.07	-63.37	-80.82	-54.56	-78.05	-75.12	-100.82	95.71	119.77	37.41	140.62	-12.65	13.11	-32.28	-20.66	65.81	-26.73	-12.79	-7.13	-50.88	-49.46	-44.91	-33.04	-35.19	-29.49	-18.44	149.61	-28.25	178.89	-179.5	-179.69	179.71	-178.42	-179.09	-178.76	-179.85	178.26	-177.55	179.69	178.89	-178.49	-178.67	-179.85	179.28	-177.68	-176.01	-179.01	-179.96	179.23	Above 0.4	PO4	Son of sevenless homolog 1	None	S:31,30,60,63,64,65,66,70,67,73,69,102,103,41,40,54,55,56,71,61,59,58,34,21,32,17,57,18,25,33,95,35	SOS1_HUMAN	None	None	RasGEF	None	S	None	None	None	PO4	None	None	XRAY	2.180	0.208	MTEYKLVVVGAGGVGKSALTIQLIQNHFVDEYDPTIEDSYRKQVVIDGETCLLDILDTAGQEEYSAMRDQYMRTGEGFLCVFAINNTKSFEDIHQYREQIKRVKDSDDVPMVLVGNKCDLAARTVESRQAQDLARSYGIPYIETSAKTRQGVEDAFYTLVREIRQH	56,57,58,59,60,61,62,63,64,65,66,67,68,69,70,71,72,73,74,75,76	LDTAGQEEYSAMRDQYMRTGE	21.0	None	None	None	True	184.163	184.163	179.076	90.00	90.00	90.00	/Users/mitchellparker/Desktop/rascore_build/core/1nvvR_core.cif	/Users/mitchellparker/Desktop/rascore_build/rcsb/1nvv.cif.gz	/Users/mitchellparker/Desktop/rascore_build/renum/1nvv_renum.cif	/Users/mitchellparker/Desktop/rascore_build/rcsb_assembly/1nvv-assembly-4.cif.gz	/Users/mitchellparker/Desktop/rascore_build/renum_assembly/1nvv-assembly-4_renum.cif	/Users/mitchellparker/Desktop/rascore_build/sifts/1nvv.xml.gz
1nvwR	1nvw	0	R	Outlier	Y32out	Y71out	I 4 2 2 (CF2)	Y71out.0P-GEF	BBABLAAABAAAAAAAAAABA	0.08	0.48	GTPase HRas	RASH_HUMAN	P01112	WT	WT	HRAS	0P	WT	None	None	GEF.CDC25	None	SP2-Unbound	I 4 2 2	166	1-166	2003-02-04	SP2	Unbound	-97.03	-107.41	-120.61	-44.56	90.83	-97.6	-50.18	-59.07	-81.56	-61.12	-87.72	-93.69	-59.85	-55.51	-54.38	-56.49	-69.62	-38.07	-78.9	-66.85	-103.99	93.39	126.12	22.19	144.06	-23.81	16.91	-42.34	-25.21	62.44	-21.8	-6.87	-1.39	-48.49	-48.94	-52.58	-42.57	-49.24	-39.3	-14.75	146.71	-21.26	179.43	179.78	179.28	-179.89	179.8	-178.99	-178.85	-178.77	178.44	-177.12	-179.02	178.41	-177.78	-178.53	-179.92	179.88	-178.29	-176.28	179.99	179.74	178.84	Above 0.4	PO4	Son of sevenless homolog 1	None	S:31,30,60,63,64,65,66,70,67,73,69,102,103,41,40,54,55,71,37,61,59,58,34,35,21,32,57,17,18,25,33,95	SOS1_HUMAN	None	None	RasGEF	None	S	None	None	None	PO4	None	None	XRAY	2.700	0.209	MTEYKLVVVGAGGVGKSALTIQLIQNHFVDEYDPTIEDSYRKQVVIDGETCLLDILDTAGQEEYSAMRDQYMRTGEGFLCVFAINNTKSFEDIHQYREQIKRVKDSDDVPMVLVGNKCDLAARTVESRQAQDLARSYGIPYIETSAKTRQGVEDAFYTLVREIRQH	56,57,58,59,60,61,62,63,64,65,66,67,68,69,70,71,72,73,74,75,76	LDTAGQEEYSAMRDQYMRTGE	21.0	None	None	None	True	184.046	184.046	178.943	90.00	90.00	90.00	/Users/mitchellparker/Desktop/rascore_build/core/1nvwR_core.cif	/Users/mitchellparker/Desktop/rascore_build/rcsb/1nvw.cif.gz	/Users/mitchellparker/Desktop/rascore_build/renum/1nvw_renum.cif	/Users/mitchellparker/Desktop/rascore_build/rcsb_assembly/1nvw-assembly-3.cif.gz	/Users/mitchellparker/Desktop/rascore_build/renum_assembly/1nvw-assembly-3_renum.cif	/Users/mitchellparker/Desktop/rascore_build/sifts/1nvw.xml.gz
1nvxR	1nvx	0	R	Outlier	Y32out	Y71out	I 4 2 2 (CF3)	Y71out.0P-GEF	BBABLAAABAAAAAAAAAABA	0.07	0.32	GTPase HRas	RASH_HUMAN	P01112	A59G	A59	HRAS	0P	Other	None	None	GEF.CDC25	None	SP2-Unbound	I 4 2 2	166	1-166	2003-02-04	SP2	Unbound	-102.41	-119.1	-108.74	-51.71	91.38	-102.36	-52.41	-62.74	-85.12	-47.48	-67.33	-93.65	-60.41	-48.94	-62.32	-53.19	-60.15	-57.53	-67.06	-106.07	-92.7	106.4	118.27	36.54	139.04	-15.02	16.84	-39.7	-18.58	54.39	-35.64	-16.08	5.08	-57.65	-43.48	-56.98	-47.59	-43.47	-30.68	-1.3	146.25	-35.61	179.14	177.61	179.89	179.16	179.65	-179.89	-178.98	-178.82	179.01	-177.4	-179.22	179.23	-178.07	-179.03	179.57	-179.77	-178.97	-178.84	179.78	-176.6	178.9	Above 0.4	PO4	Son of sevenless homolog 1	None	S:31,30,60,63,64,65,66,70,67,73,69,102,103,40,41,54,55,71,37,61,59,58,57,34,35,17,32,21,147,18,25,33,95	SOS1_HUMAN	None	None	RasGEF	None	S	None	None	None	PO4	None	None	XRAY	3.200	0.223	MTEYKLVVVGAGGVGKSALTIQLIQNHFVDEYDPTIEDSYRKQVVIDGETCLLDILDTGGQEEYSAMRDQYMRTGEGFLCVFAINNTKSFEDIHQYREQIKRVKDSDDVPMVLVGNKCDLAARTVESRQAQDLARSYGIPYIETSAKTRQGVEDAFYTLVREIRQH	56,57,58,59,60,61,62,63,64,65,66,67,68,69,70,71,72,73,74,75,76	LDTGGQEEYSAMRDQYMRTGE	21.0	None	None	None	True	175.206	175.206	234.128	90.00	90.00	90.00	/Users/mitchellparker/Desktop/rascore_build/core/1nvxR_core.cif	/Users/mitchellparker/Desktop/rascore_build/rcsb/1nvx.cif.gz	/Users/mitchellparker/Desktop/rascore_build/renum/1nvx_renum.cif	/Users/mitchellparker/Desktop/rascore_build/rcsb_assembly/1nvx-assembly-1.cif.gz	/Users/mitchellparker/Desktop/rascore_build/renum_assembly/1nvx-assembly-1_renum.cif	/Users/mitchellparker/Desktop/rascore_build/sifts/1nvx.xml.gz
1xd2B	1xd2	0	B	Outlier	Y32out	Y71out	I 4 2 2 (CF2)	Y71out.0P-GEF	BBABLAAABAAAAAAAAAABA	0.07	0.5	GTPase HRas	RASH_HUMAN	P01112	WT	WT	HRAS	0P	WT	None	None	GEF.CDC25	None	SP2-Unbound	I 4 2 2	166	1-166	2004-09-03	SP2	Unbound	-93.66	-118.02	-121.09	-52.22	92.84	-101.81	-53.84	-58.82	-79.97	-47.38	-75.5	-98.26	-52.87	-51.36	-58.51	-58.84	-73.49	-56.07	-76.87	-74.16	-105.89	95.17	125.3	37.29	144.66	-20.57	16.04	-42.96	-21.68	53.99	-36.38	-3.96	-8.36	-54.32	-45.24	-52.07	-38.78	-34.52	-34.38	-14.89	151.07	-32.72	178.91	-179.09	-179.64	178.72	179.47	-178.98	-178.76	-178.87	179.14	-178.74	-179.58	179.6	-179.22	179.6	-179.86	-179.34	-179.3	-176.38	-178.65	-179.83	179.73	Above 0.4	PO4	Son of sevenless homolog 1	None	C:31,30,60,63,64,65,66,70,67,73,69,102,103,41,40,54,56,55,71,37,61,59,58,34,35,17,32,21,57,18,25,33,95,105	SOS1_HUMAN	None	None	RasGEF	None	C	None	None	None	PO4	None	None	XRAY	2.700	0.212	MTEYKLVVVGAGGVGKSALTIQLIQNHFVDEYDPTIEDSYRKQVVIDGETCLLDILDTAGQEEYSAMRDQYMRTGEGFLCVFAINNTKSFEDIHQYREQIKRVKDSDDVPMVLVGNKCDLAARTVESRQAQDLARSYGIPYIETSAKTRQGVEDAFYTLVREIRQH	56,57,58,59,60,61,62,63,64,65,66,67,68,69,70,71,72,73,74,75,76	LDTAGQEEYSAMRDQYMRTGE	21.0	None	None	None	True	183.703	183.703	177.804	90.00	90.00	90.00	/Users/mitchellparker/Desktop/rascore_build/core/1xd2B_core.cif	/Users/mitchellparker/Desktop/rascore_build/rcsb/1xd2.cif.gz	/Users/mitchellparker/Desktop/rascore_build/renum/1xd2_renum.cif	/Users/mitchellparker/Desktop/rascore_build/rcsb_assembly/1xd2-assembly-1.cif.gz	/Users/mitchellparker/Desktop/rascore_build/renum_assembly/1xd2-assembly-1_renum.cif	/Users/mitchellparker/Desktop/rascore_build/sifts/1xd2.xml.gz
4nyiR	4nyi	0	R	Outlier	Y32out	Y71out	I 4 2 2 (CF2)	Y71out.0P-GEF	BBABLAAABAAAAAAAAAABA	0.05	0.31	GTPase HRas	RASH_HUMAN	P01112	WT	WT	HRAS	0P	WT	None	None	GEF.CDC25	None	SP2-Unbound	I 4 2 2	167	1-166	2013-12-10	SP2	Unbound	-94.5	-121.19	-93.79	-49.26	107.48	-106.54	-60.4	-70.49	-81.37	-71.75	-83.89	-91.19	-65.06	-54.51	-55.7	-65.22	-64.31	-57.4	-71.45	-119.53	-88.34	105.16	107.01	30.75	129.6	-14.92	21.93	-32.28	-20.58	68.6	-22.02	-6.79	-1.67	-47.27	-45.01	-50.3	-43.67	-38.0	-31.2	-6.67	150.19	-33.18	170.64	174.96	-175.83	-178.31	179.41	-177.69	-174.99	-176.96	174.35	-168.61	178.48	178.23	-175.93	175.15	179.93	-179.27	-177.55	-176.48	-176.4	-168.46	178.92	Above 0.4	None	Son of sevenless homolog 1	None	S:31,60,13,63,64,66,65,70,67,73,69,102,103,40,54,56,55,71,37,61,59,58,57,34,21,17,18,32,27,25,30,95,105,74	SOS1_HUMAN	None	None	RasGEF	None	S	None	None	None	None	None	None	XRAY	2.961	0.167	GMTEYKLVVVGAGGVGKSALTIQLIQNHFVDEYDPTIEDSYRKQVVIDGETCLLDILDTAGQEEYSAMRDQYMRTGEGFLCVFAINNTKSFEDIHQYREQIKRVKDSDDVPMVLVGNKCDLAARTVESRQAQDLARSYGIPYIETSAKTRQGVEDAFYTLVREIRQH	56,57,58,59,60,61,62,63,64,65,66,67,68,69,70,71,72,73,74,75,76	LDTAGQEEYSAMRDQYMRTGE	21.0	None	None	None	True	183.285	183.285	177.860	90.00	90.00	90.00	/Users/mitchellparker/Desktop/rascore_build/core/4nyiR_core.cif	/Users/mitchellparker/Desktop/rascore_build/rcsb/4nyi.cif.gz	/Users/mitchellparker/Desktop/rascore_build/renum/4nyi_renum.cif	/Users/mitchellparker/Desktop/rascore_build/rcsb_assembly/4nyi-assembly-1.cif.gz	/Users/mitchellparker/Desktop/rascore_build/renum_assembly/4nyi-assembly-1_renum.cif	/Users/mitchellparker/Desktop/rascore_build/sifts/4nyi.xml.gz
4nyjR	4nyj	0	R	Outlier	Y32out	Y71out	I 4 2 2 (CF2)	Y71out.0P-GEF	BBABLAAABAAAAAAAAAABA	0.04	0.26	GTPase HRas	RASH_HUMAN	P01112	WT	WT	HRAS	0P	WT	None	None	GEF.CDC25	None	SP2-Unbound	I 4 2 2	166	1-166	2013-12-10	SP2	Unbound	-89.83	-122.56	-97.17	-51.52	99.67	-98.61	-56.98	-76.93	-76.5	-76.78	-89.42	-99.49	-59.98	-54.31	-64.29	-68.53	-69.26	-66.45	-77.97	-109.61	-91.87	108.62	106.11	31.28	140.72	-24.92	16.55	-29.26	-16.55	69.09	-15.21	2.26	-5.89	-45.5	-44.75	-44.3	-40.25	-32.96	-18.55	-12.85	147.39	-15.95	169.33	174.27	-175.47	178.76	-176.37	-177.45	-173.86	-179.92	168.17	-167.49	179.8	176.3	-177.74	179.77	-178.31	179.81	-176.11	-172.46	-177.22	-166.52	179.28	Above 0.4	None	Son of sevenless homolog 1	None	S:31,60,13,64,63,65,66,70,67,73,69,103,40,54,56,55,71,61,59,58,57,34,35,17,32,21,25,30,68,95,102,105	SOS1_HUMAN	None	None	RasGEF	None	S	None	None	None	None	None	None	XRAY	2.852	0.157	MTEYKLVVVGAGGVGKSALTIQLIQNHFVDEYDPTIEDSYRKQVVIDGETCLLDILDTAGQEEYSAMRDQYMRTGEGFLCVFAINNTKSFEDIHQYREQIKRVKDSDDVPMVLVGNKCDLAARTVESRQAQDLARSYGIPYIETSAKTRQGVEDAFYTLVREIRQH	56,57,58,59,60,61,62,63,64,65,66,67,68,69,70,71,72,73,74,75,76	LDTAGQEEYSAMRDQYMRTGE	21.0	None	None	None	True	185.338	185.338	179.535	90.00	90.00	90.00	/Users/mitchellparker/Desktop/rascore_build/core/4nyjR_core.cif	/Users/mitchellparker/Desktop/rascore_build/rcsb/4nyj.cif.gz	/Users/mitchellparker/Desktop/rascore_build/renum/4nyj_renum.cif	/Users/mitchellparker/Desktop/rascore_build/rcsb_assembly/4nyj-assembly-1.cif.gz	/Users/mitchellparker/Desktop/rascore_build/renum_assembly/4nyj-assembly-1_renum.cif	/Users/mitchellparker/Desktop/rascore_build/sifts/4nyj.xml.gz
4nymR	4nym	0	R	Outlier	Y32out	Y71out	I 4 2 2 (CF2)	Noise	BBABLAAABAAAAAAAAAABA	0.6	1.94	GTPase HRas	RASH_HUMAN	P01112	WT	WT	HRAS	0P	WT	None	None	GEF.CDC25	None	SP2-Unbound	I 4 2 2	166	1-166	2013-12-10	SP2	Unbound	-97.25	-119.37	-91.87	-53.29	94.17	-92.76	-70.78	-75.92	-72.33	-89.63	-75.3	-88.14	-59.99	-63.87	-56.79	-67.64	-62.5	-55.3	-73.86	-108.06	-89.04	112.37	107.55	29.79	139.1	-28.5	22.54	-22.19	-26.2	74.83	-2.13	-34.46	-2.11	-37.86	-49.85	-46.97	-46.59	-38.8	-26.97	4.24	143.85	-40.9	176.59	171.37	-175.04	-175.93	-175.41	-176.37	-167.7	176.35	171.07	-172.33	177.94	-167.9	178.54	178.51	178.55	179.98	-179.03	-172.89	-177.01	-170.46	174.51	Above 0.4	None	Son of sevenless homolog 1	None	S:60,13,63,64,66,65,67,70,73,69,102,103,41,37,40,54,55,71,61,59,58,57,34,21,17,18,15,32,25,30,33,31,68,95,105	SOS1_HUMAN	None	None	RasGEF	None	S	None	None	None	None	None	None	XRAY	3.553	0.161	MTEYKLVVVGAGGVGKSALTIQLIQNHFVDEYDPTIEDSYRKQVVIDGETCLLDILDTAGQEEYSAMRDQYMRTGEGFLCVFAINNTKSFEDIHQYREQIKRVKDSDDVPMVLVGNKCDLAARTVESRQAQDLARSYGIPYIETSAKTRQGVEDAFYTLVREIRQH	56,57,58,59,60,61,62,63,64,65,66,67,68,69,70,71,72,73,74,75,76	LDTAGQEEYSAMRDQYMRTGE	21.0	None	None	None	True	186.805	186.805	178.684	90.00	90.00	90.00	/Users/mitchellparker/Desktop/rascore_build/core/4nymR_core.cif	/Users/mitchellparker/Desktop/rascore_build/rcsb/4nym.cif.gz	/Users/mitchellparker/Desktop/rascore_build/renum/4nym_renum.cif	/Users/mitchellparker/Desktop/rascore_build/rcsb_assembly/4nym-assembly-1.cif.gz	/Users/mitchellparker/Desktop/rascore_build/renum_assembly/4nym-assembly-1_renum.cif	/Users/mitchellparker/Desktop/rascore_build/sifts/4nym.xml.gz
4uruR	4uru	0	R	Outlier	Y32out	Y71out	I 4 2 2 (CF1)	Y71out.0P-GEF	BBABLAAABAAAAAAAAAABA	0.05	0.37	GTPase HRas	RASH_HUMAN	P01112	WT	WT	HRAS	0P	WT	None	None	GEF.CDC25	None	SP2-Unbound	I 4 2 2	185	1-166	2014-07-02	SP2	Unbound	-104.56	-126.75	-91.56	-37.27	104.73	-104.49	-55.83	-66.84	-84.34	-66.83	-75.65	-92.85	-56.53	-47.92	-55.68	-52.06	-63.31	-67.29	-73.6	-86.82	-84.83	113.5	107.27	26.94	125.42	-19.51	22.22	-36.17	-20.01	66.68	-28.56	-6.24	-7.4	-55.45	-51.23	-61.66	-46.28	-36.46	-17.23	-17.75	144.16	-42.98	173.02	175.52	-179.1	173.2	-179.41	-178.58	179.34	177.69	176.29	-175.67	178.68	175.32	-179.84	-178.71	177.23	178.06	179.13	-177.24	179.75	-174.44	171.51	Above 0.4	None	Son of sevenless homolog 1	None	S:60,13,63,64,65,66,70,67,73,69,102,103,40,54,55,71,61,59,58,57,34,32,21,17,15,30,25,31,68,95,105,56	SOS1_HUMAN	None	None	RasGEF	None	S	None	None	None	None	None	None	XRAY	2.830	0.192	MHHHHHHGGGENLYFQGSHMTEYKLVVVGAGGVGKSALTIQLIQNHFVDEYDPTIEDSYRKQVVIDGETCLLDILDTAGQEEYSAMRDQYMRTGEGFLCVFAINNTKSFEDIHQYREQIKRVKDSDDVPMVLVGNKCDLAARTVESRQAQDLARSYGIPYIETSAKTRQGVEDAFYTLVREIRQH	56,57,58,59,60,61,62,63,64,65,66,67,68,69,70,71,72,73,74,75,76	LDTAGQEEYSAMRDQYMRTGE	21.0	None	None	None	True	149.282	149.282	200.517	90.00	90.00	90.00	/Users/mitchellparker/Desktop/rascore_build/core/4uruR_core.cif	/Users/mitchellparker/Desktop/rascore_build/rcsb/4uru.cif.gz	/Users/mitchellparker/Desktop/rascore_build/renum/4uru_renum.cif	/Users/mitchellparker/Desktop/rascore_build/rcsb_assembly/4uru-assembly-1.cif.gz	/Users/mitchellparker/Desktop/rascore_build/renum_assembly/4uru-assembly-1_renum.cif	/Users/mitchellparker/Desktop/rascore_build/sifts/4uru.xml.gz
4urvR	4urv	0	R	Outlier	Y32out	Y71out	I 4 2 2 (CF1)	Y71out.0P-GEF	BBABLAAABAAAAAAAAAABA	0.02	0.32	GTPase HRas	RASH_HUMAN	P01112	WT	WT	HRAS	0P	WT	None	None	GEF.CDC25	None	SP2-Unbound	I 4 2 2	185	1-166	2014-07-02	SP2	Unbound	-101.97	-127.46	-92.89	-47.59	109.35	-102.71	-63.82	-68.87	-85.19	-63.59	-84.28	-98.37	-65.51	-57.76	-48.78	-61.65	-61.87	-65.36	-69.05	-86.83	-97.34	116.43	108.69	31.23	120.68	-17.92	28.48	-32.43	-19.29	63.61	-24.9	0.36	2.95	-46.58	-50.71	-57.31	-46.35	-34.76	-20.01	-25.29	148.09	-30.73	175.14	175.5	179.18	177.36	-177.74	-179.95	-178.02	175.86	175.29	-176.28	176.96	174.6	-179.46	-176.78	176.22	178.98	179.14	-179.48	178.52	-174.96	170.67	Above 0.4	FMT	Son of sevenless homolog 1	None	S:60,13,63,64,65,66,70,67,73,69,102,103,40,56,54,55,71,61,59,58,57,34,32,21,17,15,30,25,31,68,95,105,12,74	SOS1_HUMAN	None	None	RasGEF	None	S	None	None	None	FMT	None	None	XRAY	2.580	0.195	MHHHHHHGGGENLYFQGSHMTEYKLVVVGAGGVGKSALTIQLIQNHFVDEYDPTIEDSYRKQVVIDGETCLLDILDTAGQEEYSAMRDQYMRTGEGFLCVFAINNTKSFEDIHQYREQIKRVKDSDDVPMVLVGNKCDLAARTVESRQAQDLARSYGIPYIETSAKTRQGVEDAFYTLVREIRQH	56,57,58,59,60,61,62,63,64,65,66,67,68,69,70,71,72,73,74,75,76	LDTAGQEEYSAMRDQYMRTGE	21.0	None	None	None	True	149.900	149.900	200.200	90.00	90.00	90.00	/Users/mitchellparker/Desktop/rascore_build/core/4urvR_core.cif	/Users/mitchellparker/Desktop/rascore_build/rcsb/4urv.cif.gz	/Users/mitchellparker/Desktop/rascore_build/renum/4urv_renum.cif	/Users/mitchellparker/Desktop/rascore_build/rcsb_assembly/4urv-assembly-1.cif.gz	/Users/mitchellparker/Desktop/rascore_build/renum_assembly/4urv-assembly-1_renum.cif	/Users/mitchellparker/Desktop/rascore_build/sifts/4urv.xml.gz
4urwR	4urw	0	R	Outlier	Y32out	Y71out	I 4 2 2 (CF1)	Y71out.0P-GEF	BBABLAAABAAAAAAAAAABA	0.03	0.3	GTPase HRas	RASH_HUMAN	P01112	WT	WT	HRAS	0P	WT	None	None	GEF.CDC25	None	SP2-Unbound	I 4 2 2	185	1-166	2014-07-02	SP2	Unbound	-97.57	-128.13	-91.6	-45.17	108.58	-99.08	-69.16	-68.71	-83.34	-60.55	-83.09	-92.95	-54.99	-61.65	-52.12	-66.9	-59.77	-52.94	-75.73	-99.64	-99.34	115.17	106.28	29.77	123.01	-22.51	31.52	-29.64	-19.52	62.5	-26.84	-2.86	-9.32	-44.04	-44.53	-53.76	-48.1	-41.49	-25.99	-16.17	156.8	-36.62	173.98	177.49	-179.44	177.58	-179.56	-178.5	-177.17	176.49	175.81	-175.52	179.67	175.09	-179.61	179.34	175.2	-178.05	179.88	179.31	-179.21	-175.37	172.34	Above 0.4	None	Son of sevenless homolog 1	None	S:31,60,13,63,64,65,66,70,67,73,69,102,103,40,56,54,55,71,61,59,58,57,34,35,32,21,17,15,30,25,33,68,95,105,74	SOS1_HUMAN	None	None	RasGEF	None	S	None	None	None	None	None	None	XRAY	2.760	0.184	MHHHHHHGGGENLYFQGSHMTEYKLVVVGAGGVGKSALTIQLIQNHFVDEYDPTIEDSYRKQVVIDGETCLLDILDTAGQEEYSAMRDQYMRTGEGFLCVFAINNTKSFEDIHQYREQIKRVKDSDDVPMVLVGNKCDLAARTVESRQAQDLARSYGIPYIETSAKTRQGVEDAFYTLVREIRQH	56,57,58,59,60,61,62,63,64,65,66,67,68,69,70,71,72,73,74,75,76	LDTAGQEEYSAMRDQYMRTGE	21.0	None	None	None	True	149.411	149.411	200.344	90.00	90.00	90.00	/Users/mitchellparker/Desktop/rascore_build/core/4urwR_core.cif	/Users/mitchellparker/Desktop/rascore_build/rcsb/4urw.cif.gz	/Users/mitchellparker/Desktop/rascore_build/renum/4urw_renum.cif	/Users/mitchellparker/Desktop/rascore_build/rcsb_assembly/4urw-assembly-1.cif.gz	/Users/mitchellparker/Desktop/rascore_build/renum_assembly/4urw-assembly-1_renum.cif	/Users/mitchellparker/Desktop/rascore_build/sifts/4urw.xml.gz
4urxR	4urx	0	R	Outlier	Y32out	Y71out	I 4 2 2 (CF1)	Y71out.0P-GEF	BBABLAAABAAAAAAAAAABA	0.02	0.29	GTPase HRas	RASH_HUMAN	P01112	WT	WT	HRAS	0P	WT	None	None	GEF.CDC25	None	SP2-Unbound	I 4 2 2	185	1-166	2014-07-02	SP2	Unbound	-98.64	-130.65	-97.44	-44.27	108.56	-104.83	-57.82	-68.59	-81.69	-62.82	-77.87	-97.14	-61.83	-56.53	-54.51	-65.26	-67.94	-59.98	-66.25	-90.31	-94.29	115.85	109.45	26.7	124.62	-16.42	20.69	-35.36	-20.9	62.84	-27.88	-4.31	-1.95	-47.27	-47.51	-50.87	-41.35	-39.85	-21.08	-24.72	148.38	-34.3	176.13	176.06	-179.61	175.22	-177.39	-179.71	-179.88	176.32	173.94	-176.38	177.84	176.93	-179.62	-178.91	177.89	-179.7	-179.94	179.84	177.02	-174.72	170.53	Above 0.4	None	Son of sevenless homolog 1	None	S:60,13,63,64,65,66,70,67,73,69,102,103,40,56,54,55,71,61,59,58,57,34,35,32,21,17,15,30,25,31,68,105,12,74	SOS1_HUMAN	None	None	RasGEF	None	S	None	None	None	None	None	None	XRAY	2.490	0.195	MHHHHHHGGGENLYFQGSHMTEYKLVVVGAGGVGKSALTIQLIQNHFVDEYDPTIEDSYRKQVVIDGETCLLDILDTAGQEEYSAMRDQYMRTGEGFLCVFAINNTKSFEDIHQYREQIKRVKDSDDVPMVLVGNKCDLAARTVESRQAQDLARSYGIPYIETSAKTRQGVEDAFYTLVREIRQH	56,57,58,59,60,61,62,63,64,65,66,67,68,69,70,71,72,73,74,75,76	LDTAGQEEYSAMRDQYMRTGE	21.0	None	None	None	True	149.874	149.874	199.701	90.00	90.00	90.00	/Users/mitchellparker/Desktop/rascore_build/core/4urxR_core.cif	/Users/mitchellparker/Desktop/rascore_build/rcsb/4urx.cif.gz	/Users/mitchellparker/Desktop/rascore_build/renum/4urx_renum.cif	/Users/mitchellparker/Desktop/rascore_build/rcsb_assembly/4urx-assembly-1.cif.gz	/Users/mitchellparker/Desktop/rascore_build/renum_assembly/4urx-assembly-1_renum.cif	/Users/mitchellparker/Desktop/rascore_build/sifts/4urx.xml.gz
4uryR	4ury	0	R	Outlier	Y32out	Y71out	I 4 2 2 (CF1)	Y71out.0P-GEF	BBABLAAABAAAAAAAAAABA	0.19	0.78	GTPase HRas	RASH_HUMAN	P01112	WT	WT	HRAS	0P	WT	SP12	SP12.Unclassified	GEF.CDC25	None	SP12-Bound	I 4 2 2	185	1-166	2014-07-02	SP12	Bound	-102.17	-127.81	-93.95	-46.38	102.93	-107.13	-62.76	-66.94	-81.25	-68.76	-90.67	-105.38	-66.13	-57.48	-60.57	-64.66	-62.25	-64.35	-72.16	-50.21	-88.78	114.57	107.91	30.49	125.82	-10.3	24.66	-31.06	-22.43	66.31	-18.04	6.78	-3.44	-40.06	-39.79	-46.16	-50.3	-34.51	-39.73	-39.86	133.91	-32.41	174.86	176.07	-179.73	179.72	-177.78	179.81	-177.96	177.06	174.93	-175.74	176.56	178.61	-175.93	-177.38	178.33	177.79	-177.28	-177.18	179.77	-178.43	178.06	Above 0.4	RV1	Son of sevenless homolog 1	RV1:56,5,54,6,74,71,7	S:60,13,63,64,65,66,70,67,73,69,102,103,40,56,54,55,71,61,59,58,57,34,32,21,17,30,25,31,68,95,105	SOS1_HUMAN	SP12	SP12.Unclassified	RasGEF	None	S	None	None	RV1	None	None	None	XRAY	2.470	0.194	MHHHHHHGGGENLYFQGSHMTEYKLVVVGAGGVGKSALTIQLIQNHFVDEYDPTIEDSYRKQVVIDGETCLLDILDTAGQEEYSAMRDQYMRTGEGFLCVFAINNTKSFEDIHQYREQIKRVKDSDDVPMVLVGNKCDLAARTVESRQAQDLARSYGIPYIETSAKTRQGVEDAFYTLVREIRQH	56,57,58,59,60,61,62,63,64,65,66,67,68,69,70,71,72,73,74,75,76	LDTAGQEEYSAMRDQYMRTGE	21.0	None	None	None	True	149.679	149.679	200.175	90.00	90.00	90.00	/Users/mitchellparker/Desktop/rascore_build/core/4uryR_core.cif	/Users/mitchellparker/Desktop/rascore_build/rcsb/4ury.cif.gz	/Users/mitchellparker/Desktop/rascore_build/renum/4ury_renum.cif	/Users/mitchellparker/Desktop/rascore_build/rcsb_assembly/4ury-assembly-1.cif.gz	/Users/mitchellparker/Desktop/rascore_build/renum_assembly/4ury-assembly-1_renum.cif	/Users/mitchellparker/Desktop/rascore_build/sifts/4ury.xml.gz
4us0R	4us0	0	R	Outlier	Y32out	Y71out	I 4 2 2 (CF1)	Y71out.0P-GEF	BBABLAAABAAAAAAAAAABA	0.02	0.31	GTPase HRas	RASH_HUMAN	P01112	WT	WT	HRAS	0P	WT	Other	Other	GEF.CDC25	None	Other-Bound	I 4 2 2	185	1-166	2014-07-02	Other	Bound	-99.03	-130.9	-93.09	-45.3	106.91	-104.94	-61.65	-66.53	-81.22	-69.8	-81.15	-96.16	-59.43	-62.52	-55.41	-64.37	-58.0	-64.49	-72.36	-91.62	-97.47	116.28	107.31	27.25	127.83	-18.36	22.19	-32.62	-23.58	66.98	-24.67	-1.46	-4.4	-41.79	-44.32	-53.05	-47.01	-38.95	-18.47	-17.81	150.71	-33.21	175.39	175.09	-179.33	178.81	-177.48	-178.21	-178.61	178.07	173.7	-173.43	177.61	174.86	-177.1	-179.51	176.69	179.87	178.83	-176.59	175.75	-174.81	170.68	Above 0.4	NEQ	Son of sevenless homolog 1	NEQ:14,118,119,15,85,13	S:60,13,63,64,65,66,70,67,73,69,102,103,40,56,54,55,71,61,59,58,57,34,35,21,17,32,31,30,68,95,105,86,12,74	SOS1_HUMAN	Base Site	Other	RasGEF	None	S	None	None	NEQ	None	None	None	XRAY	2.170	0.187	MHHHHHHGGGENLYFQGSHMTEYKLVVVGAGGVGKSALTIQLIQNHFVDEYDPTIEDSYRKQVVIDGETCLLDILDTAGQEEYSAMRDQYMRTGEGFLCVFAINNTKSFEDIHQYREQIKRVKDSDDVPMVLVGNKCDLAARTVESRQAQDLARSYGIPYIETSAKTRQGVEDAFYTLVREIRQH	56,57,58,59,60,61,62,63,64,65,66,67,68,69,70,71,72,73,74,75,76	LDTAGQEEYSAMRDQYMRTGE	21.0	None	None	None	True	149.217	149.217	201.038	90.00	90.00	90.00	/Users/mitchellparker/Desktop/rascore_build/core/4us0R_core.cif	/Users/mitchellparker/Desktop/rascore_build/rcsb/4us0.cif.gz	/Users/mitchellparker/Desktop/rascore_build/renum/4us0_renum.cif	/Users/mitchellparker/Desktop/rascore_build/rcsb_assembly/4us0-assembly-1.cif.gz	/Users/mitchellparker/Desktop/rascore_build/renum_assembly/4us0-assembly-1_renum.cif	/Users/mitchellparker/Desktop/rascore_build/sifts/4us0.xml.gz
4us1R	4us1	0	R	Outlier	Y32out	Y71out	I 4 2 2 (CF1)	Y71out.0P-GEF	BBABLAAABAAAAAAAAAABA	0.04	0.35	GTPase HRas	RASH_HUMAN	P01112	WT	WT	HRAS	0P	WT	Other	Other	GEF.CDC25	None	Other-Bound	I 4 2 2	185	1-166	2014-07-02	Other	Bound	-102.29	-129.55	-89.34	-37.23	102.95	-106.22	-57.86	-65.01	-83.26	-61.47	-81.58	-96.44	-57.91	-56.14	-53.05	-58.03	-61.95	-63.07	-55.03	-86.16	-93.56	117.42	106.8	24.44	122.45	-8.49	21.08	-37.02	-20.25	61.13	-25.47	-3.37	-6.83	-47.62	-49.43	-56.84	-46.34	-37.29	-23.96	-35.89	146.57	-37.9	175.13	175.16	179.77	174.88	-179.43	178.33	-177.1	176.44	173.38	-177.03	179.65	176.84	-178.89	-178.35	176.0	-179.84	-179.68	-176.74	174.8	-173.93	171.47	Above 0.4	L71	Son of sevenless homolog 1	L71:85,118,14,86,83,119,13,15	S:31,60,13,63,64,65,66,70,67,73,69,102,103,40,56,54,55,71,61,59,58,57,34,32,21,17,15,30,25,68,95,105,74	SOS1_HUMAN	Base Site	Other	RasGEF	None	S	None	None	L71	None	None	None	XRAY	2.650	0.193	MHHHHHHGGGENLYFQGSHMTEYKLVVVGAGGVGKSALTIQLIQNHFVDEYDPTIEDSYRKQVVIDGETCLLDILDTAGQEEYSAMRDQYMRTGEGFLCVFAINNTKSFEDIHQYREQIKRVKDSDDVPMVLVGNKCDLAARTVESRQAQDLARSYGIPYIETSAKTRQGVEDAFYTLVREIRQH	56,57,58,59,60,61,62,63,64,65,66,67,68,69,70,71,72,73,74,75,76	LDTAGQEEYSAMRDQYMRTGE	21.0	None	None	None	True	149.560	149.560	199.640	90.00	90.00	90.00	/Users/mitchellparker/Desktop/rascore_build/core/4us1R_core.cif	/Users/mitchellparker/Desktop/rascore_build/rcsb/4us1.cif.gz	/Users/mitchellparker/Desktop/rascore_build/renum/4us1_renum.cif	/Users/mitchellparker/Desktop/rascore_build/rcsb_assembly/4us1-assembly-1.cif.gz	/Users/mitchellparker/Desktop/rascore_build/renum_assembly/4us1-assembly-1_renum.cif	/Users/mitchellparker/Desktop/rascore_build/sifts/4us1.xml.gz
4us2R	4us2	0	R	Outlier	Y32out	Y71out	I 4 2 2 (CF1)	Y71out.0P-GEF	BBABLAAABAAAAAAAAAABA	0.03	0.34	GTPase HRas	RASH_HUMAN	P01112	WT	WT	HRAS	0P	WT	Other	Other	GEF.CDC25	None	Other-Bound	I 4 2 2	185	1-166	2014-07-02	Other	Bound	-98.27	-129.63	-89.66	-41.11	106.44	-109.84	-67.12	-64.0	-82.96	-62.36	-77.97	-95.12	-58.63	-58.8	-56.58	-66.18	-65.01	-63.23	-70.26	-91.51	-95.01	115.16	105.86	25.5	123.12	-13.08	32.52	-36.41	-21.59	63.37	-29.44	-4.56	-6.42	-47.76	-47.27	-48.4	-44.19	-36.48	-17.74	-18.35	147.07	-33.16	174.21	174.99	179.48	176.27	-178.57	-178.73	-178.02	175.66	174.19	-175.69	178.45	176.44	-177.83	-179.71	177.32	-179.19	179.82	-178.87	176.49	-175.41	169.7	Above 0.4	L7S	Son of sevenless homolog 1	L7S:85,118,83,86,13,119,14,15	S:60,13,63,64,65,66,70,67,73,69,102,103,40,54,56,55,71,61,59,58,57,34,32,21,17,30,25,31,68,95,105,74	SOS1_HUMAN	Base Site	Other	RasGEF	None	S	None	None	L7S	None	None	None	XRAY	2.480	0.192	MHHHHHHGGGENLYFQGSHMTEYKLVVVGAGGVGKSALTIQLIQNHFVDEYDPTIEDSYRKQVVIDGETCLLDILDTAGQEEYSAMRDQYMRTGEGFLCVFAINNTKSFEDIHQYREQIKRVKDSDDVPMVLVGNKCDLAARTVESRQAQDLARSYGIPYIETSAKTRQGVEDAFYTLVREIRQH	56,57,58,59,60,61,62,63,64,65,66,67,68,69,70,71,72,73,74,75,76	LDTAGQEEYSAMRDQYMRTGE	21.0	None	None	None	True	149.710	149.710	200.080	90.00	90.00	90.00	/Users/mitchellparker/Desktop/rascore_build/core/4us2R_core.cif	/Users/mitchellparker/Desktop/rascore_build/rcsb/4us2.cif.gz	/Users/mitchellparker/Desktop/rascore_build/renum/4us2_renum.cif	/Users/mitchellparker/Desktop/rascore_build/rcsb_assembly/4us2-assembly-1.cif.gz	/Users/mitchellparker/Desktop/rascore_build/renum_assembly/4us2-assembly-1_renum.cif	/Users/mitchellparker/Desktop/rascore_build/sifts/4us2.xml.gz
5wfoR	5wfo	0	R	Outlier	Y32out	Y71out	I 4 2 2 (CF2)	Y71out.0P-GEF	BBABLAAABAAAAAAAAAABA	0.01	0.27	GTPase HRas	RASH_HUMAN	P01112	WT	WT	HRAS	0P	WT	None	None	GEF.CDC25	None	SP2-Unbound	I 4 2 2	167	1-166	2017-07-12	SP2	Unbound	-99.39	-130.23	-94.19	-39.51	101.1	-99.45	-60.02	-72.48	-76.29	-69.93	-83.74	-92.58	-57.2	-52.5	-58.22	-66.92	-62.22	-55.37	-69.88	-101.8	-104.9	115.39	106.09	26.75	131.66	-20.62	19.23	-31.1	-20.66	66.43	-23.81	-2.87	-6.22	-49.5	-49.18	-46.39	-45.27	-36.71	-31.46	-13.76	152.72	-17.27	172.58	174.09	-179.09	175.5	-176.13	179.88	-173.0	-177.76	173.31	-168.57	-178.74	174.36	-177.78	176.79	-179.39	179.98	-177.72	-175.21	-177.55	-169.36	170.96	Above 0.4	None	Son of sevenless homolog 1	None	N:60,13,64,63,65,66,70,67,73,69,102,103,40,54,55,71,61,59,58,57,34,35,32,21,17,18,25,31,30,33,95,105,68,12,56,146,74	SOS1_HUMAN	None	None	RasGEF	None	N	None	None	None	None	None	None	XRAY	1.990	0.169	GMTEYKLVVVGAGGVGKSALTIQLIQNHFVDEYDPTIEDSYRKQVVIDGETCLLDILDTAGQEEYSAMRDQYMRTGEGFLCVFAINNTKSFEDIHQYREQIKRVKDSDDVPMVLVGNKCDLAARTVESRQAQDLARSYGIPYIETSAKTRQGVEDAFYTLVREIRQH	56,57,58,59,60,61,62,63,64,65,66,67,68,69,70,71,72,73,74,75,76	LDTAGQEEYSAMRDQYMRTGE	21.0	None	None	None	True	182.735	182.735	177.866	90.00	90.00	90.00	/Users/mitchellparker/Desktop/rascore_build/core/5wfoR_core.cif	/Users/mitchellparker/Desktop/rascore_build/rcsb/5wfo.cif.gz	/Users/mitchellparker/Desktop/rascore_build/renum/5wfo_renum.cif	/Users/mitchellparker/Desktop/rascore_build/rcsb_assembly/5wfo-assembly-1.cif.gz	/Users/mitchellparker/Desktop/rascore_build/renum_assembly/5wfo-assembly-1_renum.cif	/Users/mitchellparker/Desktop/rascore_build/sifts/5wfo.xml.gz
5wfpR	5wfp	0	R	Outlier	Y32out	Y71out	I 4 2 2 (CF2)	Y71out.0P-GEF	BBABLAAABAAAAAAAAAABA	0.02	0.24	GTPase HRas	RASH_HUMAN	P01112	WT	WT	HRAS	0P	WT	None	None	GEF.CDC25	None	SP2-Unbound	I 4 2 2	167	1-166	2017-07-12	SP2	Unbound	-101.16	-130.34	-93.52	-44.45	102.61	-100.15	-60.67	-69.43	-77.58	-72.35	-78.14	-92.75	-56.91	-55.03	-64.86	-67.11	-62.69	-57.21	-68.66	-105.09	-95.51	113.29	103.94	29.7	133.55	-21.08	17.25	-30.63	-21.43	68.04	-24.6	-6.94	-6.51	-47.97	-46.7	-40.07	-46.05	-32.99	-34.77	-9.24	146.63	-27.31	171.32	175.05	-178.7	177.11	-176.19	-178.24	-172.0	179.77	172.54	-168.65	179.88	176.59	-177.05	179.03	-177.2	177.67	-178.55	-175.53	-177.19	-169.64	173.41	Above 0.4	None	Son of sevenless homolog 1	None	N:60,13,63,64,65,66,70,67,73,69,102,103,40,54,55,71,37,61,59,58,57,34,35,32,21,17,18,25,31,30,95,105,12,15,56,74	SOS1_HUMAN	None	None	RasGEF	None	N	None	None	None	None	None	None	XRAY	2.080	0.163	GMTEYKLVVVGAGGVGKSALTIQLIQNHFVDEYDPTIEDSYRKQVVIDGETCLLDILDTAGQEEYSAMRDQYMRTGEGFLCVFAINNTKSFEDIHQYREQIKRVKDSDDVPMVLVGNKCDLAARTVESRQAQDLARSYGIPYIETSAKTRQGVEDAFYTLVREIRQH	56,57,58,59,60,61,62,63,64,65,66,67,68,69,70,71,72,73,74,75,76	LDTAGQEEYSAMRDQYMRTGE	21.0	None	None	None	True	182.530	182.530	177.314	90.00	90.00	90.00	/Users/mitchellparker/Desktop/rascore_build/core/5wfpR_core.cif	/Users/mitchellparker/Desktop/rascore_build/rcsb/5wfp.cif.gz	/Users/mitchellparker/Desktop/rascore_build/renum/5wfp_renum.cif	/Users/mitchellparker/Desktop/rascore_build/rcsb_assembly/5wfp-assembly-1.cif.gz	/Users/mitchellparker/Desktop/rascore_build/renum_assembly/5wfp-assembly-1_renum.cif	/Users/mitchellparker/Desktop/rascore_build/sifts/5wfp.xml.gz
5wfqR	5wfq	0	R	Outlier	Y32out	Y71out	I 4 2 2 (CF2)	Y71out.0P-GEF	BBABLAAABAAAAAAAAAABA	0.02	0.25	GTPase HRas	RASH_HUMAN	P01112	WT	WT	HRAS	0P	WT	None	None	GEF.CDC25	None	SP2-Unbound	I 4 2 2	167	1-166	2017-07-12	SP2	Unbound	-100.33	-127.37	-94.7	-41.99	104.36	-103.82	-60.52	-73.15	-74.5	-72.94	-82.4	-93.56	-56.03	-55.83	-68.02	-66.94	-62.81	-50.44	-67.17	-101.16	-101.53	113.25	105.23	30.31	130.82	-19.26	18.56	-29.04	-22.58	65.82	-21.82	-2.34	-3.43	-52.97	-45.75	-36.06	-46.36	-38.28	-35.69	-14.56	150.45	-19.39	173.49	173.53	-179.41	173.98	-177.02	-178.06	-171.88	-177.88	170.67	-168.26	179.07	175.91	-177.6	-177.26	-177.82	177.18	-178.85	-179.46	-177.89	-171.61	172.43	Above 0.4	None	Son of sevenless homolog 1	None	N:60,13,63,64,65,66,70,67,73,69,102,103,40,54,55,71,37,61,59,58,57,34,35,17,32,21,18,25,31,30,95,105,12,56,33,74	SOS1_HUMAN	None	None	RasGEF	None	N	None	None	None	None	None	None	XRAY	2.260	0.171	GMTEYKLVVVGAGGVGKSALTIQLIQNHFVDEYDPTIEDSYRKQVVIDGETCLLDILDTAGQEEYSAMRDQYMRTGEGFLCVFAINNTKSFEDIHQYREQIKRVKDSDDVPMVLVGNKCDLAARTVESRQAQDLARSYGIPYIETSAKTRQGVEDAFYTLVREIRQH	56,57,58,59,60,61,62,63,64,65,66,67,68,69,70,71,72,73,74,75,76	LDTAGQEEYSAMRDQYMRTGE	21.0	None	None	None	True	182.680	182.680	177.370	90.00	90.00	90.00	/Users/mitchellparker/Desktop/rascore_build/core/5wfqR_core.cif	/Users/mitchellparker/Desktop/rascore_build/rcsb/5wfq.cif.gz	/Users/mitchellparker/Desktop/rascore_build/renum/5wfq_renum.cif	/Users/mitchellparker/Desktop/rascore_build/rcsb_assembly/5wfq-assembly-1.cif.gz	/Users/mitchellparker/Desktop/rascore_build/renum_assembly/5wfq-assembly-1_renum.cif	/Users/mitchellparker/Desktop/rascore_build/sifts/5wfq.xml.gz
5wfrR	5wfr	0	R	Outlier	Y32out	Y71out	I 4 2 2 (CF2)	Y71out.0P-GEF	BBABLAAABAAAAAAAAAABA	0.02	0.25	GTPase HRas	RASH_HUMAN	P01112	WT	WT	HRAS	0P	WT	None	None	GEF.CDC25	None	SP2-Unbound	I 4 2 2	167	1-166	2017-07-12	SP2	Unbound	-100.05	-127.22	-93.87	-53.42	100.84	-103.53	-60.63	-69.66	-75.66	-74.43	-84.95	-96.42	-62.76	-52.92	-62.49	-69.41	-61.33	-49.02	-72.98	-110.74	-94.65	110.73	100.2	34.44	138.44	-20.18	16.21	-30.99	-23.43	67.54	-19.27	-1.29	0.56	-48.9	-48.37	-38.0	-47.01	-39.2	-33.02	-8.41	147.85	-24.64	171.96	176.87	-178.04	178.35	-172.52	-176.77	-171.72	-179.44	171.37	-167.69	-179.15	175.86	-175.24	-179.57	-179.66	179.53	-179.18	179.8	-175.69	-167.24	174.82	Above 0.4	None	Son of sevenless homolog 1	None	N:60,13,63,64,65,66,70,67,73,69,102,103,40,54,55,71,61,59,58,57,34,32,21,17,18,30,25,31,95,105,35,56	SOS1_HUMAN	None	None	RasGEF	None	N	None	None	None	None	None	None	XRAY	2.460	0.165	GMTEYKLVVVGAGGVGKSALTIQLIQNHFVDEYDPTIEDSYRKQVVIDGETCLLDILDTAGQEEYSAMRDQYMRTGEGFLCVFAINNTKSFEDIHQYREQIKRVKDSDDVPMVLVGNKCDLAARTVESRQAQDLARSYGIPYIETSAKTRQGVEDAFYTLVREIRQH	56,57,58,59,60,61,62,63,64,65,66,67,68,69,70,71,72,73,74,75,76	LDTAGQEEYSAMRDQYMRTGE	21.0	None	None	None	True	183.903	183.903	178.387	90.00	90.00	90.00	/Users/mitchellparker/Desktop/rascore_build/core/5wfrR_core.cif	/Users/mitchellparker/Desktop/rascore_build/rcsb/5wfr.cif.gz	/Users/mitchellparker/Desktop/rascore_build/renum/5wfr_renum.cif	/Users/mitchellparker/Desktop/rascore_build/rcsb_assembly/5wfr-assembly-1.cif.gz	/Users/mitchellparker/Desktop/rascore_build/renum_assembly/5wfr-assembly-1_renum.cif	/Users/mitchellparker/Desktop/rascore_build/sifts/5wfr.xml.gz
6bviC	6bvi	0	C	Y32out.0P-GEF	Y32out	Y71out	I 4 2 2 (CF2)	Y71out.0P-GEF	BBABLAAABAAAAAAAAAABA	0.0	0.21	GTPase HRas	RASH_HUMAN	P01112	WT	WT	HRAS	0P	WT	None	None	GEF.CDC25	None	SP2-Unbound	I 4 2 2	167	1-166	2017-12-13	SP2	Unbound	-99.71	-131.24	-91.59	-43.3	99.49	-101.74	-62.21	-72.47	-80.21	-69.34	-80.84	-93.5	-60.1	-56.8	-59.66	-63.18	-63.82	-59.16	-71.69	-97.52	-96.77	116.74	103.9	27.06	133.28	-17.59	20.11	-27.6	-18.05	68.08	-25.92	-2.54	-6.33	-43.41	-47.26	-48.09	-45.6	-32.86	-28.17	-14.2	149.38	-26.38	172.73	175.4	-179.42	177.13	-175.91	-179.65	-172.41	-179.25	173.54	-169.57	179.59	173.41	-176.25	179.78	-178.54	179.91	-177.99	-176.57	-177.61	-166.97	169.68	Above 0.4	FMT,NA	Son of sevenless homolog 1	None	B:60,13,64,63,65,66,70,67,73,69,102,103,40,54,55,71,37,61,59,58,57,34,35,32,21,17,18,31,25,30,68,95,99,56,146,12,33,74,105,62	SOS1_HUMAN	None	None	RasGEF	None	B	None	None	None	FMT,NA	None	None	XRAY	1.746	0.157	GMTEYKLVVVGAGGVGKSALTIQLIQNHFVDEYDPTIEDSYRKQVVIDGETCLLDILDTAGQEEYSAMRDQYMRTGEGFLCVFAINNTKSFEDIHQYREQIKRVKDSDDVPMVLVGNKCDLAARTVESRQAQDLARSYGIPYIETSAKTRQGVEDAFYTLVREIRQH	56,57,58,59,60,61,62,63,64,65,66,67,68,69,70,71,72,73,74,75,76	LDTAGQEEYSAMRDQYMRTGE	21.0	None	None	None	True	184.323	184.323	179.091	90.00	90.00	90.00	/Users/mitchellparker/Desktop/rascore_build/core/6bviC_core.cif	/Users/mitchellparker/Desktop/rascore_build/rcsb/6bvi.cif.gz	/Users/mitchellparker/Desktop/rascore_build/renum/6bvi_renum.cif	/Users/mitchellparker/Desktop/rascore_build/rcsb_assembly/6bvi-assembly-1.cif.gz	/Users/mitchellparker/Desktop/rascore_build/renum_assembly/6bvi-assembly-1_renum.cif	/Users/mitchellparker/Desktop/rascore_build/sifts/6bvi.xml.gz
6bvjC	6bvj	0	C	Y32out.0P-GEF	Y32out	Y71out	I 4 2 2 (CF2)	Y71out.0P-GEF	BBABLAAABAAAAAAAAAABA	0.0	0.21	GTPase HRas	RASH_HUMAN	P01112	WT	WT	HRAS	0P	WT	None	None	GEF.CDC25	None	SP2-Unbound	I 4 2 2	167	1-166	2017-12-13	SP2	Unbound	-101.07	-130.54	-91.96	-44.76	100.76	-101.53	-60.74	-72.1	-80.22	-68.75	-81.26	-91.86	-61.25	-57.37	-64.13	-60.47	-65.19	-65.7	-68.76	-96.21	-94.33	116.47	104.33	27.97	132.91	-18.06	19.39	-29.16	-17.94	67.09	-25.34	-3.47	-7.51	-41.57	-47.8	-45.29	-44.47	-34.36	-20.43	-15.56	146.72	-25.58	173.02	176.05	-179.11	178.23	-176.27	-179.61	-173.95	-179.13	174.57	-169.11	-179.39	173.55	-174.15	179.75	-177.01	177.97	-177.38	-175.88	178.95	-166.89	168.62	Above 0.4	FMT,NA	Son of sevenless homolog 1	None	B:60,13,64,63,65,66,70,67,73,69,102,103,40,54,55,71,37,61,59,58,57,34,35,32,21,17,18,31,25,30,95,68,56,146,12,33,105,74,86,62	SOS1_HUMAN	None	None	RasGEF	None	B	None	None	None	FMT,NA	None	None	XRAY	1.747	0.156	GMTEYKLVVVGAGGVGKSALTIQLIQNHFVDEYDPTIEDSYRKQVVIDGETCLLDILDTAGQEEYSAMRDQYMRTGEGFLCVFAINNTKSFEDIHQYREQIKRVKDSDDVPMVLVGNKCDLAARTVESRQAQDLARSYGIPYIETSAKTRQGVEDAFYTLVREIRQH	56,57,58,59,60,61,62,63,64,65,66,67,68,69,70,71,72,73,74,75,76	LDTAGQEEYSAMRDQYMRTGE	21.0	None	None	None	True	184.329	184.329	179.083	90.00	90.00	90.00	/Users/mitchellparker/Desktop/rascore_build/core/6bvjC_core.cif	/Users/mitchellparker/Desktop/rascore_build/rcsb/6bvj.cif.gz	/Users/mitchellparker/Desktop/rascore_build/renum/6bvj_renum.cif	/Users/mitchellparker/Desktop/rascore_build/rcsb_assembly/6bvj-assembly-1.cif.gz	/Users/mitchellparker/Desktop/rascore_build/renum_assembly/6bvj-assembly-1_renum.cif	/Users/mitchellparker/Desktop/rascore_build/sifts/6bvj.xml.gz
6bvkC	6bvk	0	C	Y32out.0P-GEF	Y32out	Y71out	I 4 2 2 (CF2)	Y71out.0P-GEF	BBABLAAABAAAAAAAAAABA	0.0	0.21	GTPase HRas	RASH_HUMAN	P01112	WT	WT	HRAS	0P	WT	None	None	GEF.CDC25	None	SP2-Unbound	I 4 2 2	167	1-166	2017-12-13	SP2	Unbound	-98.96	-132.09	-92.48	-42.81	98.59	-100.3	-60.78	-72.27	-76.55	-68.25	-80.57	-93.16	-60.46	-56.7	-61.6	-60.96	-64.53	-65.42	-68.66	-96.85	-94.63	117.36	104.51	26.07	133.62	-17.64	18.59	-28.44	-19.96	66.29	-25.97	-2.67	-7.08	-42.65	-47.87	-47.7	-44.99	-34.67	-20.71	-14.09	146.62	-27.09	173.41	175.53	-178.27	177.54	-176.17	-179.92	-172.8	-179.38	173.03	-170.09	-179.7	174.19	-174.73	-179.94	-177.47	178.24	-177.42	-175.15	178.12	-167.6	168.39	Above 0.4	FMT,NA	Son of sevenless homolog 1	None	B:60,13,64,63,65,66,70,67,73,69,102,103,40,54,56,55,71,37,61,59,58,57,34,35,32,21,17,18,31,25,30,95,99,33,146,12,74,62,105	SOS1_HUMAN	None	None	RasGEF	None	B	None	None	None	FMT,NA	None	None	XRAY	1.799	0.156	GMTEYKLVVVGAGGVGKSALTIQLIQNHFVDEYDPTIEDSYRKQVVIDGETCLLDILDTAGQEEYSAMRDQYMRTGEGFLCVFAINNTKSFEDIHQYREQIKRVKDSDDVPMVLVGNKCDLAARTVESRQAQDLARSYGIPYIETSAKTRQGVEDAFYTLVREIRQH	56,57,58,59,60,61,62,63,64,65,66,67,68,69,70,71,72,73,74,75,76	LDTAGQEEYSAMRDQYMRTGE	21.0	None	None	None	True	184.421	184.421	179.008	90.00	90.00	90.00	/Users/mitchellparker/Desktop/rascore_build/core/6bvkC_core.cif	/Users/mitchellparker/Desktop/rascore_build/rcsb/6bvk.cif.gz	/Users/mitchellparker/Desktop/rascore_build/renum/6bvk_renum.cif	/Users/mitchellparker/Desktop/rascore_build/rcsb_assembly/6bvk-assembly-1.cif.gz	/Users/mitchellparker/Desktop/rascore_build/renum_assembly/6bvk-assembly-1_renum.cif	/Users/mitchellparker/Desktop/rascore_build/sifts/6bvk.xml.gz
6bvlC	6bvl	0	C	Y32out.0P-GEF	Y32out	Y71out	I 4 2 2 (CF2)	Y71out.0P-GEF	BBABLAAABAAAAAAAAAABA	0.0	0.2	GTPase HRas	RASH_HUMAN	P01112	WT	WT	HRAS	0P	WT	None	None	GEF.CDC25	None	SP2-Unbound	I 4 2 2	167	1-166	2017-12-13	SP2	Unbound	-101.01	-132.04	-91.43	-43.87	99.59	-101.43	-61.35	-71.1	-79.8	-69.39	-82.36	-91.95	-63.33	-58.77	-62.08	-61.53	-64.97	-66.43	-68.9	-97.72	-94.97	117.4	104.08	26.7	133.58	-18.32	19.81	-29.36	-18.35	67.52	-23.79	-2.42	-7.09	-39.82	-46.29	-47.11	-44.67	-34.33	-20.06	-14.9	148.45	-28.22	173.39	176.52	-178.31	177.82	-175.31	-179.36	-173.49	-179.58	173.93	-169.36	179.74	173.64	-173.24	179.68	-177.72	178.02	-177.56	-175.23	178.02	-167.27	169.64	Above 0.4	FMT,NA	Son of sevenless homolog 1	None	B:60,13,64,63,65,66,70,67,73,69,102,103,40,54,55,71,37,61,59,58,57,34,35,32,21,17,18,31,25,30,95,68,56,99,146,12,33,105,74	SOS1_HUMAN	None	None	RasGEF	None	B	None	None	None	FMT,NA	None	None	XRAY	1.748	0.158	GMTEYKLVVVGAGGVGKSALTIQLIQNHFVDEYDPTIEDSYRKQVVIDGETCLLDILDTAGQEEYSAMRDQYMRTGEGFLCVFAINNTKSFEDIHQYREQIKRVKDSDDVPMVLVGNKCDLAARTVESRQAQDLARSYGIPYIETSAKTRQGVEDAFYTLVREIRQH	56,57,58,59,60,61,62,63,64,65,66,67,68,69,70,71,72,73,74,75,76	LDTAGQEEYSAMRDQYMRTGE	21.0	None	None	None	True	184.209	184.209	179.093	90.00	90.00	90.00	/Users/mitchellparker/Desktop/rascore_build/core/6bvlC_core.cif	/Users/mitchellparker/Desktop/rascore_build/rcsb/6bvl.cif.gz	/Users/mitchellparker/Desktop/rascore_build/renum/6bvl_renum.cif	/Users/mitchellparker/Desktop/rascore_build/rcsb_assembly/6bvl-assembly-1.cif.gz	/Users/mitchellparker/Desktop/rascore_build/renum_assembly/6bvl-assembly-1_renum.cif	/Users/mitchellparker/Desktop/rascore_build/sifts/6bvl.xml.gz
6bvmC	6bvm	0	C	Y32out.0P-GEF	Y32out	Y71out	I 4 2 2 (CF2)	Y71out.0P-GEF	BBABLAAABAAAAAAAAAABA	0.0	0.22	GTPase HRas	RASH_HUMAN	P01112	WT	WT	HRAS	0P	WT	None	None	GEF.CDC25	None	SP2-Unbound	I 4 2 2	167	1-166	2017-12-13	SP2	Unbound	-99.46	-132.83	-90.87	-43.16	99.75	-100.38	-60.78	-71.7	-78.84	-69.45	-81.68	-93.01	-61.86	-54.54	-62.5	-58.57	-64.62	-64.6	-67.63	-96.08	-95.38	118.09	103.46	26.7	132.28	-18.87	19.34	-28.72	-19.46	66.54	-24.48	-2.25	-7.48	-42.73	-49.18	-47.49	-46.26	-34.65	-21.4	-15.99	147.19	-26.27	173.11	176.08	-178.71	177.31	-175.45	-179.64	-173.06	-178.97	173.61	-169.74	-179.78	174.75	-173.28	178.74	-176.32	176.66	-176.0	-175.24	178.57	-168.01	168.93	Above 0.4	FMT,NA	Son of sevenless homolog 1	None	B:60,13,64,63,65,66,70,67,73,69,102,103,40,54,55,71,37,61,59,58,57,34,35,32,21,17,18,31,25,30,95,56,33,99,12,74,62	SOS1_HUMAN	None	None	RasGEF	None	B	None	None	None	FMT,NA	None	None	XRAY	1.796	0.157	GMTEYKLVVVGAGGVGKSALTIQLIQNHFVDEYDPTIEDSYRKQVVIDGETCLLDILDTAGQEEYSAMRDQYMRTGEGFLCVFAINNTKSFEDIHQYREQIKRVKDSDDVPMVLVGNKCDLAARTVESRQAQDLARSYGIPYIETSAKTRQGVEDAFYTLVREIRQH	56,57,58,59,60,61,62,63,64,65,66,67,68,69,70,71,72,73,74,75,76	LDTAGQEEYSAMRDQYMRTGE	21.0	None	None	None	True	184.316	184.316	179.059	90.00	90.00	90.00	/Users/mitchellparker/Desktop/rascore_build/core/6bvmC_core.cif	/Users/mitchellparker/Desktop/rascore_build/rcsb/6bvm.cif.gz	/Users/mitchellparker/Desktop/rascore_build/renum/6bvm_renum.cif	/Users/mitchellparker/Desktop/rascore_build/rcsb_assembly/6bvm-assembly-1.cif.gz	/Users/mitchellparker/Desktop/rascore_build/renum_assembly/6bvm-assembly-1_renum.cif	/Users/mitchellparker/Desktop/rascore_build/sifts/6bvm.xml.gz
6cuoC	6cuo	0	C	Y32out.0P-GEF	Y32out	Y71out	I 4 2 2 (CF2)	Y71out.0P-GEF	BBABLAAABAAAAAAAAAABA	0.0	0.22	GTPase HRas	RASH_HUMAN	P01112	WT	WT	HRAS	0P	WT	None	None	GEF.CDC25	None	SP2-Unbound	I 4 2 2	167	1-166	2018-03-26	SP2	Unbound	-100.95	-131.47	-91.78	-43.12	100.35	-100.76	-61.63	-72.03	-78.18	-69.97	-81.68	-92.63	-58.84	-56.5	-57.35	-62.97	-65.75	-56.39	-72.86	-100.15	-96.02	116.7	103.44	27.13	133.15	-18.93	19.96	-29.16	-18.99	66.52	-23.98	-2.35	-6.88	-43.96	-47.83	-50.64	-43.88	-35.11	-27.86	-12.49	148.57	-27.63	173.28	176.52	-179.45	176.64	-175.83	-179.51	-173.1	-179.21	172.9	-169.11	179.03	173.52	-176.07	-179.11	-179.81	-179.82	-176.84	-177.92	-177.03	-166.83	169.53	Above 0.4	FMT,NA	Son of sevenless homolog 1	None	B:60,13,64,63,65,66,70,67,73,69,102,103,40,54,55,71,37,61,59,58,57,34,35,32,21,17,18,31,25,30,68,95,105,56,33,74,12,62	SOS1_HUMAN	None	None	RasGEF	None	B	None	None	None	FMT,NA	None	None	XRAY	1.730	0.164	GMTEYKLVVVGAGGVGKSALTIQLIQNHFVDEYDPTIEDSYRKQVVIDGETCLLDILDTAGQEEYSAMRDQYMRTGEGFLCVFAINNTKSFEDIHQYREQIKRVKDSDDVPMVLVGNKCDLAARTVESRQAQDLARSYGIPYIETSAKTRQGVEDAFYTLVREIRQH	56,57,58,59,60,61,62,63,64,65,66,67,68,69,70,71,72,73,74,75,76	LDTAGQEEYSAMRDQYMRTGE	21.0	None	None	None	True	183.806	183.806	178.872	90.00	90.00	90.00	/Users/mitchellparker/Desktop/rascore_build/core/6cuoC_core.cif	/Users/mitchellparker/Desktop/rascore_build/rcsb/6cuo.cif.gz	/Users/mitchellparker/Desktop/rascore_build/renum/6cuo_renum.cif	/Users/mitchellparker/Desktop/rascore_build/rcsb_assembly/6cuo-assembly-1.cif.gz	/Users/mitchellparker/Desktop/rascore_build/renum_assembly/6cuo-assembly-1_renum.cif	/Users/mitchellparker/Desktop/rascore_build/sifts/6cuo.xml.gz
6cupC	6cup	0	C	Y32out.0P-GEF	Y32out	Y71out	I 4 2 2 (CF2)	Y71out.0P-GEF	BBABLAAABAAAAAAAAAABA	0.0	0.21	GTPase HRas	RASH_HUMAN	P01112	WT	WT	HRAS	0P	WT	None	None	GEF.CDC25	None	SP2-Unbound	I 4 2 2	167	1-166	2018-03-26	SP2	Unbound	-99.89	-129.86	-90.42	-42.2	100.51	-99.32	-60.3	-71.57	-79.31	-68.02	-81.54	-94.1	-59.28	-55.26	-57.79	-59.5	-64.3	-56.39	-68.69	-97.01	-95.95	115.67	103.86	24.8	131.66	-18.1	20.37	-29.97	-18.85	66.48	-24.78	-1.61	-6.77	-43.79	-50.43	-50.65	-45.86	-35.41	-30.66	-13.72	146.34	-25.24	172.8	175.06	-179.68	177.74	-176.1	178.76	-173.27	-178.49	174.24	-170.88	-179.45	173.63	-175.66	-179.22	-179.97	177.74	-176.83	-177.92	-178.31	-167.71	168.43	Above 0.4	FMT,NA	Son of sevenless homolog 1	None	B:60,13,63,64,65,66,70,67,73,69,102,103,40,56,54,55,71,37,61,59,58,57,34,35,32,21,17,18,31,25,30,68,95,12,33,74,147,146,86,62,105	SOS1_HUMAN	None	None	RasGEF	None	B	None	None	None	FMT,NA	None	None	XRAY	1.833	0.161	GMTEYKLVVVGAGGVGKSALTIQLIQNHFVDEYDPTIEDSYRKQVVIDGETCLLDILDTAGQEEYSAMRDQYMRTGEGFLCVFAINNTKSFEDIHQYREQIKRVKDSDDVPMVLVGNKCDLAARTVESRQAQDLARSYGIPYIETSAKTRQGVEDAFYTLVREIRQH	56,57,58,59,60,61,62,63,64,65,66,67,68,69,70,71,72,73,74,75,76	LDTAGQEEYSAMRDQYMRTGE	21.0	None	None	None	True	184.654	184.654	179.351	90.00	90.00	90.00	/Users/mitchellparker/Desktop/rascore_build/core/6cupC_core.cif	/Users/mitchellparker/Desktop/rascore_build/rcsb/6cup.cif.gz	/Users/mitchellparker/Desktop/rascore_build/renum/6cup_renum.cif	/Users/mitchellparker/Desktop/rascore_build/rcsb_assembly/6cup-assembly-1.cif.gz	/Users/mitchellparker/Desktop/rascore_build/renum_assembly/6cup-assembly-1_renum.cif	/Users/mitchellparker/Desktop/rascore_build/sifts/6cup.xml.gz
6curC	6cur	0	C	Y32out.0P-GEF	Y32out	Y71out	I 4 2 2 (CF2)	Y71out.0P-GEF	BBABLAAABAAAAAAAAAABA	0.0	0.25	GTPase HRas	RASH_HUMAN	P01112	WT	WT	HRAS	0P	WT	None	None	GEF.CDC25	None	SP2-Unbound	I 4 2 2	167	1-166	2018-03-26	SP2	Unbound	-98.44	-129.44	-92.7	-41.85	100.39	-100.21	-62.12	-70.45	-77.68	-67.92	-81.71	-93.92	-58.17	-59.34	-55.66	-66.87	-63.25	-60.12	-70.43	-102.16	-96.26	117.09	105.46	26.5	132.3	-18.98	19.87	-29.55	-19.74	66.9	-24.69	-1.88	-5.88	-42.5	-46.71	-49.92	-43.9	-34.33	-27.21	-12.54	149.56	-28.03	172.79	174.41	-179.37	176.16	-176.36	179.79	-172.63	179.42	172.88	-170.7	-179.86	174.17	-177.63	-179.11	179.2	-177.94	-178.95	-176.94	-178.8	-166.7	168.89	Above 0.4	FMT,NA	Son of sevenless homolog 1	None	B:60,13,64,63,65,66,70,67,73,69,102,103,40,56,54,55,71,37,61,59,58,57,34,35,32,21,17,18,31,25,30,68,95,146,99,74,33,12,105	SOS1_HUMAN	None	None	RasGEF	None	B	None	None	None	FMT,NA	None	None	XRAY	1.730	0.158	GMTEYKLVVVGAGGVGKSALTIQLIQNHFVDEYDPTIEDSYRKQVVIDGETCLLDILDTAGQEEYSAMRDQYMRTGEGFLCVFAINNTKSFEDIHQYREQIKRVKDSDDVPMVLVGNKCDLAARTVESRQAQDLARSYGIPYIETSAKTRQGVEDAFYTLVREIRQH	56,57,58,59,60,61,62,63,64,65,66,67,68,69,70,71,72,73,74,75,76	LDTAGQEEYSAMRDQYMRTGE	21.0	None	None	None	True	184.045	184.045	179.131	90.00	90.00	90.00	/Users/mitchellparker/Desktop/rascore_build/core/6curC_core.cif	/Users/mitchellparker/Desktop/rascore_build/rcsb/6cur.cif.gz	/Users/mitchellparker/Desktop/rascore_build/renum/6cur_renum.cif	/Users/mitchellparker/Desktop/rascore_build/rcsb_assembly/6cur-assembly-1.cif.gz	/Users/mitchellparker/Desktop/rascore_build/renum_assembly/6cur-assembly-1_renum.cif	/Users/mitchellparker/Desktop/rascore_build/sifts/6cur.xml.gz
6d55C	6d55	0	C	Y32out.0P-GEF	Y32out	Y71out	I 4 2 2 (CF2)	Y71out.0P-GEF	BBABLAAABAAAAAAAAAABA	0.0	0.31	GTPase HRas	RASH_HUMAN	P01112	WT	WT	HRAS	0P	WT	None	None	GEF.CDC25	None	SP2-Unbound	I 4 2 2	167	1-166	2018-04-19	SP2	Unbound	-101.39	-130.01	-94.39	-44.72	99.1	-102.44	-60.3	-68.85	-79.66	-72.41	-84.15	-93.9	-55.08	-64.67	-52.09	-77.66	-69.88	-59.6	-70.66	-99.45	-98.03	116.29	107.49	29.43	133.88	-15.95	19.14	-30.81	-17.4	66.19	-21.02	0.7	-3.87	-44.38	-43.99	-43.24	-40.95	-30.18	-23.56	-16.82	148.85	-28.92	172.9	175.06	-177.56	177.74	-178.07	-179.71	-174.37	179.71	172.79	-168.34	176.89	171.31	-176.11	-178.28	175.12	-179.74	-173.82	-176.4	-178.79	-161.83	171.61	Above 0.4	FMT,NA	Son of sevenless homolog 1	None	B:60,13,63,64,65,66,70,67,73,69,102,103,40,54,55,71,37,61,59,58,57,34,35,32,21,17,18,31,25,30,68,95,5,146,74,94,98,105,33,12,56,62	SOS1_HUMAN	None	None	RasGEF	None	B	None	None	None	FMT,NA	None	None	XRAY	1.680	0.156	GMTEYKLVVVGAGGVGKSALTIQLIQNHFVDEYDPTIEDSYRKQVVIDGETCLLDILDTAGQEEYSAMRDQYMRTGEGFLCVFAINNTKSFEDIHQYREQIKRVKDSDDVPMVLVGNKCDLAARTVESRQAQDLARSYGIPYIETSAKTRQGVEDAFYTLVREIRQH	56,57,58,59,60,61,62,63,64,65,66,67,68,69,70,71,72,73,74,75,76	LDTAGQEEYSAMRDQYMRTGE	21.0	None	None	None	True	183.476	183.476	179.397	90.00	90.00	90.00	/Users/mitchellparker/Desktop/rascore_build/core/6d55C_core.cif	/Users/mitchellparker/Desktop/rascore_build/rcsb/6d55.cif.gz	/Users/mitchellparker/Desktop/rascore_build/renum/6d55_renum.cif	/Users/mitchellparker/Desktop/rascore_build/rcsb_assembly/6d55-assembly-1.cif.gz	/Users/mitchellparker/Desktop/rascore_build/renum_assembly/6d55-assembly-1_renum.cif	/Users/mitchellparker/Desktop/rascore_build/sifts/6d55.xml.gz
6d56C	6d56	0	C	Y32out.0P-GEF	Y32out	Y71out	I 4 2 2 (CF2)	Y71out.0P-GEF	BBABLAAABAAAAAAAAAABA	0.0	0.23	GTPase HRas	RASH_HUMAN	P01112	WT	WT	HRAS	0P	WT	None	None	GEF.CDC25	None	SP2-Unbound	I 4 2 2	167	1-166	2018-04-19	SP2	Unbound	-101.87	-131.43	-91.62	-42.12	100.58	-102.27	-62.64	-71.33	-78.2	-70.41	-82.88	-93.14	-57.65	-60.7	-51.02	-69.22	-67.53	-55.0	-70.83	-94.07	-94.7	116.51	104.72	25.63	131.99	-17.66	21.09	-28.95	-18.2	65.88	-22.99	-2.13	-6.53	-43.6	-48.51	-49.62	-43.54	-33.34	-29.43	-17.55	146.34	-26.53	173.29	175.26	-178.98	177.38	-176.58	-179.6	-173.3	-179.81	172.38	-169.41	179.07	173.35	-174.94	-179.52	176.84	-179.38	-174.64	-175.64	-176.14	-164.99	169.57	Above 0.4	FMT,NA	Son of sevenless homolog 1	None	B:60,13,64,63,65,66,70,67,73,69,102,103,40,54,55,71,37,61,59,58,57,34,35,32,21,17,18,31,25,30,68,95,56,74,12,33,62,105	SOS1_HUMAN	None	None	RasGEF	None	B	None	None	None	FMT,NA	None	None	XRAY	1.680	0.160	GMTEYKLVVVGAGGVGKSALTIQLIQNHFVDEYDPTIEDSYRKQVVIDGETCLLDILDTAGQEEYSAMRDQYMRTGEGFLCVFAINNTKSFEDIHQYREQIKRVKDSDDVPMVLVGNKCDLAARTVESRQAQDLARSYGIPYIETSAKTRQGVEDAFYTLVREIRQH	56,57,58,59,60,61,62,63,64,65,66,67,68,69,70,71,72,73,74,75,76	LDTAGQEEYSAMRDQYMRTGE	21.0	None	None	None	True	183.621	183.621	178.738	90.00	90.00	90.00	/Users/mitchellparker/Desktop/rascore_build/core/6d56C_core.cif	/Users/mitchellparker/Desktop/rascore_build/rcsb/6d56.cif.gz	/Users/mitchellparker/Desktop/rascore_build/renum/6d56_renum.cif	/Users/mitchellparker/Desktop/rascore_build/rcsb_assembly/6d56-assembly-1.cif.gz	/Users/mitchellparker/Desktop/rascore_build/renum_assembly/6d56-assembly-1_renum.cif	/Users/mitchellparker/Desktop/rascore_build/sifts/6d56.xml.gz
6d59C	6d59	0	C	Y32out.0P-GEF	Y32out	Y71out	I 4 2 2 (CF2)	Y71out.0P-GEF	BBABLAAABAAAAAAAAAABA	0.0	0.23	GTPase HRas	RASH_HUMAN	P01112	WT	WT	HRAS	0P	WT	None	None	GEF.CDC25	None	SP2-Unbound	I 4 2 2	167	1-166	2018-04-19	SP2	Unbound	-102.23	-130.09	-92.22	-43.16	100.3	-100.73	-61.92	-71.41	-77.4	-69.73	-81.98	-94.0	-57.44	-60.4	-50.22	-70.9	-66.84	-56.64	-71.07	-94.78	-94.51	115.78	104.56	26.58	132.47	-17.36	19.42	-28.48	-18.98	66.32	-23.32	-1.37	-5.18	-43.82	-48.57	-49.34	-43.53	-33.07	-27.93	-16.05	145.49	-26.36	173.7	175.61	-179.0	178.02	-176.98	179.7	-172.68	179.79	172.18	-170.05	178.64	173.77	-175.79	-179.89	176.59	-178.99	-175.08	-175.85	-176.91	-164.48	169.21	Above 0.4	FMT,NA	Son of sevenless homolog 1	None	B:60,13,64,63,65,66,70,67,73,69,102,103,40,54,55,71,37,61,59,58,57,34,35,32,21,17,18,30,25,31,68,95,56,12,33,74,62,105	SOS1_HUMAN	None	None	RasGEF	None	B	None	None	None	FMT,NA	None	None	XRAY	1.700	0.158	GMTEYKLVVVGAGGVGKSALTIQLIQNHFVDEYDPTIEDSYRKQVVIDGETCLLDILDTAGQEEYSAMRDQYMRTGEGFLCVFAINNTKSFEDIHQYREQIKRVKDSDDVPMVLVGNKCDLAARTVESRQAQDLARSYGIPYIETSAKTRQGVEDAFYTLVREIRQH	56,57,58,59,60,61,62,63,64,65,66,67,68,69,70,71,72,73,74,75,76	LDTAGQEEYSAMRDQYMRTGE	21.0	None	None	None	True	184.107	184.107	179.426	90.00	90.00	90.00	/Users/mitchellparker/Desktop/rascore_build/core/6d59C_core.cif	/Users/mitchellparker/Desktop/rascore_build/rcsb/6d59.cif.gz	/Users/mitchellparker/Desktop/rascore_build/renum/6d59_renum.cif	/Users/mitchellparker/Desktop/rascore_build/rcsb_assembly/6d59-assembly-1.cif.gz	/Users/mitchellparker/Desktop/rascore_build/renum_assembly/6d59-assembly-1_renum.cif	/Users/mitchellparker/Desktop/rascore_build/sifts/6d59.xml.gz
6d5eC	6d5e	0	C	Y32out.0P-GEF	Y32out	Y71out	I 4 2 2 (CF2)	Y71out.0P-GEF	BBABLAAABAAAAAAAAAABA	0.0	0.27	GTPase HRas	RASH_HUMAN	P01112	WT	WT	HRAS	0P	WT	None	None	GEF.CDC25	None	SP2-Unbound	I 4 2 2	167	1-166	2018-04-19	SP2	Unbound	-100.86	-131.01	-92.95	-44.01	100.53	-101.44	-62.19	-71.51	-75.65	-69.83	-82.52	-94.15	-56.48	-63.1	-52.89	-75.02	-67.41	-58.69	-71.65	-98.51	-96.51	117.51	106.02	26.92	132.88	-17.75	19.79	-28.28	-19.9	66.04	-23.49	-0.58	-4.15	-43.14	-47.35	-42.99	-44.38	-31.22	-24.73	-15.36	148.03	-28.07	173.2	175.38	-179.1	178.42	-176.38	-179.56	-173.7	-179.84	171.59	-170.0	178.91	173.45	-177.2	-179.17	177.72	179.2	-174.68	-178.17	-178.3	-163.29	170.26	Above 0.4	CL,CL,NA	Son of sevenless homolog 1	None	B:60,13,63,64,65,66,70,67,73,69,102,103,40,54,55,71,37,61,59,58,57,34,35,32,21,17,18,31,25,30,68,95,56,74,146,33,12,105,62	SOS1_HUMAN	None	None	RasGEF	None	B	None	None	None	CL,FMT,NA	None	None	XRAY	1.750	0.160	GMTEYKLVVVGAGGVGKSALTIQLIQNHFVDEYDPTIEDSYRKQVVIDGETCLLDILDTAGQEEYSAMRDQYMRTGEGFLCVFAINNTKSFEDIHQYREQIKRVKDSDDVPMVLVGNKCDLAARTVESRQAQDLARSYGIPYIETSAKTRQGVEDAFYTLVREIRQH	56,57,58,59,60,61,62,63,64,65,66,67,68,69,70,71,72,73,74,75,76	LDTAGQEEYSAMRDQYMRTGE	21.0	None	None	None	True	183.613	183.613	179.178	90.00	90.00	90.00	/Users/mitchellparker/Desktop/rascore_build/core/6d5eC_core.cif	/Users/mitchellparker/Desktop/rascore_build/rcsb/6d5e.cif.gz	/Users/mitchellparker/Desktop/rascore_build/renum/6d5e_renum.cif	/Users/mitchellparker/Desktop/rascore_build/rcsb_assembly/6d5e-assembly-1.cif.gz	/Users/mitchellparker/Desktop/rascore_build/renum_assembly/6d5e-assembly-1_renum.cif	/Users/mitchellparker/Desktop/rascore_build/sifts/6d5e.xml.gz
6d5gC	6d5g	0	C	Y32out.0P-GEF	Y32out	Y71out	I 4 2 2 (CF2)	Y71out.0P-GEF	BBABLAAABAAAAAAAAAABA	0.01	0.27	GTPase HRas	RASH_HUMAN	P01112	WT	WT	HRAS	0P	WT	None	None	GEF.CDC25	None	SP2-Unbound	I 4 2 2	167	1-166	2018-04-19	SP2	Unbound	-100.48	-131.24	-92.93	-41.23	98.97	-101.15	-61.67	-71.58	-76.43	-68.48	-80.67	-93.97	-57.79	-57.97	-51.45	-73.36	-63.77	-59.94	-70.82	-97.84	-93.26	116.38	106.35	25.19	133.74	-18.08	18.81	-28.36	-19.39	62.37	-23.54	-2.26	-4.81	-45.61	-49.44	-46.03	-45.7	-33.81	-23.75	-15.64	145.79	-30.05	173.81	174.47	-178.69	177.7	-175.96	-178.43	-171.79	-179.44	172.45	-169.99	178.01	175.54	-175.83	178.4	178.66	-179.29	-175.43	-176.12	179.86	-164.72	169.4	Above 0.4	CL,CL,BME	Son of sevenless homolog 1	None	B:60,13,64,63,65,66,70,67,73,69,102,103,40,54,55,71,37,61,59,58,57,34,35,32,21,17,18,31,25,30,95,105,68,56,146,33,12,74,62	SOS1_HUMAN	None	None	RasGEF	None	B	None	None	None	BME,CL	None	None	XRAY	1.920	0.156	GMTEYKLVVVGAGGVGKSALTIQLIQNHFVDEYDPTIEDSYRKQVVIDGETCLLDILDTAGQEEYSAMRDQYMRTGEGFLCVFAINNTKSFEDIHQYREQIKRVKDSDDVPMVLVGNKCDLAARTVESRQAQDLARSYGIPYIETSAKTRQGVEDAFYTLVREIRQH	56,57,58,59,60,61,62,63,64,65,66,67,68,69,70,71,72,73,74,75,76	LDTAGQEEYSAMRDQYMRTGE	21.0	None	None	None	True	183.050	183.050	178.784	90.00	90.00	90.00	/Users/mitchellparker/Desktop/rascore_build/core/6d5gC_core.cif	/Users/mitchellparker/Desktop/rascore_build/rcsb/6d5g.cif.gz	/Users/mitchellparker/Desktop/rascore_build/renum/6d5g_renum.cif	/Users/mitchellparker/Desktop/rascore_build/rcsb_assembly/6d5g-assembly-1.cif.gz	/Users/mitchellparker/Desktop/rascore_build/renum_assembly/6d5g-assembly-1_renum.cif	/Users/mitchellparker/Desktop/rascore_build/sifts/6d5g.xml.gz
6d5hC	6d5h	0	C	Y32out.0P-GEF	Y32out	Y71out	I 4 2 2 (CF2)	Y71out.0P-GEF	BBABLAAABAAAAAAAAAABA	0.01	0.21	GTPase HRas	RASH_HUMAN	P01112	WT	WT	HRAS	0P	WT	None	None	GEF.CDC25	None	SP2-Unbound	I 4 2 2	167	1-166	2018-04-19	SP2	Unbound	-100.99	-131.44	-96.09	-45.34	99.95	-101.52	-59.82	-73.57	-76.09	-65.74	-83.1	-95.63	-58.61	-56.46	-51.91	-65.14	-65.03	-58.45	-71.1	-91.68	-95.67	117.03	106.13	28.23	134.48	-18.64	17.59	-27.92	-20.15	64.81	-25.07	-2.13	-4.03	-46.06	-50.7	-51.29	-44.39	-34.0	-28.62	-16.71	147.14	-29.54	174.57	176.31	-175.36	178.41	-176.63	-178.31	-173.17	-179.1	172.89	-169.71	-178.85	177.14	-176.07	-179.99	178.3	179.24	-176.65	-175.41	-179.32	-168.04	171.16	Above 0.4	CL,CL	Son of sevenless homolog 1	None	B:60,13,64,63,65,66,70,67,73,69,102,103,40,54,56,55,71,37,61,59,58,57,34,35,32,21,17,18,31,25,30,95,105,68,33,146,12,62,74	SOS1_HUMAN	None	None	RasGEF	None	B	None	None	None	CL	None	None	XRAY	1.800	0.168	GMTEYKLVVVGAGGVGKSALTIQLIQNHFVDEYDPTIEDSYRKQVVIDGETCLLDILDTAGQEEYSAMRDQYMRTGEGFLCVFAINNTKSFEDIHQYREQIKRVKDSDDVPMVLVGNKCDLAARTVESRQAQDLARSYGIPYIETSAKTRQGVEDAFYTLVREIRQH	56,57,58,59,60,61,62,63,64,65,66,67,68,69,70,71,72,73,74,75,76	LDTAGQEEYSAMRDQYMRTGE	21.0	None	None	None	True	184.142	184.142	179.238	90.00	90.00	90.00	/Users/mitchellparker/Desktop/rascore_build/core/6d5hC_core.cif	/Users/mitchellparker/Desktop/rascore_build/rcsb/6d5h.cif.gz	/Users/mitchellparker/Desktop/rascore_build/renum/6d5h_renum.cif	/Users/mitchellparker/Desktop/rascore_build/rcsb_assembly/6d5h-assembly-1.cif.gz	/Users/mitchellparker/Desktop/rascore_build/renum_assembly/6d5h-assembly-1_renum.cif	/Users/mitchellparker/Desktop/rascore_build/sifts/6d5h.xml.gz
6d5jC	6d5j	0	C	Y32out.0P-GEF	Y32out	Y71out	I 4 2 2 (CF2)	Y71out.0P-GEF	BBABLAAABAAAAAAAAAABA	0.0	0.22	GTPase HRas	RASH_HUMAN	P01112	WT	WT	HRAS	0P	WT	None	None	GEF.CDC25	None	SP2-Unbound	I 4 2 2	167	1-166	2018-04-19	SP2	Unbound	-100.56	-131.03	-91.95	-45.53	100.23	-100.92	-61.44	-72.13	-78.29	-68.61	-81.88	-93.15	-58.24	-59.17	-52.78	-70.31	-66.58	-59.01	-72.13	-95.21	-95.07	116.31	104.14	28.03	133.73	-18.51	19.74	-29.38	-18.15	66.11	-24.47	-1.86	-4.78	-44.77	-48.32	-48.27	-43.46	-31.11	-26.81	-16.11	146.7	-27.41	173.11	175.76	-179.08	178.83	-175.71	-179.46	-172.79	-178.92	172.13	-170.43	178.91	173.66	-176.13	-179.23	178.39	-179.21	-176.28	-176.37	-176.78	-165.82	169.19	Above 0.4	FMT,NA	Son of sevenless homolog 1	None	B:60,13,64,63,65,66,70,67,73,69,102,103,40,54,55,71,37,61,59,58,57,34,35,32,21,17,18,31,30,25,68,95,56,146,33,74,12,62,105	SOS1_HUMAN	None	None	RasGEF	None	B	None	None	None	FMT,NA	None	None	XRAY	1.751	0.158	GMTEYKLVVVGAGGVGKSALTIQLIQNHFVDEYDPTIEDSYRKQVVIDGETCLLDILDTAGQEEYSAMRDQYMRTGEGFLCVFAINNTKSFEDIHQYREQIKRVKDSDDVPMVLVGNKCDLAARTVESRQAQDLARSYGIPYIETSAKTRQGVEDAFYTLVREIRQH	56,57,58,59,60,61,62,63,64,65,66,67,68,69,70,71,72,73,74,75,76	LDTAGQEEYSAMRDQYMRTGE	21.0	None	None	None	True	183.627	183.627	179.056	90.00	90.00	90.00	/Users/mitchellparker/Desktop/rascore_build/core/6d5jC_core.cif	/Users/mitchellparker/Desktop/rascore_build/rcsb/6d5j.cif.gz	/Users/mitchellparker/Desktop/rascore_build/renum/6d5j_renum.cif	/Users/mitchellparker/Desktop/rascore_build/rcsb_assembly/6d5j-assembly-1.cif.gz	/Users/mitchellparker/Desktop/rascore_build/renum_assembly/6d5j-assembly-1_renum.cif	/Users/mitchellparker/Desktop/rascore_build/sifts/6d5j.xml.gz
6d5lC	6d5l	0	C	Y32out.0P-GEF	Y32out	Y71out	I 4 2 2 (CF2)	Y71out.0P-GEF	BBABLAAABAAAAAAAAAABA	0.0	0.21	GTPase HRas	RASH_HUMAN	P01112	WT	WT	HRAS	0P	WT	None	None	GEF.CDC25	None	SP2-Unbound	I 4 2 2	167	1-166	2018-04-19	SP2	Unbound	-100.57	-131.54	-93.04	-40.57	99.93	-101.57	-60.09	-73.04	-78.76	-68.72	-81.64	-92.72	-59.62	-58.6	-57.69	-63.56	-64.49	-57.98	-71.37	-94.89	-93.26	116.57	105.59	25.37	131.46	-16.93	18.52	-29.27	-18.3	67.5	-24.68	-3.47	-6.97	-42.49	-48.95	-48.18	-44.51	-33.64	-27.87	-15.35	146.97	-26.22	173.12	175.49	-178.2	176.26	-177.23	-179.88	-173.3	-178.14	172.28	-170.48	179.97	173.41	-175.17	-178.97	-179.42	179.91	-178.09	-176.83	-177.47	-167.36	167.86	Above 0.4	FMT,NA	Son of sevenless homolog 1	None	B:60,13,64,63,65,66,70,67,73,69,102,103,40,54,55,71,37,61,59,58,57,34,35,32,21,17,18,31,25,30,68,95,105,56,146,33,12,74,62	SOS1_HUMAN	None	None	RasGEF	None	B	None	None	None	FMT,NA	None	None	XRAY	1.700	0.159	GMTEYKLVVVGAGGVGKSALTIQLIQNHFVDEYDPTIEDSYRKQVVIDGETCLLDILDTAGQEEYSAMRDQYMRTGEGFLCVFAINNTKSFEDIHQYREQIKRVKDSDDVPMVLVGNKCDLAARTVESRQAQDLARSYGIPYIETSAKTRQGVEDAFYTLVREIRQH	56,57,58,59,60,61,62,63,64,65,66,67,68,69,70,71,72,73,74,75,76	LDTAGQEEYSAMRDQYMRTGE	21.0	None	None	None	True	183.757	183.757	178.445	90.00	90.00	90.00	/Users/mitchellparker/Desktop/rascore_build/core/6d5lC_core.cif	/Users/mitchellparker/Desktop/rascore_build/rcsb/6d5l.cif.gz	/Users/mitchellparker/Desktop/rascore_build/renum/6d5l_renum.cif	/Users/mitchellparker/Desktop/rascore_build/rcsb_assembly/6d5l-assembly-1.cif.gz	/Users/mitchellparker/Desktop/rascore_build/renum_assembly/6d5l-assembly-1_renum.cif	/Users/mitchellparker/Desktop/rascore_build/sifts/6d5l.xml.gz
6d5mR	6d5m	0	R	Outlier	Y32out	Y71out	I 4 2 2 (CF2)	Y71out.0P-GEF	BBABLAAABAAAAAAAAAABA	0.01	0.25	GTPase HRas	RASH_HUMAN	P01112	WT	WT	HRAS	0P	WT	None	None	GEF.CDC25	None	SP2-Unbound	I 4 2 2	167	1-166	2018-04-19	SP2	Unbound	-103.01	-129.14	-95.75	-44.92	101.4	-103.45	-56.93	-71.23	-76.18	-68.43	-81.92	-95.63	-59.73	-57.1	-60.38	-64.05	-64.62	-57.21	-74.33	-105.21	-105.76	114.87	105.78	28.8	133.84	-18.39	17.21	-32.25	-21.22	65.01	-25.22	-1.63	-7.44	-43.66	-47.88	-45.03	-46.18	-33.96	-29.14	-9.04	151.62	-18.0	171.18	175.14	-176.97	177.81	-176.74	-178.19	-174.27	-178.13	171.91	-169.99	-179.71	175.78	-175.8	176.54	-178.73	175.36	-176.95	-175.91	-176.91	-169.58	172.46	Above 0.4	None	Son of sevenless homolog 1	None	S:60,13,63,64,65,66,70,67,73,69,102,103,40,54,55,71,37,61,59,58,57,34,32,21,17,15,25,31,30,68,95,105,14,12,56,16,74,35	SOS1_HUMAN	None	None	RasGEF	None	S	None	None	None	None	None	None	XRAY	2.081	0.170	GMTEYKLVVVGAGGVGKSALTIQLIQNHFVDEYDPTIEDSYRKQVVIDGETCLLDILDTAGQEEYSAMRDQYMRTGEGFLCVFAINNTKSFEDIHQYREQIKRVKDSDDVPMVLVGNKCDLAARTVESRQAQDLARSYGIPYIETSAKTRQGVEDAFYTLVREIRQH	56,57,58,59,60,61,62,63,64,65,66,67,68,69,70,71,72,73,74,75,76	LDTAGQEEYSAMRDQYMRTGE	21.0	None	None	None	True	183.134	183.134	178.329	90.00	90.00	90.00	/Users/mitchellparker/Desktop/rascore_build/core/6d5mR_core.cif	/Users/mitchellparker/Desktop/rascore_build/rcsb/6d5m.cif.gz	/Users/mitchellparker/Desktop/rascore_build/renum/6d5m_renum.cif	/Users/mitchellparker/Desktop/rascore_build/rcsb_assembly/6d5m-assembly-1.cif.gz	/Users/mitchellparker/Desktop/rascore_build/renum_assembly/6d5m-assembly-1_renum.cif	/Users/mitchellparker/Desktop/rascore_build/sifts/6d5m.xml.gz
6d5vR	6d5v	0	R	Outlier	Y32out	Y71out	I 4 2 2 (CF2)	Y71out.0P-GEF	BBABLAAABAAAAAAAAAABA	0.01	0.26	GTPase HRas	RASH_HUMAN	P01112	WT	WT	HRAS	0P	WT	None	None	GEF.CDC25	None	SP2-Unbound	I 4 2 2	167	1-166	2018-04-19	SP2	Unbound	-100.17	-131.14	-93.89	-41.11	103.53	-102.04	-61.04	-72.8	-76.68	-70.24	-80.37	-91.91	-60.71	-55.51	-62.18	-67.09	-62.67	-57.64	-71.12	-108.17	-103.06	116.3	105.77	27.86	130.68	-19.56	18.27	-29.44	-20.78	68.01	-25.27	-4.77	-6.33	-43.79	-47.54	-42.55	-45.75	-34.73	-30.53	-9.02	152.12	-20.97	173.79	174.27	-178.96	175.96	-176.83	-178.36	-172.69	-179.3	172.48	-170.54	179.13	174.02	-176.03	177.63	-178.39	178.14	-177.08	-176.25	-178.84	-168.82	174.04	Above 0.4	None	Son of sevenless homolog 1	None	S:60,13,64,63,65,66,70,67,73,69,102,103,40,54,55,71,61,59,58,57,34,35,32,21,17,25,31,30,68,95,105,12,74,56,33,37	SOS1_HUMAN	None	None	RasGEF	None	S	None	None	None	None	None	None	XRAY	2.040	0.167	GMTEYKLVVVGAGGVGKSALTIQLIQNHFVDEYDPTIEDSYRKQVVIDGETCLLDILDTAGQEEYSAMRDQYMRTGEGFLCVFAINNTKSFEDIHQYREQIKRVKDSDDVPMVLVGNKCDLAARTVESRQAQDLARSYGIPYIETSAKTRQGVEDAFYTLVREIRQH	56,57,58,59,60,61,62,63,64,65,66,67,68,69,70,71,72,73,74,75,76	LDTAGQEEYSAMRDQYMRTGE	21.0	None	None	None	True	182.822	182.822	177.866	90.00	90.00	90.00	/Users/mitchellparker/Desktop/rascore_build/core/6d5vR_core.cif	/Users/mitchellparker/Desktop/rascore_build/rcsb/6d5v.cif.gz	/Users/mitchellparker/Desktop/rascore_build/renum/6d5v_renum.cif	/Users/mitchellparker/Desktop/rascore_build/rcsb_assembly/6d5v-assembly-1.cif.gz	/Users/mitchellparker/Desktop/rascore_build/renum_assembly/6d5v-assembly-1_renum.cif	/Users/mitchellparker/Desktop/rascore_build/sifts/6d5v.xml.gz
6d5wR	6d5w	0	R	Outlier	Y32out	Y71out	I 4 2 2 (CF2)	Y71out.0P-GEF	BBABLAAABAAAAAAAAAABA	0.03	0.24	GTPase HRas	RASH_HUMAN	P01112	WT	WT	HRAS	0P	WT	None	None	GEF.CDC25	None	SP2-Unbound	I 4 2 2	167	1-166	2018-04-19	SP2	Unbound	-103.62	-133.93	-96.37	-41.51	100.45	-104.21	-62.23	-71.64	-79.89	-66.6	-75.71	-98.96	-53.81	-62.02	-49.72	-69.77	-66.38	-58.61	-79.05	-109.13	-95.41	122.17	107.78	19.57	134.34	-16.12	19.43	-27.4	-20.18	62.55	-26.41	-2.13	-11.8	-44.34	-47.55	-48.32	-49.36	-30.59	-24.91	-6.95	146.65	-15.48	169.8	175.76	-175.11	-177.83	-175.22	179.3	-174.04	178.96	174.64	-170.48	177.55	178.99	-176.37	176.63	174.07	-177.24	-176.34	-177.37	-175.17	-168.06	177.0	Above 0.4	None	Son of sevenless homolog 1	None	S:60,13,63,64,66,70,67,73,69,102,103,40,56,54,55,71,61,59,58,57,34,35,32,21,17,25,30,31,65,95,105,18	SOS1_HUMAN	None	None	RasGEF	None	S	None	None	None	None	None	None	XRAY	2.478	0.195	GMTEYKLVVVGAGGVGKSALTIQLIQNHFVDEYDPTIEDSYRKQVVIDGETCLLDILDTAGQEEYSAMRDQYMRTGEGFLCVFAINNTKSFEDIHQYREQIKRVKDSDDVPMVLVGNKCDLAARTVESRQAQDLARSYGIPYIETSAKTRQGVEDAFYTLVREIRQH	56,57,58,59,60,61,62,63,64,65,66,67,68,69,70,71,72,73,74,75,76	LDTAGQEEYSAMRDQYMRTGE	21.0	None	None	None	True	186.125	186.125	179.217	90.00	90.00	90.00	/Users/mitchellparker/Desktop/rascore_build/core/6d5wR_core.cif	/Users/mitchellparker/Desktop/rascore_build/rcsb/6d5w.cif.gz	/Users/mitchellparker/Desktop/rascore_build/renum/6d5w_renum.cif	/Users/mitchellparker/Desktop/rascore_build/rcsb_assembly/6d5w-assembly-1.cif.gz	/Users/mitchellparker/Desktop/rascore_build/renum_assembly/6d5w-assembly-1_renum.cif	/Users/mitchellparker/Desktop/rascore_build/sifts/6d5w.xml.gz
6eplR	6epl	0	R	Outlier	Y32out	Y71out	I 4 2 2 (CF1)	Y71out.0P-GEF	BBABLAAABAAAAAAAAAABA	0.03	0.32	GTPase KRas	RASK_HUMAN	P01116-2	G12C,C118S,D126E,T127S,K128R	G12,C118,D126,T127,K128	KRAS	0P	G12C	None	None	GEF.CDC25	None	SP2-Unbound	I 4 2 2	170	1-169	2017-10-12	SP2	Unbound	-97.54	-127.71	-104.1	-54.53	99.9	-107.22	-66.24	-67.1	-75.11	-69.88	-80.9	-92.1	-63.22	-54.5	-56.67	-62.3	-59.69	-61.47	-67.21	-89.53	-93.37	119.89	113.35	30.61	137.16	-17.57	24.81	-30.32	-27.7	70.39	-26.83	-5.45	-4.37	-45.47	-48.54	-53.05	-45.48	-39.97	-23.42	-17.23	145.81	-34.43	169.17	172.57	-178.65	177.23	-172.38	-178.51	-174.09	178.08	172.03	-169.56	178.11	175.54	-177.04	177.93	179.02	-179.28	179.25	-177.48	175.64	-173.89	166.51	Above 0.4	GOL	Son of sevenless homolog 1	None	S:60,63,64,65,66,70,67,73,69,102,40,56,54,55,71,61,59,58,57,34,17,32,21,25,30,31,68,105,99,12,74	SOS1_HUMAN	None	None	RasGEF	None	S	None	None	None	GOL	None	None	XRAY	2.550	0.192	GMTEYKLVVVGACGVGKSALTIQLIQNHFVDEYDPTIEDSYRKQVVIDGETCLLDILDTAGQEEYSAMRDQYMRTGEGFLCVFAINNTKSFEDIHHYREQIKRVKDSEDVPMVLVGNKSDLPSRTVESRQAQDLARSYGIPFIETSAKTRQGVDDAFYTLVREIRKHKEK	56,57,58,59,60,61,62,63,64,65,66,67,68,69,70,71,72,73,74,75,76	LDTAGQEEYSAMRDQYMRTGE	21.0	None	None	None	True	149.522	149.522	202.101	90.00	90.00	90.00	/Users/mitchellparker/Desktop/rascore_build/core/6eplR_core.cif	/Users/mitchellparker/Desktop/rascore_build/rcsb/6epl.cif.gz	/Users/mitchellparker/Desktop/rascore_build/renum/6epl_renum.cif	/Users/mitchellparker/Desktop/rascore_build/rcsb_assembly/6epl-assembly-1.cif.gz	/Users/mitchellparker/Desktop/rascore_build/renum_assembly/6epl-assembly-1_renum.cif	/Users/mitchellparker/Desktop/rascore_build/sifts/6epl.xml.gz
6epmR	6epm	0	R	Outlier	Y32out	Y71out	I 4 2 2 (CF1)	Y71out.0P-GEF	BBABLAAABAAAAAAAAAABA	0.01	0.32	GTPase KRas	RASK_HUMAN	P01116-2	G12C,C118S,D126E,T127S,K128R	G12,C118,D126,T127,K128	KRAS	0P	G12C	None	None	GEF.CDC25	None	SP2-Unbound	I 4 2 2	170	1-169	2017-10-12	SP2	Unbound	-94.43	-128.6	-100.48	-44.36	98.13	-106.92	-63.35	-69.95	-75.49	-67.35	-80.11	-96.19	-54.81	-59.28	-51.75	-71.02	-59.26	-55.85	-71.08	-103.2	-93.55	118.04	111.88	26.29	132.08	-13.28	20.31	-29.77	-24.76	68.42	-28.03	-4.2	-7.2	-45.87	-46.8	-47.85	-46.04	-40.16	-27.96	-12.41	149.06	-27.12	172.57	175.75	-178.17	175.84	-175.24	179.67	-174.63	175.27	172.34	-168.54	179.38	176.02	-179.32	-179.75	174.82	-177.05	179.47	-179.71	-179.93	-170.66	169.39	Above 0.4	GOL	Son of sevenless homolog 1	None	S:60,63,64,65,66,70,67,73,69,102,40,56,54,55,71,37,61,59,58,57,34,35,32,21,25,30,31,33,68,105,12,74,95,98,13	SOS1_HUMAN	None	None	RasGEF	None	S	None	None	None	GOL	None	None	XRAY	2.500	0.181	GMTEYKLVVVGACGVGKSALTIQLIQNHFVDEYDPTIEDSYRKQVVIDGETCLLDILDTAGQEEYSAMRDQYMRTGEGFLCVFAINNTKSFEDIHHYREQIKRVKDSEDVPMVLVGNKSDLPSRTVESRQAQDLARSYGIPFIETSAKTRQGVDDAFYTLVREIRKHKEK	56,57,58,59,60,61,62,63,64,65,66,67,68,69,70,71,72,73,74,75,76	LDTAGQEEYSAMRDQYMRTGE	21.0	None	None	None	True	150.223	150.223	200.471	90.00	90.00	90.00	/Users/mitchellparker/Desktop/rascore_build/core/6epmR_core.cif	/Users/mitchellparker/Desktop/rascore_build/rcsb/6epm.cif.gz	/Users/mitchellparker/Desktop/rascore_build/renum/6epm_renum.cif	/Users/mitchellparker/Desktop/rascore_build/rcsb_assembly/6epm-assembly-1.cif.gz	/Users/mitchellparker/Desktop/rascore_build/renum_assembly/6epm-assembly-1_renum.cif	/Users/mitchellparker/Desktop/rascore_build/sifts/6epm.xml.gz
6epnR	6epn	0	R	Outlier	Y32out	Y71out	I 4 2 2 (CF1)	Y71out.0P-GEF	BBABLAAABAAAAAAAAAABA	0.01	0.29	GTPase KRas	RASK_HUMAN	P01116-2	G12C,C118S,D126E,T127S,K128R	G12,C118,D126,T127,K128	KRAS	0P	G12C	None	None	GEF.CDC25	None	SP2-Unbound	I 4 2 2	170	1-169	2017-10-12	SP2	Unbound	-98.43	-126.45	-99.89	-41.53	103.07	-106.13	-63.04	-66.93	-75.99	-67.14	-79.07	-92.66	-57.38	-55.79	-51.13	-66.54	-65.16	-55.9	-67.3	-99.52	-96.78	114.24	112.09	22.12	131.52	-16.86	20.06	-31.39	-24.31	68.58	-27.49	-7.86	-4.2	-46.96	-49.96	-53.67	-43.42	-37.73	-28.49	-16.15	151.84	-32.53	174.11	174.43	-179.28	176.11	-175.64	-177.63	-174.01	175.26	170.63	-171.43	179.98	174.72	179.67	178.65	178.95	-175.19	-177.63	-179.98	179.93	-169.85	170.75	Above 0.4	GOL	Son of sevenless homolog 1	None	S:60,63,64,65,66,70,67,73,69,102,40,56,54,55,71,61,59,58,57,34,17,32,21,25,30,31,68,105,74,95,98	SOS1_HUMAN	None	None	RasGEF	None	S	None	None	None	GOL	None	None	XRAY	2.500	0.179	GMTEYKLVVVGACGVGKSALTIQLIQNHFVDEYDPTIEDSYRKQVVIDGETCLLDILDTAGQEEYSAMRDQYMRTGEGFLCVFAINNTKSFEDIHHYREQIKRVKDSEDVPMVLVGNKSDLPSRTVESRQAQDLARSYGIPFIETSAKTRQGVDDAFYTLVREIRKHKEK	56,57,58,59,60,61,62,63,64,65,66,67,68,69,70,71,72,73,74,75,76	LDTAGQEEYSAMRDQYMRTGE	21.0	None	None	None	True	149.990	149.990	201.070	90.00	90.00	90.00	/Users/mitchellparker/Desktop/rascore_build/core/6epnR_core.cif	/Users/mitchellparker/Desktop/rascore_build/rcsb/6epn.cif.gz	/Users/mitchellparker/Desktop/rascore_build/renum/6epn_renum.cif	/Users/mitchellparker/Desktop/rascore_build/rcsb_assembly/6epn-assembly-1.cif.gz	/Users/mitchellparker/Desktop/rascore_build/renum_assembly/6epn-assembly-1_renum.cif	/Users/mitchellparker/Desktop/rascore_build/sifts/6epn.xml.gz
6epoR	6epo	0	R	Outlier	Y32out	Y71out	I 4 2 2 (CF1)	Y71out.0P-GEF	BBABLAAABAAAAAAAAAABA	0.01	0.28	GTPase KRas	RASK_HUMAN	P01116-2	G12C,C118S,D126E,T127S,K128R	G12,C118,D126,T127,K128	KRAS	0P	G12C	None	None	GEF.CDC25	None	SP2-Unbound	I 4 2 2	170	1-169	2017-10-12	SP2	Unbound	-95.87	-126.68	-95.18	-39.54	100.76	-108.74	-63.8	-66.5	-77.63	-65.48	-78.36	-95.92	-58.38	-53.61	-52.58	-68.79	-62.71	-57.69	-65.97	-92.95	-94.2	117.08	110.83	20.38	128.83	-14.4	19.25	-31.4	-25.35	69.37	-28.78	-4.44	-6.7	-47.56	-50.57	-49.9	-43.25	-39.28	-27.35	-18.33	147.97	-27.58	173.97	174.5	178.63	175.28	-174.01	-176.97	-173.08	175.57	173.37	-170.51	179.31	178.96	-176.73	178.3	178.13	-176.02	179.43	178.58	177.97	-173.93	167.26	Above 0.4	GOL	Son of sevenless homolog 1	None	S:60,63,64,65,66,70,67,73,69,102,40,56,54,55,71,61,59,58,57,34,35,17,32,21,25,30,31,68,105,12,74,13	SOS1_HUMAN	None	None	RasGEF	None	S	None	None	None	GOL	None	None	XRAY	2.400	0.187	GMTEYKLVVVGACGVGKSALTIQLIQNHFVDEYDPTIEDSYRKQVVIDGETCLLDILDTAGQEEYSAMRDQYMRTGEGFLCVFAINNTKSFEDIHHYREQIKRVKDSEDVPMVLVGNKSDLPSRTVESRQAQDLARSYGIPFIETSAKTRQGVDDAFYTLVREIRKHKEK	56,57,58,59,60,61,62,63,64,65,66,67,68,69,70,71,72,73,74,75,76	LDTAGQEEYSAMRDQYMRTGE	21.0	None	None	None	True	150.118	150.118	200.087	90.00	90.00	90.00	/Users/mitchellparker/Desktop/rascore_build/core/6epoR_core.cif	/Users/mitchellparker/Desktop/rascore_build/rcsb/6epo.cif.gz	/Users/mitchellparker/Desktop/rascore_build/renum/6epo_renum.cif	/Users/mitchellparker/Desktop/rascore_build/rcsb_assembly/6epo-assembly-1.cif.gz	/Users/mitchellparker/Desktop/rascore_build/renum_assembly/6epo-assembly-1_renum.cif	/Users/mitchellparker/Desktop/rascore_build/sifts/6epo.xml.gz
6eppR	6epp	0	R	Outlier	Y32out	Y71out	I 4 2 2 (CF1)	Y71out.0P-GEF	BBABLAAABAAAAAAAAAABA	0.01	0.28	GTPase KRas	RASK_HUMAN	P01116-2	G12C,C118S,D126E,T127S,K128R	G12,C118,D126,T127,K128	KRAS	0P	G12C	None	None	GEF.CDC25	None	SP2-Unbound	I 4 2 2	170	1-168	2017-10-12	SP2	Unbound	-100.17	-127.78	-99.95	-39.98	101.44	-104.41	-58.32	-67.43	-78.69	-66.73	-78.78	-98.24	-60.53	-54.81	-51.76	-66.6	-60.05	-55.92	-63.71	-91.96	-97.06	119.09	112.12	22.88	128.57	-13.01	16.19	-34.42	-21.77	69.71	-27.49	-1.83	-3.51	-46.37	-51.03	-50.25	-45.62	-40.63	-30.59	-19.99	150.46	-28.93	175.19	176.54	179.33	175.12	-176.58	-179.62	-173.89	175.64	171.0	-169.71	178.69	177.98	-176.57	178.6	177.25	-176.35	178.62	-178.49	-179.9	-172.7	166.94	Above 0.4	GOL	Son of sevenless homolog 1	None	S:60,63,64,65,66,70,67,73,69,102,40,56,54,55,71,61,59,58,57,34,17,32,21,30,31,68,105,74	SOS1_HUMAN	None	None	RasGEF	None	S	None	None	None	GOL	None	None	XRAY	2.400	0.178	GMTEYKLVVVGACGVGKSALTIQLIQNHFVDEYDPTIEDSYRKQVVIDGETCLLDILDTAGQEEYSAMRDQYMRTGEGFLCVFAINNTKSFEDIHHYREQIKRVKDSEDVPMVLVGNKSDLPSRTVESRQAQDLARSYGIPFIETSAKTRQGVDDAFYTLVREIRKHKEK	56,57,58,59,60,61,62,63,64,65,66,67,68,69,70,71,72,73,74,75,76	LDTAGQEEYSAMRDQYMRTGE	21.0	None	None	None	True	149.980	149.980	200.370	90.00	90.00	90.00	/Users/mitchellparker/Desktop/rascore_build/core/6eppR_core.cif	/Users/mitchellparker/Desktop/rascore_build/rcsb/6epp.cif.gz	/Users/mitchellparker/Desktop/rascore_build/renum/6epp_renum.cif	/Users/mitchellparker/Desktop/rascore_build/rcsb_assembly/6epp-assembly-1.cif.gz	/Users/mitchellparker/Desktop/rascore_build/renum_assembly/6epp-assembly-1_renum.cif	/Users/mitchellparker/Desktop/rascore_build/sifts/6epp.xml.gz
6h47A	6h47	0	A	Disordered	Disordered	Y71out	P 61 2 2 (CF1)	Noise	BBABLAAABAAAAAAAAAABA	0.6	1.94	GTPase KRas	RASK_HUMAN	P01116-2	G12V	G12	KRAS	0P	G12V	None	None	Binder	None	SP12-Unbound	P 61 2 2	169	1-30:37-166	2018-07-20	SP12	Unbound	-119.82	-107.17	-80.41	-53.76	103.28	-128.36	-62.32	-78.72	-91.15	-53.61	-63.22	-77.04	-50.63	-63.3	-63.37	-59.73	-66.88	-64.04	-85.27	-64.0	-91.94	127.91	127.27	-3.82	126.06	-21.4	22.92	-38.12	-12.92	89.91	-47.64	-37.98	-38.1	-47.37	-36.23	-42.28	-42.19	-34.97	-42.03	-28.93	137.13	-28.83	173.83	177.21	178.68	-178.54	-172.49	-176.45	-176.38	176.86	-170.45	-170.08	-176.37	178.13	171.14	179.6	175.75	173.2	-178.39	175.82	-173.3	-177.39	173.26	Above 0.4	SO4	darpin K19	None	B:91,87,88,95,68,94,137,133,90,129,102,98,99,136,97,101,107,108,132,135,138	None	None	None	Binder	None	B	None	None	None	SO4	None	None	XRAY	1.700	0.193	GSHMTEYKLVVVGAVGVGKSALTIQLIQNHFVDEYDPTIEDSYRKQVVIDGETCLLDILDTAGQEEYSAMRDQYMRTGEGFLCVFAINNTKSFEDIHHYREQIKRVKDSEDVPMVLVGNKCDLPSRTVDTKQAQDLARSYGIPFIETSAKTRQGVDDAFYTLVREIRKH	56,57,58,59,60,61,62,63,64,65,66,67,68,69,70,71,72,73,74,75,76	LDTAGQEEYSAMRDQYMRTGE	21.0	None	None	None	True	85.829	85.829	227.122	90.00	90.00	120.00	/Users/mitchellparker/Desktop/rascore_build/core/6h47A_core.cif	/Users/mitchellparker/Desktop/rascore_build/rcsb/6h47.cif.gz	/Users/mitchellparker/Desktop/rascore_build/renum/6h47_renum.cif	/Users/mitchellparker/Desktop/rascore_build/rcsb_assembly/6h47-assembly-1.cif.gz	/Users/mitchellparker/Desktop/rascore_build/renum_assembly/6h47-assembly-1_renum.cif	/Users/mitchellparker/Desktop/rascore_build/sifts/6h47.xml.gz
6v94C	6v94	0	C	Y32out.0P-GEF	Y32out	Y71out	I 4 2 2 (CF2)	Y71out.0P-GEF	BBABLAAABAAAAAAAAAABA	0.0	0.22	GTPase HRas	RASH_HUMAN	P01112	WT	WT	HRAS	0P	WT	None	None	GEF.CDC25	None	SP2-Unbound	I 4 2 2	167	1-166	2019-12-13	SP2	Unbound	-99.22	-130.84	-91.88	-44.07	100.06	-100.78	-61.18	-73.21	-80.56	-69.66	-80.29	-90.73	-61.08	-56.77	-61.61	-59.79	-64.03	-63.7	-67.12	-95.15	-94.39	116.84	104.23	26.97	133.63	-19.82	19.77	-29.19	-17.02	67.37	-26.18	-4.58	-7.31	-42.7	-49.92	-45.56	-46.35	-36.06	-22.17	-15.4	146.56	-26.53	172.08	175.13	-178.79	177.86	-175.17	-177.98	-172.79	-178.35	173.8	-169.45	179.96	173.23	-173.36	-179.33	-177.54	177.44	-176.46	-174.9	178.77	-167.2	168.55	Above 0.4	FMT,NA	Son of sevenless homolog 1	None	B:60,13,64,63,65,66,70,67,73,69,102,103,40,54,55,71,37,61,59,58,57,34,35,32,21,17,18,31,25,30,95,68,99,56,33,12,105,74,62	SOS1_HUMAN	None	None	RasGEF	None	B	None	None	None	FMT,NA	None	None	XRAY	1.800	0.159	GMTEYKLVVVGAGGVGKSALTIQLIQNHFVDEYDPTIEDSYRKQVVIDGETCLLDILDTAGQEEYSAMRDQYMRTGEGFLCVFAINNTKSFEDIHQYREQIKRVKDSDDVPMVLVGNKCDLAARTVESRQAQDLARSYGIPYIETSAKTRQGVEDAFYTLVREIRQH	56,57,58,59,60,61,62,63,64,65,66,67,68,69,70,71,72,73,74,75,76	LDTAGQEEYSAMRDQYMRTGE	21.0	None	None	None	True	183.832	183.832	178.605	90.000	90.000	90.000	/Users/mitchellparker/Desktop/rascore_build/core/6v94C_core.cif	/Users/mitchellparker/Desktop/rascore_build/rcsb/6v94.cif.gz	/Users/mitchellparker/Desktop/rascore_build/renum/6v94_renum.cif	/Users/mitchellparker/Desktop/rascore_build/rcsb_assembly/6v94-assembly-1.cif.gz	/Users/mitchellparker/Desktop/rascore_build/renum_assembly/6v94-assembly-1_renum.cif	/Users/mitchellparker/Desktop/rascore_build/sifts/6v94.xml.gz
6v9fC	6v9f	0	C	Y32out.0P-GEF	Y32out	Y71out	I 4 2 2 (CF2)	Y71out.0P-GEF	BBABLAAABAAAAAAAAAABA	0.0	0.21	GTPase HRas	RASH_HUMAN	P01112	WT	WT	HRAS	0P	WT	None	None	GEF.CDC25	None	SP2-Unbound	I 4 2 2	167	1-166	2019-12-13	SP2	Unbound	-100.3	-132.14	-91.41	-40.48	98.91	-101.11	-62.32	-73.26	-78.39	-68.23	-82.04	-93.32	-61.08	-54.56	-60.69	-60.9	-64.43	-64.96	-70.09	-95.34	-95.27	117.61	102.85	25.45	132.68	-17.7	19.82	-28.84	-17.64	64.85	-23.98	-2.99	-6.47	-44.89	-48.99	-47.9	-44.49	-36.4	-20.1	-14.56	147.79	-28.15	173.46	175.81	-178.61	175.97	-175.35	-179.25	-171.12	-178.95	172.11	-170.42	179.48	173.7	-175.47	179.68	-177.62	177.55	-177.9	-174.28	178.9	-168.72	168.57	Above 0.4	FMT,NA	Son of sevenless homolog 1	None	B:60,13,64,63,65,66,70,67,73,69,102,103,40,54,55,71,37,61,59,58,57,34,35,32,21,17,18,31,25,30,68,95,33,56,12,74,147,146,62,105	SOS1_HUMAN	None	None	RasGEF	None	B	None	None	None	FMT,NA	None	None	XRAY	1.849	0.157	GMTEYKLVVVGAGGVGKSALTIQLIQNHFVDEYDPTIEDSYRKQVVIDGETCLLDILDTAGQEEYSAMRDQYMRTGEGFLCVFAINNTKSFEDIHQYREQIKRVKDSDDVPMVLVGNKCDLAARTVESRQAQDLARSYGIPYIETSAKTRQGVEDAFYTLVREIRQH	56,57,58,59,60,61,62,63,64,65,66,67,68,69,70,71,72,73,74,75,76	LDTAGQEEYSAMRDQYMRTGE	21.0	None	None	None	True	183.851	183.851	178.740	90.000	90.000	90.000	/Users/mitchellparker/Desktop/rascore_build/core/6v9fC_core.cif	/Users/mitchellparker/Desktop/rascore_build/rcsb/6v9f.cif.gz	/Users/mitchellparker/Desktop/rascore_build/renum/6v9f_renum.cif	/Users/mitchellparker/Desktop/rascore_build/rcsb_assembly/6v9f-assembly-1.cif.gz	/Users/mitchellparker/Desktop/rascore_build/renum_assembly/6v9f-assembly-1_renum.cif	/Users/mitchellparker/Desktop/rascore_build/sifts/6v9f.xml.gz
6v9jC	6v9j	0	C	Y32out.0P-GEF	Y32out	Y71out	I 4 2 2 (CF2)	Y71out.0P-GEF	BBABLAAABAAAAAAAAAABA	0.0	0.21	GTPase HRas	RASH_HUMAN	P01112	WT	WT	HRAS	0P	WT	None	None	GEF.CDC25	None	SP2-Unbound	I 4 2 2	167	1-166	2019-12-13	SP2	Unbound	-100.58	-133.23	-91.67	-44.57	99.96	-100.9	-60.09	-72.26	-78.41	-68.54	-81.79	-91.19	-59.74	-58.87	-63.91	-58.28	-65.95	-65.56	-67.36	-94.94	-92.85	117.45	103.44	26.7	133.42	-18.41	18.93	-29.59	-18.75	66.2	-25.05	-3.84	-6.71	-42.74	-46.28	-47.03	-45.54	-34.05	-21.02	-16.07	145.33	-27.73	173.72	176.95	-178.63	178.53	-175.21	-179.67	-173.36	-179.19	171.94	-170.41	-179.75	173.31	-174.73	-178.34	-177.04	176.34	-175.9	-173.78	178.63	-166.3	169.43	Above 0.4	FMT,NA	Son of sevenless homolog 1	None	B:60,13,64,63,65,66,70,67,73,69,102,103,40,54,55,71,37,61,59,58,57,34,35,32,21,17,18,31,25,30,68,95,105,74,56,33,146,12,62	SOS1_HUMAN	None	None	RasGEF	None	B	None	None	None	FMT,NA	None	None	XRAY	1.760	0.156	GMTEYKLVVVGAGGVGKSALTIQLIQNHFVDEYDPTIEDSYRKQVVIDGETCLLDILDTAGQEEYSAMRDQYMRTGEGFLCVFAINNTKSFEDIHQYREQIKRVKDSDDVPMVLVGNKCDLAARTVESRQAQDLARSYGIPYIETSAKTRQGVEDAFYTLVREIRQH	56,57,58,59,60,61,62,63,64,65,66,67,68,69,70,71,72,73,74,75,76	LDTAGQEEYSAMRDQYMRTGE	21.0	None	None	None	True	183.430	183.430	178.449	90.000	90.000	90.000	/Users/mitchellparker/Desktop/rascore_build/core/6v9jC_core.cif	/Users/mitchellparker/Desktop/rascore_build/rcsb/6v9j.cif.gz	/Users/mitchellparker/Desktop/rascore_build/renum/6v9j_renum.cif	/Users/mitchellparker/Desktop/rascore_build/rcsb_assembly/6v9j-assembly-1.cif.gz	/Users/mitchellparker/Desktop/rascore_build/renum_assembly/6v9j-assembly-1_renum.cif	/Users/mitchellparker/Desktop/rascore_build/sifts/6v9j.xml.gz
6v9lC	6v9l	0	C	Y32out.0P-GEF	Y32out	Y71out	I 4 2 2 (CF2)	Y71out.0P-GEF	BBABLAAABAAAAAAAAAABA	0.0	0.22	GTPase HRas	RASH_HUMAN	P01112	WT	WT	HRAS	0P	WT	None	None	GEF.CDC25	None	SP2-Unbound	I 4 2 2	167	1-166	2019-12-13	SP2	Unbound	-101.42	-132.93	-90.78	-44.22	100.09	-100.4	-60.35	-72.78	-80.7	-68.38	-81.19	-90.57	-60.89	-58.48	-62.02	-58.95	-65.24	-65.04	-68.1	-93.74	-93.1	117.51	103.69	27.7	131.75	-17.21	18.73	-28.97	-17.43	66.45	-25.4	-3.88	-8.75	-41.39	-48.24	-47.05	-45.15	-35.12	-20.47	-16.38	146.13	-26.18	173.11	175.94	-179.55	177.49	-176.7	179.64	-173.8	-179.86	172.85	-170.04	-179.78	173.97	-172.6	-178.64	-178.25	178.22	-176.04	-174.17	178.45	-168.56	167.36	Above 0.4	FMT,NA	Son of sevenless homolog 1	None	B:60,13,64,63,65,66,70,67,73,69,102,103,40,54,55,71,37,61,59,58,57,34,35,32,21,17,18,31,25,30,95,68,56,33,12,105,62	SOS1_HUMAN	None	None	RasGEF	None	B	None	None	None	FMT,NA	None	None	XRAY	1.698	0.158	GMTEYKLVVVGAGGVGKSALTIQLIQNHFVDEYDPTIEDSYRKQVVIDGETCLLDILDTAGQEEYSAMRDQYMRTGEGFLCVFAINNTKSFEDIHQYREQIKRVKDSDDVPMVLVGNKCDLAARTVESRQAQDLARSYGIPYIETSAKTRQGVEDAFYTLVREIRQH	56,57,58,59,60,61,62,63,64,65,66,67,68,69,70,71,72,73,74,75,76	LDTAGQEEYSAMRDQYMRTGE	21.0	None	None	None	True	183.383	183.383	178.069	90.000	90.000	90.000	/Users/mitchellparker/Desktop/rascore_build/core/6v9lC_core.cif	/Users/mitchellparker/Desktop/rascore_build/rcsb/6v9l.cif.gz	/Users/mitchellparker/Desktop/rascore_build/renum/6v9l_renum.cif	/Users/mitchellparker/Desktop/rascore_build/rcsb_assembly/6v9l-assembly-1.cif.gz	/Users/mitchellparker/Desktop/rascore_build/renum_assembly/6v9l-assembly-1_renum.cif	/Users/mitchellparker/Desktop/rascore_build/sifts/6v9l.xml.gz
6v9mC	6v9m	0	C	Y32out.0P-GEF	Y32out	Y71out	I 4 2 2 (CF2)	Y71out.0P-GEF	BBABLAAABAAAAAAAAAABA	0.0	0.24	GTPase HRas	RASH_HUMAN	P01112	WT	WT	HRAS	0P	WT	None	None	GEF.CDC25	None	SP2-Unbound	I 4 2 2	167	1-166	2019-12-13	SP2	Unbound	-100.43	-131.68	-89.41	-44.64	99.68	-101.03	-60.03	-72.68	-79.84	-67.92	-80.67	-90.37	-60.4	-56.65	-63.56	-56.57	-64.8	-65.4	-67.55	-93.87	-94.82	116.22	102.11	27.15	132.58	-16.94	19.15	-29.03	-17.25	64.73	-25.48	-4.96	-8.27	-42.7	-49.6	-45.93	-47.09	-34.49	-20.87	-16.68	146.35	-24.7	173.32	175.86	-179.08	178.58	-176.64	-179.54	-173.15	-179.21	173.03	-169.32	-178.83	174.2	-172.81	-178.73	-176.65	175.83	-175.42	-173.81	178.74	-167.45	168.36	Above 0.4	FMT,NA	Son of sevenless homolog 1	None	B:60,13,64,63,65,66,70,67,73,69,102,103,40,54,55,71,37,61,59,58,57,34,35,32,21,17,18,31,25,30,95,68,56,12,33,86,74,62	SOS1_HUMAN	None	None	RasGEF	None	B	None	None	None	FMT,NA	None	None	XRAY	1.648	0.161	GMTEYKLVVVGAGGVGKSALTIQLIQNHFVDEYDPTIEDSYRKQVVIDGETCLLDILDTAGQEEYSAMRDQYMRTGEGFLCVFAINNTKSFEDIHQYREQIKRVKDSDDVPMVLVGNKCDLAARTVESRQAQDLARSYGIPYIETSAKTRQGVEDAFYTLVREIRQH	56,57,58,59,60,61,62,63,64,65,66,67,68,69,70,71,72,73,74,75,76	LDTAGQEEYSAMRDQYMRTGE	21.0	None	None	None	True	183.712	183.712	178.523	90.000	90.000	90.000	/Users/mitchellparker/Desktop/rascore_build/core/6v9mC_core.cif	/Users/mitchellparker/Desktop/rascore_build/rcsb/6v9m.cif.gz	/Users/mitchellparker/Desktop/rascore_build/renum/6v9m_renum.cif	/Users/mitchellparker/Desktop/rascore_build/rcsb_assembly/6v9m-assembly-1.cif.gz	/Users/mitchellparker/Desktop/rascore_build/renum_assembly/6v9m-assembly-1_renum.cif	/Users/mitchellparker/Desktop/rascore_build/sifts/6v9m.xml.gz
6v9nC	6v9n	0	C	Y32out.0P-GEF	Y32out	Y71out	I 4 2 2 (CF2)	Y71out.0P-GEF	BBABLAAABAAAAAAAAAABA	0.0	0.23	GTPase HRas	RASH_HUMAN	P01112	WT	WT	HRAS	0P	WT	None	None	GEF.CDC25	None	SP2-Unbound	I 4 2 2	167	1-166	2019-12-13	SP2	Unbound	-100.01	-132.0	-91.67	-42.22	101.06	-100.89	-60.9	-72.29	-80.07	-69.11	-81.38	-91.75	-60.72	-55.66	-64.14	-58.91	-65.2	-64.56	-66.98	-92.39	-93.22	116.85	104.55	25.05	132.13	-19.42	19.93	-29.21	-17.67	66.29	-24.82	-3.14	-8.81	-42.59	-48.82	-45.86	-44.81	-35.83	-21.01	-18.14	146.29	-26.4	172.62	175.14	-177.76	177.3	-175.87	-178.83	-173.25	-179.1	172.82	-169.58	-179.53	173.95	-173.12	-178.95	-177.34	177.38	-176.47	-174.55	178.25	-168.04	168.08	Above 0.4	FMT,NA	Son of sevenless homolog 1	None	B:60,13,64,63,65,66,70,67,73,69,102,103,40,54,55,71,37,61,59,58,57,34,35,32,21,17,18,31,25,30,68,95,56,99,33,12,20,62,74	SOS1_HUMAN	None	None	RasGEF	None	B	None	None	None	FMT,NA	None	None	XRAY	1.648	0.165	GMTEYKLVVVGAGGVGKSALTIQLIQNHFVDEYDPTIEDSYRKQVVIDGETCLLDILDTAGQEEYSAMRDQYMRTGEGFLCVFAINNTKSFEDIHQYREQIKRVKDSDDVPMVLVGNKCDLAARTVESRQAQDLARSYGIPYIETSAKTRQGVEDAFYTLVREIRQH	56,57,58,59,60,61,62,63,64,65,66,67,68,69,70,71,72,73,74,75,76	LDTAGQEEYSAMRDQYMRTGE	21.0	None	None	None	True	183.862	183.862	178.639	90.000	90.000	90.000	/Users/mitchellparker/Desktop/rascore_build/core/6v9nC_core.cif	/Users/mitchellparker/Desktop/rascore_build/rcsb/6v9n.cif.gz	/Users/mitchellparker/Desktop/rascore_build/renum/6v9n_renum.cif	/Users/mitchellparker/Desktop/rascore_build/rcsb_assembly/6v9n-assembly-1.cif.gz	/Users/mitchellparker/Desktop/rascore_build/renum_assembly/6v9n-assembly-1_renum.cif	/Users/mitchellparker/Desktop/rascore_build/sifts/6v9n.xml.gz
6v9oC	6v9o	0	C	Y32out.0P-GEF	Y32out	Y71out	I 4 2 2 (CF2)	Y71out.0P-GEF	BBABLAAABAAAAAAAAAABA	0.0	0.23	GTPase HRas	RASH_HUMAN	P01112	WT	WT	HRAS	0P	WT	None	None	GEF.CDC25	None	SP2-Unbound	I 4 2 2	167	1-166	2019-12-13	SP2	Unbound	-100.24	-133.09	-88.24	-42.9	98.17	-99.55	-58.94	-72.2	-79.63	-68.85	-82.17	-92.28	-60.65	-55.65	-61.44	-56.15	-64.83	-64.78	-67.29	-94.27	-95.1	117.77	102.24	24.77	133.35	-19.14	19.16	-30.64	-17.79	65.64	-24.8	-1.99	-8.27	-43.3	-50.08	-48.95	-46.2	-35.15	-21.72	-16.59	147.07	-25.82	173.01	176.14	179.97	178.31	-173.96	-179.87	-173.49	-178.53	172.96	-170.31	-178.8	173.07	-174.32	-179.25	-177.49	176.92	-176.14	-174.0	179.06	-167.29	169.72	Above 0.4	FMT,NA	Son of sevenless homolog 1	None	B:60,13,64,63,65,66,70,67,73,69,102,103,40,54,55,71,37,61,59,58,57,34,35,32,21,17,18,31,25,30,68,95,74,33,146,56,99,12,86	SOS1_HUMAN	None	None	RasGEF	None	B	None	None	None	FMT,NA	None	None	XRAY	1.799	0.157	GMTEYKLVVVGAGGVGKSALTIQLIQNHFVDEYDPTIEDSYRKQVVIDGETCLLDILDTAGQEEYSAMRDQYMRTGEGFLCVFAINNTKSFEDIHQYREQIKRVKDSDDVPMVLVGNKCDLAARTVESRQAQDLARSYGIPYIETSAKTRQGVEDAFYTLVREIRQH	56,57,58,59,60,61,62,63,64,65,66,67,68,69,70,71,72,73,74,75,76	LDTAGQEEYSAMRDQYMRTGE	21.0	None	None	None	True	184.144	184.144	178.865	90.000	90.000	90.000	/Users/mitchellparker/Desktop/rascore_build/core/6v9oC_core.cif	/Users/mitchellparker/Desktop/rascore_build/rcsb/6v9o.cif.gz	/Users/mitchellparker/Desktop/rascore_build/renum/6v9o_renum.cif	/Users/mitchellparker/Desktop/rascore_build/rcsb_assembly/6v9o-assembly-1.cif.gz	/Users/mitchellparker/Desktop/rascore_build/renum_assembly/6v9o-assembly-1_renum.cif	/Users/mitchellparker/Desktop/rascore_build/sifts/6v9o.xml.gz
