pdb_id	pdb_code	modelid	chainid	SW1	Y32	Y71	crystal_form	rama	prot_name	swiss_id	uniprot_id	mutation_status	mutation_position	gene_class	nucleotide_class	mutation_class	pharmacological_class	match_class	protein_class	interface_class	pocket_class	space_group	length	range	deposit_data	pocket_site	pocket_status	phi_1	phi_2	phi_3	phi_4	phi_5	phi_6	phi_7	phi_8	phi_9	phi_10	phi_11	phi_12	phi_13	phi_14	phi_15	phi_16	phi_17	phi_18	phi_19	phi_20	phi_21	psi_1	psi_2	psi_3	psi_4	psi_5	psi_6	psi_7	psi_8	psi_9	psi_10	psi_11	psi_12	psi_13	psi_14	psi_15	psi_16	psi_17	psi_18	psi_19	psi_20	psi_21	omega_1	omega_2	omega_3	omega_4	omega_5	omega_6	omega_7	omega_8	omega_9	omega_10	omega_11	omega_12	omega_13	omega_14	omega_15	omega_16	omega_17	omega_18	omega_19	omega_20	omega_21	bound_ligand	bound_protein	bound_ligand_contacts	bound_protein_contacts	bound_protein_swiss_id	pharmacological_ligand_site	pharmarmacological_ligand_match	bound_protein_pfam	bound_protein_site	bound_protein_chainid	biological_ligand	ion_ligand	pharmacological_ligand	chemical_ligand	modification_ligand	membrane_ligand	method	resolution	r_factor	sequence	bb_resid	bb_seq	bb_length	sc_resid	sc_seq	sc_length	complete	length_a	length_b	length_c	angle_alpha	angle_beat	angle_gamma	core_path	rcsb_path	renum_path	rcsb_assembly_path	renum_assembly_path	sifts_path
1plkA	1plk	0	A	Disordered	Disordered	Disordered	P 32 2 1 (CF1)	--BBABEAAEAAA---AAABA	GTPase HRas	RASH_HUMAN	P01112	A122G	A122	HRAS	3P	Other	None	None	None	Homodimer	SP2-Unbound	P 32 2 1	166	1-8:10:13:15-20:22:24-29:32-33:36-48:50-54:57-69:71-78:81-102:104-111:113-130:132:134-138:142-150:152-157:159-166	1994-03-13	SP2	Unbound	999.0	-159.99	-106.27	-112.98	-87.52	-90.59	37.13	-27.57	-88.59	3.72	-90.09	-77.47	-50.03	-40.81	999.0	-1.57	-80.21	-89.49	-100.66	-123.76	-101.79	999.0	121.66	163.18	117.93	30.56	114.34	-98.02	-33.71	-27.11	-60.94	-4.41	-34.7	-57.14	999.0	999.0	-13.36	-11.69	-30.08	27.91	159.12	-61.92	999.0	999.0	-173.4	167.75	179.09	176.7	160.55	-166.09	-158.75	-177.81	-179.61	167.65	168.99	-178.98	999.0	999.0	163.08	-174.82	-176.41	179.54	173.87	MG,GTP	None	None	None	None	None	None	None	None	None	GTP	MG	None	None	None	None	XRAY	2.800	0.228	MTEYKLVVVGAPGVGKSALTIQLIQNHFVDEYDPTIEDSYRKQVVIDGETCLLDILDTAGQEEYSAMRDQYMRTGEGFLCVFAINNTKSFEDIHQYREQIKRVKDSDDVPMVLVGNKCDLAGRTVESRQAQDLARSYGIPYIETSAKTRQGVEDAFYTLVREIRQH	56,57,58,59,60,61,62,63,64,65,66,67,68,69,70,71,72,73,74,75,76	-DTAGQEEYSAMRD-YMRTGE	21.0	None	None	None	False	40.300	40.300	158.600	90.00	90.00	120.00	/Users/mitchellparker/Desktop/rascore_build/core/1plkA_core.cif	/Users/mitchellparker/Desktop/rascore_build/rcsb/1plk.cif.gz	/Users/mitchellparker/Desktop/rascore_build/renum/1plk_renum.cif	/Users/mitchellparker/Desktop/rascore_build/rcsb_assembly/1plk-assembly-1.cif.gz	/Users/mitchellparker/Desktop/rascore_build/renum_assembly/1plk-assembly-1_renum.cif	/Users/mitchellparker/Desktop/rascore_build/sifts/1plk.xml.gz
2rgeA	2rge	0	A	Y32in.3P-ON	Y32in	Disordered	H 3 2 (CF2)	BBBB----------AAAAABA	GTPase HRas	RASH_HUMAN	P01112	WT	WT	HRAS	3P	WT	None	None	None	Homodimer	Other-Unbound	H 3 2	166	1-60:69-166	2007-10-03	Other	Unbound	-96.52	-98.15	-93.23	-85.6	-75.53	999.0	999.0	999.0	999.0	999.0	999.0	999.0	999.0	-140.8	-61.21	-64.73	-90.43	-50.95	-84.81	-56.85	-103.06	118.3	105.93	166.94	146.0	999.0	999.0	999.0	999.0	999.0	999.0	999.0	999.0	999.0	-44.05	-54.62	-22.2	-13.52	-37.16	-5.37	136.16	-20.04	178.97	179.97	-177.29	179.23	179.66	999.0	999.0	999.0	999.0	999.0	999.0	999.0	999.0	999.0	-179.45	-179.4	-179.46	-177.85	-179.13	179.86	-179.35	CA,MG,MG,GNP	None	None	None	None	None	None	None	None	None	GNP	MG	None	CA	None	None	XRAY	1.400	0.205	MTEYKLVVVGAGGVGKSALTIQLIQNHFVDEYDPTIEDSYRKQVVIDGETCLLDILDTAGQEEYSAMRDQYMRTGEGFLCVFAINNTKSFEDIHQYREQIKRVKDSDDVPMVLVGNKCDLAARTVESRQAQDLARSYGIPYIETSAKTRQGVEDAFYTLVREIRQH	56,57,58,59,60,61,62,63,64,65,66,67,68,69,70,71,72,73,74,75,76	LDTAG--------DQYMRTGE	21.0	None	None	None	False	89.633	89.633	134.508	90.00	90.00	120.00	/Users/mitchellparker/Desktop/rascore_build/core/2rgeA_core.cif	/Users/mitchellparker/Desktop/rascore_build/rcsb/2rge.cif.gz	/Users/mitchellparker/Desktop/rascore_build/renum/2rge_renum.cif	/Users/mitchellparker/Desktop/rascore_build/rcsb_assembly/2rge-assembly-1.cif.gz	/Users/mitchellparker/Desktop/rascore_build/renum_assembly/2rge-assembly-1_renum.cif	/Users/mitchellparker/Desktop/rascore_build/sifts/2rge.xml.gz
3gftD	3gft	0	D	Disordered	Disordered	Disordered	P 21 21 21 (CF5)	BBBB-------------AABA	GTPase KRas	RASK_HUMAN	P01116-2	WT	WT	KRAS	3P	WT	None	None	None	None	Other-Unbound	P 21 21 21	187	1-31:38-60:72-167	2009-02-27	Other	Unbound	-100.14	-97.74	-95.37	-92.29	-118.84	999.0	999.0	999.0	999.0	999.0	999.0	999.0	999.0	999.0	999.0	999.0	176.05	-64.31	-87.76	-64.66	-94.92	119.59	118.32	166.1	144.2	999.0	999.0	999.0	999.0	999.0	999.0	999.0	999.0	999.0	999.0	999.0	999.0	-43.38	-25.43	-16.02	131.32	-23.07	169.63	175.59	177.13	169.5	178.62	999.0	999.0	999.0	999.0	999.0	999.0	999.0	999.0	999.0	999.0	999.0	999.0	-168.94	-178.16	179.04	178.62	MG,GNP	None	None	None	None	None	None	None	None	None	GNP	MG	None	None	None	None	XRAY	2.270	0.215	MHHHHHHSSGRENLYFQGMTEYKLVVVGAGGVGKSALTIQLIQNHFVDEYDPTIEDSYRKQVVIDGETCLLDILDTAGHEEYSAMRDQYMRTGEGFLCVFAINNTKSFEDIHHYREQIKRVKDSEDVPMVLVGNKCDLPSRTVDTKQAQDLARSYGIPFIETSAKTRQGVDDAFYTLVREIRKHKEK	56,57,58,59,60,61,62,63,64,65,66,67,68,69,70,71,72,73,74,75,76	LDTAG-----------MRTGE	21.0	None	None	None	False	63.535	118.275	156.836	90.000	90.000	90.000	/Users/mitchellparker/Desktop/rascore_build/core/3gftD_core.cif	/Users/mitchellparker/Desktop/rascore_build/rcsb/3gft.cif.gz	/Users/mitchellparker/Desktop/rascore_build/renum/3gft_renum.cif	/Users/mitchellparker/Desktop/rascore_build/rcsb_assembly/3gft-assembly-1.cif.gz	/Users/mitchellparker/Desktop/rascore_build/renum_assembly/3gft-assembly-1_renum.cif	/Users/mitchellparker/Desktop/rascore_build/sifts/3gft.xml.gz
3k9lA	3k9l	0	A	Outlier	Disordered	Disordered	P 21 21 21 (CF4)	BBBBABAA---------AABA	GTPase HRas	RASH_HUMAN	P01112	Y32F	Y32	HRAS	3P	Other	None	None	None	Homodimer	Other-Unbound	P 21 21 21	166	1-64:72-166	2009-10-15	Other	Unbound	-96.57	-101.03	-99.71	-78.56	-93.27	-65.35	-67.96	-59.45	-136.62	999.0	999.0	999.0	999.0	999.0	999.0	999.0	135.01	-74.9	-82.8	-64.33	-99.5	121.28	115.66	170.4	133.81	-30.52	144.17	-23.79	9.22	999.0	999.0	999.0	999.0	999.0	999.0	999.0	999.0	-14.65	-28.84	-3.13	138.86	-28.48	175.75	179.87	-173.08	176.21	172.09	178.28	-171.17	-179.08	-172.57	999.0	999.0	999.0	999.0	999.0	999.0	999.0	999.0	-171.35	-178.31	-177.14	-176.38	CA,MG,GNP	None	None	None	None	None	None	None	None	None	GNP	MG	None	CA	None	None	XRAY	1.800	0.221	MTEYKLVVVGAGGVGKSALTIQLIQNHFVDEFDPTIEDSYRKQVVIDGETCLLDILDTAGQEEYSAMRDQYMRTGEGFLCVFAINNTKSFEDIHQYREQIKRVKDSDDVPMVLVGNKCDLAARTVESRQAQDLARSYGIPYIETSAKTRQGVEDAFYTLVREIRQH	56,57,58,59,60,61,62,63,64,65,66,67,68,69,70,71,72,73,74,75,76	LDTAGQEEY-------MRTGE	21.0	None	None	None	False	95.113	60.632	74.975	90.00	90.00	90.00	/Users/mitchellparker/Desktop/rascore_build/core/3k9lA_core.cif	/Users/mitchellparker/Desktop/rascore_build/rcsb/3k9l.cif.gz	/Users/mitchellparker/Desktop/rascore_build/renum/3k9l_renum.cif	/Users/mitchellparker/Desktop/rascore_build/rcsb_assembly/3k9l-assembly-3.cif.gz	/Users/mitchellparker/Desktop/rascore_build/renum_assembly/3k9l-assembly-3_renum.cif	/Users/mitchellparker/Desktop/rascore_build/sifts/3k9l.xml.gz
3k9lB	3k9l	0	B	Outlier	Disordered	Disordered	P 21 21 21 (CF4)	BBB----------AAAAAABA	GTPase HRas	RASH_HUMAN	P01112	Y32F	Y32	HRAS	3P	Other	None	None	None	Homodimer	SP2-Unbound	P 21 21 21	166	1-59:68-166	2009-10-15	SP2	Unbound	-99.36	-96.85	-70.03	-75.45	999.0	999.0	999.0	999.0	999.0	999.0	999.0	999.0	61.74	-72.05	-90.69	-61.01	-57.28	-64.0	-68.63	-52.26	-98.53	112.37	96.66	152.32	999.0	999.0	999.0	999.0	999.0	999.0	999.0	999.0	999.0	20.32	12.71	-1.06	-45.1	-53.59	-34.15	-37.87	136.2	-27.28	178.41	-176.06	-169.21	-178.03	999.0	999.0	999.0	999.0	999.0	999.0	999.0	999.0	999.0	176.25	171.98	171.99	178.89	-174.99	175.51	-177.78	176.62	CA,MG,GNP	None	None	None	None	None	None	None	None	None	GNP	MG	None	CA	None	None	XRAY	1.800	0.221	MTEYKLVVVGAGGVGKSALTIQLIQNHFVDEFDPTIEDSYRKQVVIDGETCLLDILDTAGQEEYSAMRDQYMRTGEGFLCVFAINNTKSFEDIHQYREQIKRVKDSDDVPMVLVGNKCDLAARTVESRQAQDLARSYGIPYIETSAKTRQGVEDAFYTLVREIRQH	56,57,58,59,60,61,62,63,64,65,66,67,68,69,70,71,72,73,74,75,76	LDTA--------RDQYMRTGE	21.0	None	None	None	False	95.113	60.632	74.975	90.00	90.00	90.00	/Users/mitchellparker/Desktop/rascore_build/core/3k9lB_core.cif	/Users/mitchellparker/Desktop/rascore_build/rcsb/3k9l.cif.gz	/Users/mitchellparker/Desktop/rascore_build/renum/3k9l_renum.cif	/Users/mitchellparker/Desktop/rascore_build/rcsb_assembly/3k9l-assembly-3.cif.gz	/Users/mitchellparker/Desktop/rascore_build/renum_assembly/3k9l-assembly-3_renum.cif	/Users/mitchellparker/Desktop/rascore_build/sifts/3k9l.xml.gz
3k9lC	3k9l	0	C	Outlier	Disordered	Disordered	P 21 21 21 (CF4)	BBBB----------AAAAABA	GTPase HRas	RASH_HUMAN	P01112	Y32F	Y32	HRAS	3P	Other	None	None	None	None	Other-Unbound	P 21 21 21	166	1-60:69-166	2009-10-15	Other	Unbound	-101.33	-89.95	-106.17	-91.33	-138.85	999.0	999.0	999.0	999.0	999.0	999.0	999.0	999.0	-159.36	-75.72	-43.36	-63.08	-80.39	-87.91	-47.96	-95.94	112.94	121.31	159.61	160.22	999.0	999.0	999.0	999.0	999.0	999.0	999.0	999.0	999.0	67.04	-38.73	-54.89	-37.81	-16.04	-51.47	140.7	-28.37	-178.22	179.89	-176.29	-179.87	179.75	999.0	999.0	999.0	999.0	999.0	999.0	999.0	999.0	999.0	171.48	176.77	-180.0	176.61	177.9	-175.55	175.26	MG,GNP	None	None	None	None	None	None	None	None	None	GNP	MG	None	None	None	None	XRAY	1.800	0.221	MTEYKLVVVGAGGVGKSALTIQLIQNHFVDEFDPTIEDSYRKQVVIDGETCLLDILDTAGQEEYSAMRDQYMRTGEGFLCVFAINNTKSFEDIHQYREQIKRVKDSDDVPMVLVGNKCDLAARTVESRQAQDLARSYGIPYIETSAKTRQGVEDAFYTLVREIRQH	56,57,58,59,60,61,62,63,64,65,66,67,68,69,70,71,72,73,74,75,76	LDTAG--------DQYMRTGE	21.0	None	None	None	False	95.113	60.632	74.975	90.00	90.00	90.00	/Users/mitchellparker/Desktop/rascore_build/core/3k9lC_core.cif	/Users/mitchellparker/Desktop/rascore_build/rcsb/3k9l.cif.gz	/Users/mitchellparker/Desktop/rascore_build/renum/3k9l_renum.cif	/Users/mitchellparker/Desktop/rascore_build/rcsb_assembly/3k9l-assembly-3.cif.gz	/Users/mitchellparker/Desktop/rascore_build/renum_assembly/3k9l-assembly-3_renum.cif	/Users/mitchellparker/Desktop/rascore_build/sifts/3k9l.xml.gz
3kkmA	3kkm	0	A	Outlier	Y32out	Disordered	H 3 2 (CF3)	BBBB-------------AABA	GTPase HRas	RASH_HUMAN	P01112	T35S	T35	HRAS	3P	Other	None	None	None	Homodimer	Other-Unbound	H 3 2	172	1-60:72-166	2009-11-06	Other	Unbound	-102.09	-96.0	-75.85	-85.64	-87.38	999.0	999.0	999.0	999.0	999.0	999.0	999.0	999.0	999.0	999.0	999.0	160.21	-67.95	-81.84	-56.6	-97.45	116.93	93.91	168.56	144.77	999.0	999.0	999.0	999.0	999.0	999.0	999.0	999.0	999.0	999.0	999.0	999.0	-37.09	-32.75	-31.9	142.77	-27.04	175.06	-178.31	-170.97	176.13	-178.95	999.0	999.0	999.0	999.0	999.0	999.0	999.0	999.0	999.0	999.0	999.0	999.0	169.41	-175.93	-174.55	178.45	GNP,MG,SO4,SO4	None	None	None	None	None	None	None	None	None	GNP	MG	None	SO4	None	None	XRAY	1.700	0.197	GPLGSDMTEYKLVVVGAGGVGKSALTIQLIQNHFVDEYDPSIEDSYRKQVVIDGETCLLDILDTAGQEEYSAMRDQYMRTGEGFLCVFAINNTKSFEDIHQYREQIKRVKDSDDVPMVLVGNKCDLAARTVESRQAQDLARSYGIPYIETSAKTRQGVEDAFYTLVREIRQH	56,57,58,59,60,61,62,63,64,65,66,67,68,69,70,71,72,73,74,75,76	LDTAG-----------MRTGE	21.0	None	None	None	False	92.855	92.855	117.478	90.00	90.00	120.00	/Users/mitchellparker/Desktop/rascore_build/core/3kkmA_core.cif	/Users/mitchellparker/Desktop/rascore_build/rcsb/3kkm.cif.gz	/Users/mitchellparker/Desktop/rascore_build/renum/3kkm_renum.cif	/Users/mitchellparker/Desktop/rascore_build/rcsb_assembly/3kkm-assembly-1.cif.gz	/Users/mitchellparker/Desktop/rascore_build/renum_assembly/3kkm-assembly-1_renum.cif	/Users/mitchellparker/Desktop/rascore_build/sifts/3kkm.xml.gz
3oivA	3oiv	0	A	Y32in.3P-ON	Y32in	Disordered	H 3 2 (CF2)	BBBB--------AAAAAAABA	GTPase HRas	RASH_HUMAN	P01112	G12V	G12	HRAS	3P	G12V	None	None	None	Homodimer	SP12-Unbound	H 3 2	166	1-60:67-166	2010-08-20	SP12	Unbound	-99.69	-96.94	-95.73	-76.31	-79.13	999.0	999.0	999.0	999.0	999.0	999.0	62.07	-50.82	-58.55	-64.29	-61.04	-64.09	-57.65	-84.03	-62.79	-91.7	117.7	108.53	164.35	137.96	999.0	999.0	999.0	999.0	999.0	999.0	999.0	-45.15	-30.03	-53.32	-41.5	-44.1	-23.47	-34.24	-9.23	135.49	-28.13	178.63	177.83	-173.39	175.08	169.66	999.0	999.0	999.0	999.0	999.0	999.0	999.0	-178.7	-176.54	-175.55	177.44	-177.24	-170.77	-175.05	-178.04	175.03	GNP,CA,MG,MG,MG,DTT,DTT	None	None	None	None	None	None	None	None	None	GNP	MG	None	CA,DTT	None	None	XRAY	1.837	0.162	MTEYKLVVVGAVGVGKSALTIQLIQNHFVDEYDPTIEDSYRKQVVIDGETCLLDILDTAGQEEYSAMRDQYMRTGEGFLCVFAINNTKSFEDIHQYREQIKRVKDSDDVPMVLVGNKCDLAARTVESRQAQDLARSYGIPYIETSAKTRQGVEDAFYTLVREIRQH	56,57,58,59,60,61,62,63,64,65,66,67,68,69,70,71,72,73,74,75,76	LDTAG------MRDQYMRTGE	21.0	None	None	None	False	87.883	87.883	133.057	90.000	90.000	120.000	/Users/mitchellparker/Desktop/rascore_build/core/3oivA_core.cif	/Users/mitchellparker/Desktop/rascore_build/rcsb/3oiv.cif.gz	/Users/mitchellparker/Desktop/rascore_build/renum/3oiv_renum.cif	/Users/mitchellparker/Desktop/rascore_build/rcsb_assembly/3oiv-assembly-1.cif.gz	/Users/mitchellparker/Desktop/rascore_build/renum_assembly/3oiv-assembly-1_renum.cif	/Users/mitchellparker/Desktop/rascore_build/sifts/3oiv.xml.gz
3rslA	3rsl	0	A	Y32in.3P-ON	Y32in	Disordered	H 3 2 (CF2)	BBBBA------------AABA	GTPase HRas	RASH_HUMAN	P01112	WT	WT	HRAS	3P	WT	None	None	None	Homodimer	SP2-Unbound	H 3 2	166	1-61:72-166	2011-05-02	SP2	Unbound	-98.91	-96.05	-104.48	-73.36	-101.08	-82.2	999.0	999.0	999.0	999.0	999.0	999.0	999.0	999.0	999.0	999.0	157.02	-58.92	-91.55	-72.02	-96.4	112.09	116.96	164.74	137.56	-17.15	999.0	999.0	999.0	999.0	999.0	999.0	999.0	999.0	999.0	999.0	999.0	-29.92	-36.03	-6.58	138.99	-22.21	-179.96	-178.65	-172.71	176.78	172.31	-176.26	999.0	999.0	999.0	999.0	999.0	999.0	999.0	999.0	999.0	999.0	999.0	-179.11	-173.43	-173.66	177.21	GNP,RSF,RSF,RSF,RSF,RSF,RSF,RSF,RSF,RSF,RSF,RSF,RSF,RSF,MG,CA,CA,CA	None	None	None	None	None	None	None	None	None	GNP	MG	None	CA,RSF	None	None	XRAY	1.700	0.199	MTEYKLVVVGAGGVGKSALTIQLIQNHFVDEYDPTIEDSYRKQVVIDGETCLLDILDTAGQEEYSAMRDQYMRTGEGFLCVFAINNTKSFEDIHQYREQIKRVKDSDDVPMVLVGNKCDLAARTVESRQAQDLARSYGIPYIETSAKTRQGVEDAFYTLVREIRQH	56,57,58,59,60,61,62,63,64,65,66,67,68,69,70,71,72,73,74,75,76	LDTAGQ----------MRTGE	21.0	None	None	None	False	89.140	89.140	133.089	90.00	90.00	120.00	/Users/mitchellparker/Desktop/rascore_build/core/3rslA_core.cif	/Users/mitchellparker/Desktop/rascore_build/rcsb/3rsl.cif.gz	/Users/mitchellparker/Desktop/rascore_build/renum/3rsl_renum.cif	/Users/mitchellparker/Desktop/rascore_build/rcsb_assembly/3rsl-assembly-1.cif.gz	/Users/mitchellparker/Desktop/rascore_build/renum_assembly/3rsl-assembly-1_renum.cif	/Users/mitchellparker/Desktop/rascore_build/sifts/3rsl.xml.gz
4dlvA	4dlv	0	A	Y32in.3P-ON	Y32in	Disordered	H 3 2 (CF2)	BBBBABAAAABLAAAAAAABA	GTPase HRas	RASH_HUMAN	P01112	Q70E	Q70	HRAS	3P	Other	None	None	None	Homodimer	Other-Unbound	H 3 2	166	1-166	2012-02-06	Other	Unbound	-98.53	-101.83	-100.94	-78.3	-99.5	-73.95	-59.2	-68.27	-102.3	-85.84	-71.27	47.36	-64.71	-61.01	-73.06	-61.42	-86.39	-66.56	-88.66	-66.39	-96.55	121.9	111.15	166.49	137.71	-26.95	126.82	-31.49	-28.16	-2.14	34.58	142.85	26.27	-39.05	-30.51	-50.8	-24.76	-29.01	-10.24	-11.13	141.11	-28.09	175.91	-178.82	-168.69	179.38	171.83	179.59	-177.07	178.76	-178.41	-170.9	178.59	176.8	179.4	179.93	-179.05	179.31	-171.26	-171.97	178.82	-177.83	177.01	CA,MG,MG,GNP,DTT,MG	None	None	None	None	None	None	None	None	None	GNP	MG	None	CA,DTT	None	None	XRAY	1.572	0.190	MTEYKLVVVGAGGVGKSALTIQLIQNHFVDEYDPTIEDSYRKQVVIDGETCLLDILDTAGQEEYSAMRDEYMRTGEGFLCVFAINNTKSFEDIHQYREQIKRVKDSDDVPMVLVGNKCDLAARTVESRQAQDLARSYGIPYIETSAKTRQGVEDAFYTLVREIRQH	56,57,58,59,60,61,62,63,64,65,66,67,68,69,70,71,72,73,74,75,76	LDTAGQEEYSAMRDEYMRTGE	21.0	None	None	None	True	88.822	88.822	134.053	90.000	90.000	120.000	/Users/mitchellparker/Desktop/rascore_build/core/4dlvA_core.cif	/Users/mitchellparker/Desktop/rascore_build/rcsb/4dlv.cif.gz	/Users/mitchellparker/Desktop/rascore_build/renum/4dlv_renum.cif	/Users/mitchellparker/Desktop/rascore_build/rcsb_assembly/4dlv-assembly-2.cif.gz	/Users/mitchellparker/Desktop/rascore_build/renum_assembly/4dlv-assembly-2_renum.cif	/Users/mitchellparker/Desktop/rascore_build/sifts/4dlv.xml.gz
4xvrA	4xvr	0	A	Outlier	Y32in	Disordered	P 32 2 1 (CF1)	BBBBA-------AAAAAAABA	GTPase HRas	RASH_HUMAN	P01112	Y137F	Y137	HRAS	3P	Other	None	None	None	Homodimer	SP2-Unbound	P 32 2 1	166	1-61:67-166	2015-01-27	SP2	Unbound	-98.86	-93.67	-99.36	-87.16	-77.66	39.08	999.0	999.0	999.0	999.0	999.0	59.48	-92.54	-59.6	-62.16	-73.58	-69.65	-49.19	-74.52	-74.26	-88.46	118.84	110.78	175.14	140.77	-54.98	999.0	999.0	999.0	999.0	999.0	999.0	27.82	-17.72	-35.82	-50.92	-32.57	-46.93	-46.16	-14.1	134.99	-42.36	169.3	176.63	-170.75	177.58	173.97	172.83	999.0	999.0	999.0	999.0	999.0	999.0	-174.48	-178.36	179.89	-177.98	179.56	-178.22	-174.96	-173.92	177.06	MG,GNP,CA	None	None	None	None	None	None	None	None	None	GNP	MG	None	CA	None	None	XRAY	2.031	0.228	MTEYKLVVVGAGGVGKSALTIQLIQNHFVDEYDPTIEDSYRKQVVIDGETCLLDILDTAGQEEYSAMRDQYMRTGEGFLCVFAINNTKSFEDIHQYREQIKRVKDSDDVPMVLVGNKCDLAARTVESRQAQDLARSFGIPYIETSAKTRQGVEDAFYTLVREIRQH	56,57,58,59,60,61,62,63,64,65,66,67,68,69,70,71,72,73,74,75,76	LDTAGQ-----MRDQYMRTGE	21.0	None	None	None	False	39.234	39.234	157.204	90.000	90.000	120.000	/Users/mitchellparker/Desktop/rascore_build/core/4xvrA_core.cif	/Users/mitchellparker/Desktop/rascore_build/rcsb/4xvr.cif.gz	/Users/mitchellparker/Desktop/rascore_build/renum/4xvr_renum.cif	/Users/mitchellparker/Desktop/rascore_build/rcsb_assembly/4xvr-assembly-1.cif.gz	/Users/mitchellparker/Desktop/rascore_build/renum_assembly/4xvr-assembly-1_renum.cif	/Users/mitchellparker/Desktop/rascore_build/sifts/4xvr.xml.gz
5uhvA	5uhv	0	A	Outlier	Y32in	Disordered	P 32 2 1 (CF1)	BBBBABAAAAAAAAAAAAABA	GTPase NRas	RASN_HUMAN	P01111	WT	WT	NRAS	3P	WT	None	None	None	Homodimer	SP2-Unbound	P 32 2 1	166	1-166	2017-01-12	SP2	Unbound	-98.33	-97.52	-100.17	-88.83	-84.03	-69.37	-63.82	-62.83	-98.74	-62.86	-62.6	-58.68	-57.88	-47.58	-61.73	-66.97	-105.05	-64.14	-86.27	-67.72	-92.73	115.65	114.37	168.64	142.83	-11.25	140.66	-31.68	-20.83	21.68	-47.38	-43.03	-40.61	-54.09	-54.29	-55.2	-23.48	11.66	-27.56	-3.15	134.54	-23.2	173.86	178.79	-170.91	177.89	170.2	-176.31	-173.39	-176.65	-176.38	-179.32	-178.18	175.78	175.43	-179.97	179.31	-170.34	-176.92	170.89	-179.11	-175.54	173.61	GNP,MG,GOL	None	None	None	None	None	None	None	None	None	GNP	MG	None	GOL	None	None	XRAY	1.672	0.191	MTEYKLVVVGAGGVGKSALTIQLIQNHFVDEYDPTIEDSYRKQVVIDGETCLLDILDTAGQEEYSAMRDQYMRTGEGFLCVFAINNSKSFADINLYREQIKRVKDSDDVPMVLVGNKCDLPTRTVDTKQAHELAKSYGIPFIETSAKTRQGVEDAFYTLVREIRQY	56,57,58,59,60,61,62,63,64,65,66,67,68,69,70,71,72,73,74,75,76	LDTAGQEEYSAMRDQYMRTGE	21.0	None	None	None	True	39.007	39.007	159.175	90.00	90.00	120.00	/Users/mitchellparker/Desktop/rascore_build/core/5uhvA_core.cif	/Users/mitchellparker/Desktop/rascore_build/rcsb/5uhv.cif.gz	/Users/mitchellparker/Desktop/rascore_build/renum/5uhv_renum.cif	/Users/mitchellparker/Desktop/rascore_build/rcsb_assembly/5uhv-assembly-2.cif.gz	/Users/mitchellparker/Desktop/rascore_build/renum_assembly/5uhv-assembly-2_renum.cif	/Users/mitchellparker/Desktop/rascore_build/sifts/5uhv.xml.gz
5vbzA	5vbz	0	A	Y32in.3P-ON	Y32in	Disordered	P 21 21 21 (CF1)	BBBB-------------AABA	GTPase HRas	RASH_HUMAN	P01112	M72C	M72	HRAS	3P	Other	None	None	None	Homodimer	SP2-Unbound	P 21 21 21	171	1-60:72-166	2017-03-30	SP2	Unbound	-95.08	-92.31	-94.99	-84.24	-57.73	999.0	999.0	999.0	999.0	999.0	999.0	999.0	999.0	999.0	999.0	999.0	-139.47	-74.22	-86.15	-72.03	-88.65	112.77	112.31	170.83	149.97	999.0	999.0	999.0	999.0	999.0	999.0	999.0	999.0	999.0	999.0	999.0	999.0	-77.6	-9.08	-3.05	126.09	-29.21	174.93	175.22	-175.8	175.2	179.74	999.0	999.0	999.0	999.0	999.0	999.0	999.0	999.0	999.0	999.0	999.0	999.0	178.24	-174.97	-179.77	176.56	GNP,MG	None	None	None	None	None	None	None	None	None	GNP	MG	None	None	None	None	XRAY	2.200	0.212	GAMGSMTEYKLVVVGAGGVGKSALTIQLIQNHFVDEYDPTIEDSYRKQVVIDGETCLLDILDTAGQEEYSAMRDQYCRTGEGFLCVFAINNTKSFEDIHQYREQIKRVKDSDDVPMVLVGNKCDLAARTVESRQAQDLARSYGIPYIETSAKTRQGVEDAFYTLVREIRQH	56,57,58,59,60,61,62,63,64,65,66,67,68,69,70,71,72,73,74,75,76	LDTAG-----------CRTGE	21.0	None	None	None	False	61.840	75.440	93.630	90.000	90.000	90.000	/Users/mitchellparker/Desktop/rascore_build/core/5vbzA_core.cif	/Users/mitchellparker/Desktop/rascore_build/rcsb/5vbz.cif.gz	/Users/mitchellparker/Desktop/rascore_build/renum/5vbz_renum.cif	/Users/mitchellparker/Desktop/rascore_build/rcsb_assembly/5vbz-assembly-1.cif.gz	/Users/mitchellparker/Desktop/rascore_build/renum_assembly/5vbz-assembly-1_renum.cif	/Users/mitchellparker/Desktop/rascore_build/sifts/5vbz.xml.gz
6e6fB	6e6f	0	B	Disordered	Disordered	Disordered	C 1 2 1 (CF8)	BB-------BAAAAAAAAABA	GTPase KRas	RASK_HUMAN	P01116-2	G13D	G13	KRAS	3P	G13D	None	None	None	None	SP2-Unbound	C 1 2 1	166	1-28:40-58:64-166	2018-07-24	SP2	Unbound	-67.71	-144.9	-61.11	999.0	999.0	999.0	999.0	999.0	-9.44	-108.19	-114.05	-50.17	-67.18	-48.95	-68.29	-64.67	-85.54	-65.93	-70.69	-82.49	-115.53	145.69	127.17	999.0	999.0	999.0	999.0	999.0	999.0	32.44	-173.18	-34.03	-51.95	-45.82	-44.77	-34.79	-27.91	-32.96	-12.57	-38.83	156.85	7.45	164.57	-178.09	169.17	999.0	999.0	999.0	999.0	999.0	999.0	-178.22	170.62	172.35	-179.01	179.04	171.0	174.71	-176.68	171.29	176.18	-171.61	175.11	GNP	None	None	None	None	None	None	None	None	None	GNP	None	None	None	None	None	XRAY	3.401	0.187	MTEYKLVVVGAGDVGKSALTIQLIQNHFVDEYDPTIEDSYRKQVVIDGETCLLDILDTAGQEEYSAMRDQYMRTGEGFLCVFAINNTKSFEDIHHYREQIKRVKDSEDVPMVLVGNKCDLPSRTVDTKQAQDLARSYGIPFIETSAKTRQGVDDAFYTLVREIRKH	56,57,58,59,60,61,62,63,64,65,66,67,68,69,70,71,72,73,74,75,76	LDT-----YSAMRDQYMRTGE	21.0	None	None	None	False	114.486	39.096	89.319	90.000	124.370	90.000	/Users/mitchellparker/Desktop/rascore_build/core/6e6fB_core.cif	/Users/mitchellparker/Desktop/rascore_build/rcsb/6e6f.cif.gz	/Users/mitchellparker/Desktop/rascore_build/renum/6e6f_renum.cif	/Users/mitchellparker/Desktop/rascore_build/rcsb_assembly/6e6f-assembly-2.cif.gz	/Users/mitchellparker/Desktop/rascore_build/renum_assembly/6e6f-assembly-2_renum.cif	/Users/mitchellparker/Desktop/rascore_build/sifts/6e6f.xml.gz
6e6hA	6e6h	0	A	Outlier	Y32out	Disordered	C 1 2 1 (CF9)	BB--------------AAABA	GTPase NRas	RASN_HUMAN	P01111	G13D	G13	NRAS	3P	G13D	None	None	None	None	Other-Unbound	C 1 2 1	166	1-58:71-166	2018-07-24	Other	Unbound	-104.27	-98.69	-62.88	999.0	999.0	999.0	999.0	999.0	999.0	999.0	999.0	999.0	999.0	999.0	999.0	85.73	-83.89	-62.58	-89.66	-66.11	-98.14	120.33	88.2	999.0	999.0	999.0	999.0	999.0	999.0	999.0	999.0	999.0	999.0	999.0	999.0	999.0	-57.88	-4.58	-31.05	-8.76	141.79	-22.53	177.12	-176.63	-173.39	999.0	999.0	999.0	999.0	999.0	999.0	999.0	999.0	999.0	999.0	999.0	999.0	999.0	170.27	-173.8	-176.35	-176.59	-178.48	MG,GNP	None	None	None	None	None	None	None	None	None	GNP	MG	None	None	None	None	XRAY	1.990	0.179	MTEYKLVVVGAGDVGKSALTIQLIQNHFVDEYDPTIEDSYRKQVVIDGETCLLDILDTAGQEEYSAMRDQYMRTGEGFLCVFAINNSKSFADINLYREQIKRVKDSDDVPMVLVGNKCDLPTRTVDTKQAHELAKSYGIPFIETSAKTRQGVEDAFYTLVREIRQY	56,57,58,59,60,61,62,63,64,65,66,67,68,69,70,71,72,73,74,75,76	LDT------------YMRTGE	21.0	None	None	None	False	59.553	39.565	65.016	90.000	106.400	90.000	/Users/mitchellparker/Desktop/rascore_build/core/6e6hA_core.cif	/Users/mitchellparker/Desktop/rascore_build/rcsb/6e6h.cif.gz	/Users/mitchellparker/Desktop/rascore_build/renum/6e6h_renum.cif	/Users/mitchellparker/Desktop/rascore_build/rcsb_assembly/6e6h-assembly-1.cif.gz	/Users/mitchellparker/Desktop/rascore_build/renum_assembly/6e6h-assembly-1_renum.cif	/Users/mitchellparker/Desktop/rascore_build/sifts/6e6h.xml.gz
6e6pB	6e6p	0	B	Outlier	Y32out	Disordered	P 21 21 21 (CF1)	BBBB----------AAAAABA	GTPase HRas	RASH_HUMAN	P01112	G13D	G13	HRAS	3P	G13D	None	None	None	None	Other-Unbound	P 21 21 21	166	1-60:69-166	2018-07-25	Other	Unbound	-105.63	-92.58	-105.7	-89.12	-74.81	999.0	999.0	999.0	999.0	999.0	999.0	999.0	999.0	167.3	-70.55	-34.46	-74.25	-69.26	-89.78	-66.38	-94.87	114.55	117.35	165.25	152.26	999.0	999.0	999.0	999.0	999.0	999.0	999.0	999.0	999.0	49.19	-11.09	-51.27	-31.48	-34.73	-19.83	144.52	-27.65	-177.68	179.97	-174.89	176.78	176.82	999.0	999.0	999.0	999.0	999.0	999.0	999.0	999.0	999.0	165.67	166.93	-173.47	179.18	-178.11	-177.51	175.1	GNP,MG,GOL	None	None	None	None	None	None	None	None	None	GNP	MG	None	GOL	None	None	XRAY	1.930	0.184	MTEYKLVVVGAGDVGKSALTIQLIQNHFVDEYDPTIEDSYRKQVVIDGETCLLDILDTAGQEEYSAMRDQYMRTGEGFLCVFAINNTKSFEDIHQYREQIKRVKDSDDVPMVLVGNKCDLAARTVESRQAQDLARSYGIPYIETSAKTRQGVEDAFYTLVREIRQH	56,57,58,59,60,61,62,63,64,65,66,67,68,69,70,71,72,73,74,75,76	LDTAG--------DQYMRTGE	21.0	None	None	None	False	61.649	75.567	94.722	90.000	90.000	90.000	/Users/mitchellparker/Desktop/rascore_build/core/6e6pB_core.cif	/Users/mitchellparker/Desktop/rascore_build/rcsb/6e6p.cif.gz	/Users/mitchellparker/Desktop/rascore_build/renum/6e6p_renum.cif	/Users/mitchellparker/Desktop/rascore_build/rcsb_assembly/6e6p-assembly-1.cif.gz	/Users/mitchellparker/Desktop/rascore_build/renum_assembly/6e6p-assembly-1_renum.cif	/Users/mitchellparker/Desktop/rascore_build/sifts/6e6p.xml.gz
6e6pC	6e6p	0	C	Outlier	Disordered	Disordered	P 21 21 21 (CF1)	BBBBABAAAAAAAAAAAAABA	GTPase HRas	RASH_HUMAN	P01112	G13D	G13	HRAS	3P	G13D	None	None	None	Homodimer	Other-Unbound	P 21 21 21	166	1-166	2018-07-25	Other	Unbound	-98.23	-99.44	-99.98	-81.29	-91.25	-62.53	-65.17	-65.17	-117.76	-60.2	-74.73	-66.65	-68.2	-51.72	-76.79	-64.64	-76.49	-58.38	-86.25	-71.58	-102.4	119.6	114.4	170.14	138.9	-28.41	124.66	-5.31	-19.6	21.3	-37.07	-30.64	-49.32	-17.35	-41.51	-44.67	-32.12	-19.6	-28.86	-15.99	152.83	-25.22	173.12	-178.29	-171.02	178.73	171.01	178.62	-170.34	175.19	-178.32	177.27	175.39	-178.93	178.92	171.57	178.24	-178.16	-176.66	-168.33	-174.09	-170.01	-174.67	GNP,MG,CA,NA,GOL	None	None	None	None	None	None	None	None	None	GNP	MG	None	CA,GOL,NA	None	None	XRAY	1.930	0.184	MTEYKLVVVGAGDVGKSALTIQLIQNHFVDEYDPTIEDSYRKQVVIDGETCLLDILDTAGQEEYSAMRDQYMRTGEGFLCVFAINNTKSFEDIHQYREQIKRVKDSDDVPMVLVGNKCDLAARTVESRQAQDLARSYGIPYIETSAKTRQGVEDAFYTLVREIRQH	56,57,58,59,60,61,62,63,64,65,66,67,68,69,70,71,72,73,74,75,76	LDTAGQEEYSAMRDQYMRTGE	21.0	None	None	None	True	61.649	75.567	94.722	90.000	90.000	90.000	/Users/mitchellparker/Desktop/rascore_build/core/6e6pC_core.cif	/Users/mitchellparker/Desktop/rascore_build/rcsb/6e6p.cif.gz	/Users/mitchellparker/Desktop/rascore_build/renum/6e6p_renum.cif	/Users/mitchellparker/Desktop/rascore_build/rcsb_assembly/6e6p-assembly-1.cif.gz	/Users/mitchellparker/Desktop/rascore_build/renum_assembly/6e6p-assembly-1_renum.cif	/Users/mitchellparker/Desktop/rascore_build/sifts/6e6p.xml.gz
6ntcA	6ntc	0	A	Y32in.3P-ON	Y32in	Disordered	P 63 2 2 (CF1)	BBBBABAAAAAAAAAAAAABA	GTPase HRas	RASH_HUMAN	P01112	G12V	G12	HRAS	3P	G12V	None	None	Effector	Homodimer	SP2-Unbound	P 63 2 2	171	1-166	2019-01-28	SP2	Unbound	-118.11	-97.9	-82.36	-101.94	-71.12	-63.47	-70.76	-62.87	-98.2	-88.03	-65.09	-84.74	-70.34	-64.13	-68.86	-61.47	-75.07	-66.86	-112.04	-66.85	-107.53	120.99	102.84	174.62	131.25	-28.04	131.22	-23.83	-32.83	-12.42	17.28	-42.75	38.31	-24.2	-32.5	-47.81	-38.22	-33.49	-10.83	-37.01	150.78	-4.52	-179.55	176.25	-179.9	176.6	179.03	-178.09	-177.24	176.82	172.91	176.49	171.01	172.97	175.89	178.56	-178.92	-179.63	-179.28	-172.56	-177.84	-175.69	178.62	GNP,GOL,MG	RAF proto-oncogene serine/threonine-protein kinase	None	B:41,39,40,38,37,56,36,33,25,35	RAF1_HUMAN	None	None	RBD	None	B	GNP	MG	None	GOL	None	None	XRAY	2.900	0.253	GAMDPMTEYKLVVVGAVGVGKSALTIQLIQNHFVDEYDPTIEDSYRKQVVIDGETCLLDILDTAGQEEYSAMRDQYMRTGEGFLCVFAINNTKSFEDIHQYREQIKRVKDSDDVPMVLVGNKCDLAARTVESRQAQDLARSYGIPYIETSAKTRQGVEDAFYTLVREIRQH	56,57,58,59,60,61,62,63,64,65,66,67,68,69,70,71,72,73,74,75,76	LDTAGQEEYSAMRDQYMRTGE	21.0	None	None	None	True	91.619	91.619	151.412	90.000	90.000	120.000	/Users/mitchellparker/Desktop/rascore_build/core/6ntcA_core.cif	/Users/mitchellparker/Desktop/rascore_build/rcsb/6ntc.cif.gz	/Users/mitchellparker/Desktop/rascore_build/renum/6ntc_renum.cif	/Users/mitchellparker/Desktop/rascore_build/rcsb_assembly/6ntc-assembly-1.cif.gz	/Users/mitchellparker/Desktop/rascore_build/renum_assembly/6ntc-assembly-1_renum.cif	/Users/mitchellparker/Desktop/rascore_build/sifts/6ntc.xml.gz
6vc8A	6vc8	0	A	Y32in.3P-ON	Y32in	Disordered	C 1 2 1 (CF3)	BBBBB----------AAAABA	GTPase KRas	RASK_HUMAN	P01116-2	WT	WT	KRAS	3P	WT	None	None	None	None	Multiple-Unbound	C 1 2 1	170	1-61:70-168	2019-12-20	Multiple	Unbound	-103.29	-98.1	-84.6	-94.29	-85.89	-63.8	999.0	999.0	999.0	999.0	999.0	999.0	999.0	999.0	32.22	-65.05	-70.34	-66.56	-63.0	-59.3	-101.59	120.08	105.11	175.82	163.47	127.86	999.0	999.0	999.0	999.0	999.0	999.0	999.0	999.0	999.0	-38.47	-29.5	-27.32	-48.36	-50.62	147.03	-26.11	174.79	178.58	-175.26	175.57	177.51	-178.29	999.0	999.0	999.0	999.0	999.0	999.0	999.0	999.0	999.0	-178.35	175.12	175.79	-177.02	-166.42	173.8	GNP,MG	None	None	None	None	None	None	None	None	None	GNP	MG	None	None	None	None	XRAY	2.500	0.215	GMTEYKLVVVGAGGVGKSALTIQLIQNHFVDEYDPTIEDSYRKQVVIDGETCLLDILDTAGQEEYSAMRDQYMRTGEGFLCVFAINNTKSFEDIHHYREQIKRVKDSEDVPMVLVGNKCDLPSRTVDTKQAQDLARSYGIPFIETSAKTRQGVDDAFYTLVREIRKHKEK	56,57,58,59,60,61,62,63,64,65,66,67,68,69,70,71,72,73,74,75,76	LDTAGQ--------QYMRTGE	21.0	None	None	None	False	69.210	82.330	88.140	90.000	112.920	90.000	/Users/mitchellparker/Desktop/rascore_build/core/6vc8A_core.cif	/Users/mitchellparker/Desktop/rascore_build/rcsb/6vc8.cif.gz	/Users/mitchellparker/Desktop/rascore_build/renum/6vc8_renum.cif	/Users/mitchellparker/Desktop/rascore_build/rcsb_assembly/6vc8-assembly-1.cif.gz	/Users/mitchellparker/Desktop/rascore_build/renum_assembly/6vc8-assembly-1_renum.cif	/Users/mitchellparker/Desktop/rascore_build/sifts/6vc8.xml.gz
6vc8C	6vc8	0	C	Disordered	Disordered	Disordered	C 1 2 1 (CF3)	BBB------------AAAABA	GTPase KRas	RASK_HUMAN	P01116-2	WT	WT	KRAS	3P	WT	None	None	None	None	Other-Unbound	C 1 2 1	170	1-29:38-59:70-168	2019-12-20	Other	Unbound	-95.35	-86.36	-74.44	-92.42	999.0	999.0	999.0	999.0	999.0	999.0	999.0	999.0	999.0	999.0	34.38	-68.25	-70.27	-63.35	-60.47	-57.98	-101.21	115.0	78.84	165.49	999.0	999.0	999.0	999.0	999.0	999.0	999.0	999.0	999.0	999.0	999.0	-41.96	-29.04	-25.97	-46.64	-46.92	146.47	-27.28	175.01	177.77	-178.42	176.26	999.0	999.0	999.0	999.0	999.0	999.0	999.0	999.0	999.0	999.0	999.0	-179.85	177.78	-179.53	-178.95	-168.41	178.2	GNP,MG	None	None	None	None	None	None	None	None	None	GNP	MG	None	None	None	None	XRAY	2.500	0.215	GMTEYKLVVVGAGGVGKSALTIQLIQNHFVDEYDPTIEDSYRKQVVIDGETCLLDILDTAGQEEYSAMRDQYMRTGEGFLCVFAINNTKSFEDIHHYREQIKRVKDSEDVPMVLVGNKCDLPSRTVDTKQAQDLARSYGIPFIETSAKTRQGVDDAFYTLVREIRKHKEK	56,57,58,59,60,61,62,63,64,65,66,67,68,69,70,71,72,73,74,75,76	LDTA----------QYMRTGE	21.0	None	None	None	False	69.210	82.330	88.140	90.000	112.920	90.000	/Users/mitchellparker/Desktop/rascore_build/core/6vc8C_core.cif	/Users/mitchellparker/Desktop/rascore_build/rcsb/6vc8.cif.gz	/Users/mitchellparker/Desktop/rascore_build/renum/6vc8_renum.cif	/Users/mitchellparker/Desktop/rascore_build/rcsb_assembly/6vc8-assembly-1.cif.gz	/Users/mitchellparker/Desktop/rascore_build/renum_assembly/6vc8-assembly-1_renum.cif	/Users/mitchellparker/Desktop/rascore_build/sifts/6vc8.xml.gz
7dphA	7dph	0	A	Outlier	Y32in	Disordered	H 3 2 (CF3)	BBBBB----------AAAABA	GTPase HRas	RASH_HUMAN	P01112	Q61H	Q61	HRAS	3P	Q61H	None	None	None	Homodimer	SP2-Unbound	H 3 2	171	1-61:70-166	2020-12-19	SP2	Unbound	-108.56	-97.07	-87.63	-85.08	-55.79	-77.09	999.0	999.0	999.0	999.0	999.0	999.0	999.0	999.0	89.06	-44.54	-70.95	-72.08	-78.35	-63.61	-93.29	117.09	101.8	164.03	145.81	122.51	999.0	999.0	999.0	999.0	999.0	999.0	999.0	999.0	999.0	-117.13	-43.78	-57.75	-17.83	-22.96	135.92	-31.0	171.63	-179.32	-172.11	176.33	169.55	-172.26	999.0	999.0	999.0	999.0	999.0	999.0	999.0	999.0	999.0	167.14	-165.45	-165.05	174.13	-177.47	174.69	MG,MG,NA,GNP	None	None	None	None	None	None	None	None	None	GNP	MG	None	None	None	None	XRAY	1.540	0.193	GPLGSMTEYKLVVVGAGGVGKSALTIQLIQNHFVDEYDPTIEDSYRKQVVIDGETCLLDILDTAGHEEYSAMRDQYMRTGEGFLCVFAINNTKSFEDIHQYREQIKRVKDSDDVPMVLVGNKCDLAARTVESRQAQDLARSYGIPYIETSAKTRQGVEDAFYTLVREIRQH	56,57,58,59,60,61,62,63,64,65,66,67,68,69,70,71,72,73,74,75,76	LDTAGH--------QYMRTGE	21.0	None	None	None	False	91.769	91.769	121.268	90.000	90.000	120.000	/Users/mitchellparker/Desktop/rascore_build/core/7dphA_core.cif	/Users/mitchellparker/Desktop/rascore_build/rcsb/7dph.cif.gz	/Users/mitchellparker/Desktop/rascore_build/renum/7dph_renum.cif	/Users/mitchellparker/Desktop/rascore_build/rcsb_assembly/7dph-assembly-1.cif.gz	/Users/mitchellparker/Desktop/rascore_build/renum_assembly/7dph-assembly-1_renum.cif	/Users/mitchellparker/Desktop/rascore_build/sifts/7dph.xml.gz
7dpjA	7dpj	0	A	Outlier	Disordered	Disordered	H 3 2 (CF3)	BBBBBAABBBAAAAAAAAABA	GTPase HRas	RASH_HUMAN	P01112	Q61L	Q61	HRAS	3P	Other	None	None	None	Homodimer	Other-Unbound	H 3 2	171	1-166	2020-12-19	Other	Unbound	-109.09	-98.36	-91.24	-87.14	-57.04	-57.99	-67.47	-83.11	-79.83	-134.92	-83.35	-95.54	-60.54	-71.94	-63.26	-61.36	-56.56	-58.85	-83.34	-59.65	-92.9	115.69	105.15	166.46	150.16	151.86	-27.86	-30.81	139.18	119.97	119.73	-19.63	-7.47	-51.04	-31.33	-45.86	-44.94	-55.41	-38.45	-20.04	134.29	-31.61	175.51	-179.67	-171.06	169.23	171.63	-176.41	178.25	177.28	176.47	178.95	-178.7	-177.23	-172.93	-172.77	169.93	177.08	-178.58	-172.08	-172.93	-178.27	172.59	MG,MG,CA,CA,CA,GNP	None	None	None	None	None	None	None	None	None	GNP	MG	None	CA	None	None	XRAY	1.976	0.193	GPLGSMTEYKLVVVGAGGVGKSALTIQLIQNHFVDEYDPTIEDSYRKQVVIDGETCLLDILDTAGLEEYSAMRDQYMRTGEGFLCVFAINNTKSFEDIHQYREQIKRVKDSDDVPMVLVGNKCDLAARTVESRQAQDLARSYGIPYIETSAKTRQGVEDAFYTLVREIRQH	56,57,58,59,60,61,62,63,64,65,66,67,68,69,70,71,72,73,74,75,76	LDTAGLEEYSAMRDQYMRTGE	21.0	None	None	None	True	91.844	91.844	121.413	90.000	90.000	120.000	/Users/mitchellparker/Desktop/rascore_build/core/7dpjA_core.cif	/Users/mitchellparker/Desktop/rascore_build/rcsb/7dpj.cif.gz	/Users/mitchellparker/Desktop/rascore_build/renum/7dpj_renum.cif	/Users/mitchellparker/Desktop/rascore_build/rcsb_assembly/7dpj-assembly-1.cif.gz	/Users/mitchellparker/Desktop/rascore_build/renum_assembly/7dpj-assembly-1_renum.cif	/Users/mitchellparker/Desktop/rascore_build/sifts/7dpj.xml.gz
