pdb_id	pdb_code	modelid	chainid	SW1	Y32	Y71	crystal_form	rama	prot_name	swiss_id	uniprot_id	mutation_status	mutation_position	gene_class	nucleotide_class	mutation_class	pharmacological_class	match_class	protein_class	interface_class	pocket_class	space_group	length	range	deposit_data	pocket_site	pocket_status	phi_1	phi_2	phi_3	phi_4	phi_5	phi_6	phi_7	phi_8	phi_9	phi_10	phi_11	phi_12	phi_13	phi_14	phi_15	phi_16	phi_17	phi_18	phi_19	phi_20	phi_21	psi_1	psi_2	psi_3	psi_4	psi_5	psi_6	psi_7	psi_8	psi_9	psi_10	psi_11	psi_12	psi_13	psi_14	psi_15	psi_16	psi_17	psi_18	psi_19	psi_20	psi_21	omega_1	omega_2	omega_3	omega_4	omega_5	omega_6	omega_7	omega_8	omega_9	omega_10	omega_11	omega_12	omega_13	omega_14	omega_15	omega_16	omega_17	omega_18	omega_19	omega_20	omega_21	edia_score	bound_ligand	bound_protein	bound_ligand_contacts	bound_protein_contacts	bound_protein_swiss_id	pharmacological_ligand_site	pharmarmacological_ligand_match	bound_protein_pfam	bound_protein_site	bound_protein_chainid	biological_ligand	ion_ligand	pharmacological_ligand	chemical_ligand	modification_ligand	membrane_ligand	method	resolution	r_factor	sequence	bb_resid	bb_seq	bb_length	sc_resid	sc_seq	sc_length	complete	length_a	length_b	length_c	angle_alpha	angle_beat	angle_gamma	core_path	rcsb_path	renum_path	rcsb_assembly_path	renum_assembly_path	sifts_path
1iozA	1ioz	0	A	Y32out.2P-OFF	Y32out	Y71in	P 65 2 2 (CF1)	BBBA---------AAAAAABA	GTPase HRas	RASH_HUMAN	P01112	WT	WT	HRAS	2P	WT	None	None	None	None	Multiple-Unbound	P 65 2 2	171	1-60:68-169	2001-04-18	Multiple	Unbound	-88.66	-91.78	-73.91	-120.06	78.33	999.0	999.0	999.0	999.0	999.0	999.0	999.0	152.45	-65.32	-57.71	-76.95	-68.99	-63.99	-77.69	-68.41	-96.46	116.24	97.52	146.92	-16.9	999.0	999.0	999.0	999.0	999.0	999.0	999.0	999.0	113.15	-18.01	-55.53	-23.21	-36.07	-41.18	-25.97	140.18	-30.2	177.59	178.56	-178.51	-178.64	179.75	999.0	999.0	999.0	999.0	999.0	999.0	999.0	999.0	179.54	179.42	-179.99	178.28	-179.31	-179.86	-179.38	179.33	Not Available	GDP	None	None	None	None	None	None	None	None	None	GDP	None	None	None	None	None	XRAY	2.000	0.285	MTEYKLVVVGAGGVGKSALTIQLIQNHFVDEYDPTIEDSYRKQVVIDGETCLLDILDTAGQEEYSAMRDQYMRTGEGFLCVFAINNTKSFEDIHQYREQIKRVKDSDDVPMVLVGNKCDLAARTVESRQAQDLARSYGIPYIETSAKTRQGVEDAFYTLVREIRQHKLRKL	56,57,58,59,60,61,62,63,64,65,66,67,68,69,70,71,72,73,74,75,76	LDTAG-------RDQYMRTGE	21.0	None	None	None	False	82.645	82.645	102.794	90.00	90.00	120.00	/Users/mitchellparker/Desktop/rascore_build/core/1iozA_core.cif	/Users/mitchellparker/Desktop/rascore_build/rcsb/1ioz.cif.gz	/Users/mitchellparker/Desktop/rascore_build/renum/1ioz_renum.cif	/Users/mitchellparker/Desktop/rascore_build/rcsb_assembly/1ioz-assembly-1.cif.gz	/Users/mitchellparker/Desktop/rascore_build/renum_assembly/1ioz-assembly-1_renum.cif	/Users/mitchellparker/Desktop/rascore_build/sifts/1ioz.xml.gz
1pllA	1pll	0	A	Disordered	Y32out	Y71in	P 32 2 1 (CF1)	BBBB-----ABEABAAAAABA	GTPase HRas	RASH_HUMAN	P01112	G12P	G12	HRAS	2P	Other	None	None	None	Homodimer	Multiple-Unbound	P 32 2 1	166	1-60:64-139:141-166	1994-03-13	Multiple	Unbound	-104.29	-70.66	-153.21	-59.41	-96.06	999.0	999.0	999.0	148.65	-62.5	-86.02	34.48	-51.05	-86.26	-161.33	-71.34	-84.48	-64.76	-123.64	-120.86	-126.16	101.79	153.63	152.57	153.45	999.0	999.0	999.0	999.0	32.18	-67.15	-123.72	-65.69	-48.67	68.57	-75.47	-8.22	-22.49	-1.57	41.82	141.98	49.85	178.0	179.85	177.42	-155.03	169.47	999.0	999.0	999.0	999.0	-174.56	156.59	174.87	177.54	170.61	175.97	-174.47	-178.48	-176.58	-175.06	-176.53	174.37	Below 0.4	GDP	None	None	None	None	None	None	None	None	None	GDP	None	None	None	None	None	XRAY	2.800	0.206	MTEYKLVVVGAPGVGKSALTIQLIQNHFVDEYDPTIEDSYRKQVVIDGETCLLDILDTAGQEEYSAMRDQYMRTGEGFLCVFAINNTKSFEDIHQYREQIKRVKDSDDVPMVLVGNKCDLAARTVESRQAQDLARSYGIPYIETSAKTRQGVEDAFYTLVREIRQH	56,57,58,59,60,61,62,63,64,65,66,67,68,69,70,71,72,73,74,75,76	LDTAG---YSAMRDQYMRTGE	21.0	None	None	None	False	39.900	39.900	158.400	90.00	90.00	120.00	/Users/mitchellparker/Desktop/rascore_build/core/1pllA_core.cif	/Users/mitchellparker/Desktop/rascore_build/rcsb/1pll.cif.gz	/Users/mitchellparker/Desktop/rascore_build/renum/1pll_renum.cif	/Users/mitchellparker/Desktop/rascore_build/rcsb_assembly/1pll-assembly-1.cif.gz	/Users/mitchellparker/Desktop/rascore_build/renum_assembly/1pll-assembly-1_renum.cif	/Users/mitchellparker/Desktop/rascore_build/sifts/1pll.xml.gz
1wq1R	1wq1	0	R	Outlier	Y32in	Y71in	P 1 21 1 (CF1)	BBBBABAAABLAAAAAAAABA	GTPase HRas	RASH_HUMAN	P01112	WT	WT	HRAS	2P	WT	None	None	GAP	None	Other-Unbound	P 1 21 1	166	1-166	1997-07-03	Other	Unbound	-105.86	-113.7	-117.69	-95.77	-84.21	-63.57	-58.15	-64.31	-98.65	-63.45	71.78	-72.06	-70.01	-61.06	-70.48	-72.56	-65.96	-53.66	-86.95	-59.26	-105.56	132.41	130.48	175.84	129.12	-15.26	139.82	-24.45	-25.16	10.76	169.32	-43.06	-7.56	-37.44	-36.96	-48.23	-26.77	-47.18	-40.25	-22.18	153.4	-52.47	175.24	179.22	-169.77	173.14	-175.57	-173.38	-175.74	178.24	-177.95	167.43	-175.08	164.03	175.73	-166.75	-174.11	-176.6	173.85	-179.04	-177.64	-176.47	173.12	Not Available	MG,GDP,AF3	Ras GTPase-activating protein 1	None	G:88,32,61,12,13,34,62,63,41,64,67,36,37,38,33,31,25,40,21,39,60,17,35	RASA1_HUMAN	None	None	RasGAP	None	G	GDP	MG	None	AF3	None	None	XRAY	2.500	0.233	MTEYKLVVVGAGGVGKSALTIQLIQNHFVDEYDPTIEDSYRKQVVIDGETCLLDILDTAGQEEYSAMRDQYMRTGEGFLCVFAINNTKSFEDIHQYREQIKRVKDSDDVPMVLVGNKCDLAARTVESRQAQDLARSYGIPYIETSAKTRQGVEDAFYTLVREIRQH	56,57,58,59,60,61,62,63,64,65,66,67,68,69,70,71,72,73,74,75,76	LDTAGQEEYSAMRDQYMRTGE	21.0	None	None	None	True	71.900	41.100	89.000	90.00	108.40	90.00	/Users/mitchellparker/Desktop/rascore_build/core/1wq1R_core.cif	/Users/mitchellparker/Desktop/rascore_build/rcsb/1wq1.cif.gz	/Users/mitchellparker/Desktop/rascore_build/renum/1wq1_renum.cif	/Users/mitchellparker/Desktop/rascore_build/rcsb_assembly/1wq1-assembly-1.cif.gz	/Users/mitchellparker/Desktop/rascore_build/renum_assembly/1wq1-assembly-1_renum.cif	/Users/mitchellparker/Desktop/rascore_build/sifts/1wq1.xml.gz
4dsuA	4dsu	0	A	Outlier	Y32out	Y71in	H 3 (CF1)	BBBBE-----AAAAAAAAABA	GTPase KRas	RASK_HUMAN	P01116-2	G12D	G12	KRAS	2P	G12D	SP12	SP12.Unclassified	None	None	SP12-Bound	H 3	189	2-61:65-167:169-181	2012-02-19	SP12	Bound	-99.68	-98.28	-76.38	-131.55	132.71	-113.54	999.0	999.0	999.0	113.95	-94.93	-117.25	-64.91	-59.04	-59.01	-68.02	-68.74	-67.36	-67.18	-63.64	-95.37	121.51	98.88	154.21	109.11	-153.24	999.0	999.0	999.0	999.0	-174.53	17.69	-40.48	-47.55	-46.62	-48.01	-31.25	-36.67	-37.66	-41.21	138.84	-27.57	174.0	178.61	-170.19	175.87	-176.61	178.86	999.0	999.0	999.0	999.0	-179.48	171.1	-177.16	-176.86	-179.64	-178.56	175.21	175.53	-179.11	-174.78	176.82	Below 0.4	GDP,MG,BZI	None	BZI:39,54,56,74,7,71,5,6	None	None	SP12	SP12.Unclassified	None	None	None	GDP	MG	BZI	None	None	None	XRAY	1.700	0.162	GSTEYKLVVVGADGVGKSALTIQLIQNHFVDEYDPTIEDSYRKQVVIDGETCLLDILDTAGQEEYSAMRDQYMRTGEGFLCVFAINNTKSFEDIHHYREQIKRVKDSEDVPMVLVGNKCDLPSRTVDTKQAQDLARSYGIPFIETSAKTRQGVDDAFYTLVREIRKHKEKMSKDGKKKKKKSKTKCVIM	56,57,58,59,60,61,62,63,64,65,66,67,68,69,70,71,72,73,74,75,76	LDTAGQ---SAMRDQYMRTGE	21.0	None	None	None	False	79.553	79.553	78.055	90.00	90.00	120.00	/Users/mitchellparker/Desktop/rascore_build/core/4dsuA_core.cif	/Users/mitchellparker/Desktop/rascore_build/rcsb/4dsu.cif.gz	/Users/mitchellparker/Desktop/rascore_build/renum/4dsu_renum.cif	/Users/mitchellparker/Desktop/rascore_build/rcsb_assembly/4dsu-assembly-1.cif.gz	/Users/mitchellparker/Desktop/rascore_build/renum_assembly/4dsu-assembly-1_renum.cif	/Users/mitchellparker/Desktop/rascore_build/sifts/4dsu.xml.gz
4m1yC	4m1y	0	C	Disordered	Disordered	Y71in	C 1 2 1 (CF3)	BBAA---------AAAAAABA	GTPase KRas	RASK_HUMAN	P01116-2	G12C,C51S,C80L,C118S	G12,C51,C80,C118	KRAS	2P	G12C	None	None	None	None	SP12-Unbound	C 1 2 1	170	1-29:39-60:68-167	2013-08-04	SP12	Unbound	-98.04	-94.01	-68.0	-52.36	-76.88	999.0	999.0	999.0	999.0	999.0	999.0	999.0	148.08	-57.82	-75.09	-70.39	-70.71	-66.68	-78.03	-60.43	-92.77	115.66	102.47	4.2	-39.84	999.0	999.0	999.0	999.0	999.0	999.0	999.0	999.0	129.19	-40.81	-32.5	-36.17	-40.01	-45.07	-33.68	134.12	-26.54	171.39	175.57	-171.22	178.25	179.27	999.0	999.0	999.0	999.0	999.0	999.0	999.0	999.0	-175.76	-173.22	-178.54	177.94	178.64	-177.03	-176.05	-177.19	Above 0.4	GDP	None	None	None	None	None	None	None	None	None	GDP	None	None	None	None	None	XRAY	1.491	0.168	GMTEYKLVVVGACGVGKSALTIQLIQNHFVDEYDPTIEDSYRKQVVIDGETSLLDILDTAGQEEYSAMRDQYMRTGEGFLLVFAINNTKSFEDIHHYREQIKRVKDSEDVPMVLVGNKSDLPSRTVDTKQAQDLARSYGIPFIETSAKTRQGVDDAFYTLVREIRKHKEK	56,57,58,59,60,61,62,63,64,65,66,67,68,69,70,71,72,73,74,75,76	LDTAG-------RDQYMRTGE	21.0	None	None	None	False	68.121	83.540	86.224	90.00	110.88	90.00	/Users/mitchellparker/Desktop/rascore_build/core/4m1yC_core.cif	/Users/mitchellparker/Desktop/rascore_build/rcsb/4m1y.cif.gz	/Users/mitchellparker/Desktop/rascore_build/renum/4m1y_renum.cif	/Users/mitchellparker/Desktop/rascore_build/rcsb_assembly/4m1y-assembly-2.cif.gz	/Users/mitchellparker/Desktop/rascore_build/renum_assembly/4m1y-assembly-2_renum.cif	/Users/mitchellparker/Desktop/rascore_build/sifts/4m1y.xml.gz
4m21C	4m21	0	C	Disordered	Disordered	Y71in	C 1 2 1 (CF3)	BBA-----------AAAAABA	GTPase KRas	RASK_HUMAN	P01116-2	G12C,C51S,C80L,C118S	G12,C51,C80,C118	KRAS	2P	G12C	None	None	None	None	Other-Unbound	C 1 2 1	170	2-28:40-59:69-167	2013-08-05	Other	Unbound	-90.31	-81.06	-80.93	-61.08	999.0	999.0	999.0	999.0	999.0	999.0	999.0	999.0	999.0	99.97	-78.62	-65.72	-72.17	-62.79	-73.86	-44.16	-89.97	104.93	113.4	8.88	999.0	999.0	999.0	999.0	999.0	999.0	999.0	999.0	999.0	999.0	-166.88	-38.87	-32.04	-41.57	-45.47	-50.04	126.06	-21.15	176.51	171.59	-173.7	-178.85	999.0	999.0	999.0	999.0	999.0	999.0	999.0	999.0	999.0	999.0	-170.37	-173.78	176.3	176.1	-176.74	-178.26	-176.24	Above 0.4	GDP	None	None	None	None	None	None	None	None	None	GDP	None	None	None	None	None	XRAY	1.940	0.192	GMTEYKLVVVGACGVGKSALTIQLIQNHFVDEYDPTIEDSYRKQVVIDGETSLLDILDTAGQEEYSAMRDQYMRTGEGFLLVFAINNTKSFEDIHHYREQIKRVKDSEDVPMVLVGNKSDLPSRTVDTKQAQDLARSYGIPFIETSAKTRQGVDDAFYTLVREIRKHKEK	56,57,58,59,60,61,62,63,64,65,66,67,68,69,70,71,72,73,74,75,76	LDTA---------DQYMRTGE	21.0	None	None	None	False	68.561	83.931	87.056	90.000	111.240	90.000	/Users/mitchellparker/Desktop/rascore_build/core/4m21C_core.cif	/Users/mitchellparker/Desktop/rascore_build/rcsb/4m21.cif.gz	/Users/mitchellparker/Desktop/rascore_build/renum/4m21_renum.cif	/Users/mitchellparker/Desktop/rascore_build/rcsb_assembly/4m21-assembly-3.cif.gz	/Users/mitchellparker/Desktop/rascore_build/renum_assembly/4m21-assembly-3_renum.cif	/Users/mitchellparker/Desktop/rascore_build/sifts/4m21.xml.gz
4m22C	4m22	0	C	Disordered	Disordered	Y71in	C 1 2 1 (CF3)	BBBB--------AAAAAAABA	GTPase KRas	RASK_HUMAN	P01116-2	G12C,C51S,C80L,C118S	G12,C51,C80,C118	KRAS	2P	G12C	SP2	SP2.Acrylamide	None	None	SP2-Bound	C 1 2 1	170	2-30:33-60:67-168	2013-08-05	SP2	Bound	-101.39	-98.0	-75.64	-145.11	-44.42	999.0	999.0	999.0	999.0	999.0	999.0	63.28	-63.01	-57.27	-65.08	-80.41	-71.85	-69.97	-74.8	-60.22	-99.04	118.53	99.21	155.18	-175.06	999.0	999.0	999.0	999.0	999.0	999.0	999.0	-27.28	-31.99	-25.63	-44.32	-22.4	-37.17	-38.76	-38.38	139.63	-28.03	176.45	178.07	-171.42	179.8	174.86	999.0	999.0	999.0	999.0	999.0	999.0	999.0	174.68	179.21	-179.28	179.64	173.9	177.05	-177.24	-177.32	179.02	Above 0.4	MG,22C,GDP	None	22C:96,10,12,60,34,59,71,99,72,16	None	None	SP2	SP2.Acrylamide	None	None	None	GDP	MG	22C	None	None	None	XRAY	2.090	0.182	GMTEYKLVVVGACGVGKSALTIQLIQNHFVDEYDPTIEDSYRKQVVIDGETSLLDILDTAGQEEYSAMRDQYMRTGEGFLLVFAINNTKSFEDIHHYREQIKRVKDSEDVPMVLVGNKSDLPSRTVDTKQAQDLARSYGIPFIETSAKTRQGVDDAFYTLVREIRKHKEK	56,57,58,59,60,61,62,63,64,65,66,67,68,69,70,71,72,73,74,75,76	LDTAG------MRDQYMRTGE	21.0	None	None	None	False	70.906	83.457	86.924	90.000	109.290	90.000	/Users/mitchellparker/Desktop/rascore_build/core/4m22C_core.cif	/Users/mitchellparker/Desktop/rascore_build/rcsb/4m22.cif.gz	/Users/mitchellparker/Desktop/rascore_build/renum/4m22_renum.cif	/Users/mitchellparker/Desktop/rascore_build/rcsb_assembly/4m22-assembly-1.cif.gz	/Users/mitchellparker/Desktop/rascore_build/renum_assembly/4m22-assembly-1_renum.cif	/Users/mitchellparker/Desktop/rascore_build/sifts/4m22.xml.gz
4pzyA	4pzy	0	A	Y32out.2P-OFF	Y32out	Y71in	P 21 21 21 (CF7)	BBBBEABABBAAAAAAAAABA	GTPase KRas	RASK_HUMAN	P01116-2	G12V,Q70C,C118S	G12,Q70,C118	KRAS	2P	G12V	None	None	None	None	Multiple-Unbound	P 21 21 21	170	1-169	2014-03-31	Multiple	Unbound	-99.13	-94.05	-81.91	-156.36	117.69	-119.55	-70.5	-55.91	-113.74	-152.69	-70.48	-66.14	-61.64	-54.52	-81.03	-68.02	-70.96	-80.24	-94.21	-56.83	-89.98	118.99	104.36	154.96	145.26	134.9	40.37	126.55	-41.84	125.99	114.9	-32.77	-42.81	-53.48	-24.49	-53.78	-24.15	-23.92	-40.8	-29.84	138.19	-29.56	173.2	175.87	-173.87	176.01	-179.17	-178.43	-179.82	178.12	176.84	-179.84	178.85	-179.59	179.63	177.63	179.8	179.56	173.52	179.8	-171.29	177.46	-176.93	Below 0.4	GDP,MG	None	None	None	None	None	None	None	None	None	GDP	MG	None	None	None	None	XRAY	1.880	0.188	GMTEYKLVVVGAVGVGKSALTIQLIQNHFVDEYDPTIEDSYRKQVVIDGETCLLDILDTAGQEEYSAMRDCYMRTGEGFLCVFAINNTKSFEDIHHYREQIKRVKDSEDVPMVLVGNKSDLPSRTVDTKQAQDLARSYGIPFIETSAKTRQGVDDAFYTLVREIRKHKEK	56,57,58,59,60,61,62,63,64,65,66,67,68,69,70,71,72,73,74,75,76	LDTAGQEEYSAMRDCYMRTGE	21.0	None	None	None	True	44.101	55.964	120.761	90.00	90.00	90.00	/Users/mitchellparker/Desktop/rascore_build/core/4pzyA_core.cif	/Users/mitchellparker/Desktop/rascore_build/rcsb/4pzy.cif.gz	/Users/mitchellparker/Desktop/rascore_build/renum/4pzy_renum.cif	/Users/mitchellparker/Desktop/rascore_build/rcsb_assembly/4pzy-assembly-3.cif.gz	/Users/mitchellparker/Desktop/rascore_build/renum_assembly/4pzy-assembly-3_renum.cif	/Users/mitchellparker/Desktop/rascore_build/sifts/4pzy.xml.gz
6mqtG	6mqt	0	G	Y32out.2P-OFF	Y32out	Y71in	C 1 2 1 (CF10)	BBBABABABBAAAAAAAAABA	GTPase HRas	RASH_HUMAN	P01112	G12S	G12	HRAS	2P	Other	None	None	None	None	SP12-Unbound	C 1 2 1	167	1-166	2018-10-10	SP12	Unbound	-98.85	-93.63	-81.94	-112.87	-67.62	-116.37	-75.35	-64.98	-140.45	-143.66	-58.86	-62.5	-70.12	-52.76	-65.19	-69.35	-73.44	-68.14	-83.95	-70.34	-100.6	119.16	104.1	154.72	-73.13	136.86	40.1	134.6	-22.9	99.01	139.59	-53.3	-37.44	-48.37	-41.79	-50.81	-20.96	-32.98	-36.91	-20.83	143.66	-25.1	174.91	175.13	-172.79	176.75	178.32	-175.27	-174.45	-178.68	179.83	-179.72	-178.21	179.85	-174.95	173.67	-175.38	179.53	173.7	178.37	-179.48	179.64	179.66	Below 0.4	GDP,MG	None	None	None	None	None	None	None	None	None	GDP	MG	None	None	None	None	XRAY	1.498	0.159	AMTEYKLVVVGASGVGKSALTIQLIQNHFVDEYDPTIEDSYRKQVVIDGETCLLDILDTAGQEEYSAMRDQYMRTGEGFLCVFAINNTKSFEDIHQYREQIKRVKDSDDVPMVLVGNKCDLAARTVESRQAQDLARSYGIPYIETSAKTRQGVEDAFYTLVREIRQH	56,57,58,59,60,61,62,63,64,65,66,67,68,69,70,71,72,73,74,75,76	LDTAGQEEYSAMRDQYMRTGE	21.0	None	None	None	True	122.808	79.773	134.062	90.000	101.940	90.000	/Users/mitchellparker/Desktop/rascore_build/core/6mqtG_core.cif	/Users/mitchellparker/Desktop/rascore_build/rcsb/6mqt.cif.gz	/Users/mitchellparker/Desktop/rascore_build/renum/6mqt_renum.cif	/Users/mitchellparker/Desktop/rascore_build/rcsb_assembly/6mqt-assembly-2.cif.gz	/Users/mitchellparker/Desktop/rascore_build/renum_assembly/6mqt-assembly-2_renum.cif	/Users/mitchellparker/Desktop/rascore_build/sifts/6mqt.xml.gz
6mqtH	6mqt	0	H	Y32out.2P-OFF	Y32out	Y71in	C 1 2 1 (CF10)	BBBABABBLBAAAAAAAAABA	GTPase HRas	RASH_HUMAN	P01112	G12S	G12	HRAS	2P	Other	None	None	None	None	SP12-Unbound	C 1 2 1	167	1-166	2018-10-10	SP12	Unbound	-95.88	-92.42	-83.28	-115.89	-66.68	-119.48	-86.02	-65.84	54.16	-142.51	-51.38	-64.31	-69.43	-53.33	-67.65	-69.72	-72.32	-65.53	-78.32	-70.38	-97.44	117.28	104.67	155.42	-68.98	131.65	13.5	142.21	157.49	82.31	135.83	-54.82	-38.51	-48.65	-40.94	-48.69	-21.43	-36.24	-36.21	-28.8	143.7	-25.59	175.05	175.76	-171.97	177.93	177.59	-172.67	-176.8	-178.42	179.4	174.99	-176.49	-178.89	-175.02	174.29	-174.66	179.48	173.69	176.41	-178.27	-175.4	178.19	Below 0.4	GDP,MG	None	None	None	None	None	None	None	None	None	GDP	MG	None	None	None	None	XRAY	1.498	0.159	AMTEYKLVVVGASGVGKSALTIQLIQNHFVDEYDPTIEDSYRKQVVIDGETCLLDILDTAGQEEYSAMRDQYMRTGEGFLCVFAINNTKSFEDIHQYREQIKRVKDSDDVPMVLVGNKCDLAARTVESRQAQDLARSYGIPYIETSAKTRQGVEDAFYTLVREIRQH	56,57,58,59,60,61,62,63,64,65,66,67,68,69,70,71,72,73,74,75,76	LDTAGQEEYSAMRDQYMRTGE	21.0	None	None	None	True	122.808	79.773	134.062	90.000	101.940	90.000	/Users/mitchellparker/Desktop/rascore_build/core/6mqtH_core.cif	/Users/mitchellparker/Desktop/rascore_build/rcsb/6mqt.cif.gz	/Users/mitchellparker/Desktop/rascore_build/renum/6mqt_renum.cif	/Users/mitchellparker/Desktop/rascore_build/rcsb_assembly/6mqt-assembly-2.cif.gz	/Users/mitchellparker/Desktop/rascore_build/renum_assembly/6mqt-assembly-2_renum.cif	/Users/mitchellparker/Desktop/rascore_build/sifts/6mqt.xml.gz
6p8zA	6p8z	0	A	Y32out.2P-OFF	Y32out	Y71in	P 1 21 1 (CF12)	BBBAB------AAAAAAAABA	GTPase KRas	RASK_HUMAN	P01116-2	G12C,C51S,C80L,C118S	G12,C51,C80,C118	KRAS	2P	G12C	SP2	SP2.Acrylamide	None	None	SP2-Bound	P 1 21 1	183	1-61:66-168	2019-06-08	SP2	Bound	-90.72	-95.96	-75.46	-136.58	-62.85	-134.49	999.0	999.0	999.0	999.0	103.06	-78.55	-75.24	-46.73	-70.45	-68.14	-64.41	-66.49	-83.05	-60.52	-97.47	118.38	98.48	140.0	-22.38	151.87	999.0	999.0	999.0	999.0	999.0	-96.08	4.24	-47.65	-41.03	-43.43	-36.0	-43.51	-41.49	-17.98	133.64	-28.31	175.08	178.7	-171.5	176.23	-168.08	-178.83	999.0	999.0	999.0	999.0	999.0	172.5	171.92	174.28	-179.38	177.37	175.37	-178.25	179.58	175.65	-178.3	Above 0.4	CA,CA,GDP,O5S	None	O5S:12,34,59,16,60,61,96,10,68,99,95,92,100,72,9,58,71	None	None	SP2	SP2.Acrylamide	None	None	None	GDP	None	O5S	CA	None	None	XRAY	1.650	0.231	MKHHHHHHHDEVDGMTEYKLVVVGACGVGKSALTIQLIQNHFVDEYDPTIEDSYRKQVVIDGETSLLDILDTAGQEEYSAMRDQYMRTGEGFLLVFAINNTKSFEDIHHYREQIKRVKDSEDVPMVLVGNKSDLPSRTVDTKQAQDLARSYGIPFIETSAKTRQGVDDAFYTLVREIRKHKEK	56,57,58,59,60,61,62,63,64,65,66,67,68,69,70,71,72,73,74,75,76	LDTAGQ----AMRDQYMRTGE	21.0	None	None	None	False	39.758	65.392	62.596	90.00	105.09	90.00	/Users/mitchellparker/Desktop/rascore_build/core/6p8zA_core.cif	/Users/mitchellparker/Desktop/rascore_build/rcsb/6p8z.cif.gz	/Users/mitchellparker/Desktop/rascore_build/renum/6p8z_renum.cif	/Users/mitchellparker/Desktop/rascore_build/rcsb_assembly/6p8z-assembly-2.cif.gz	/Users/mitchellparker/Desktop/rascore_build/renum_assembly/6p8z-assembly-2_renum.cif	/Users/mitchellparker/Desktop/rascore_build/sifts/6p8z.xml.gz
6p8zB	6p8z	0	B	Y32out.2P-OFF	Y32out	Y71in	P 1 21 1 (CF12)	BBBALABABAAAAAAAAAABA	GTPase KRas	RASK_HUMAN	P01116-2	G12C,C51S,C80L,C118S	G12,C51,C80,C118	KRAS	2P	G12C	SP2	SP2.Acrylamide	None	None	SP2-Bound	P 1 21 1	183	2-167	2019-06-08	SP2	Bound	-90.75	-95.58	-74.35	-110.73	67.12	-91.63	-41.34	-84.09	-117.64	-71.11	-61.35	-65.73	-87.71	-43.4	-65.65	-75.58	-68.64	-66.45	-73.7	-62.7	-97.22	117.92	98.78	137.08	-16.33	32.71	-24.18	130.32	-13.95	139.38	-34.49	-21.44	-10.59	-24.75	-45.38	-47.32	-29.13	-46.41	-40.14	-27.79	132.48	-28.98	176.16	178.29	-172.51	177.24	169.68	-177.97	-179.98	-179.28	171.96	-175.22	-179.66	-177.27	170.56	-170.69	-176.87	-175.35	173.6	179.91	178.75	-179.66	-178.12	Below 0.4	CA,CA,GDP,O5S	None	O5S:34,12,59,61,16,10,96,60,62,68,99,95,92,72,100,71	None	None	SP2	SP2.Acrylamide	None	None	None	GDP	None	O5S	CA	None	None	XRAY	1.650	0.231	MKHHHHHHHDEVDGMTEYKLVVVGACGVGKSALTIQLIQNHFVDEYDPTIEDSYRKQVVIDGETSLLDILDTAGQEEYSAMRDQYMRTGEGFLLVFAINNTKSFEDIHHYREQIKRVKDSEDVPMVLVGNKSDLPSRTVDTKQAQDLARSYGIPFIETSAKTRQGVDDAFYTLVREIRKHKEK	56,57,58,59,60,61,62,63,64,65,66,67,68,69,70,71,72,73,74,75,76	LDTAGQEEYSAMRDQYMRTGE	21.0	None	None	None	True	39.758	65.392	62.596	90.00	105.09	90.00	/Users/mitchellparker/Desktop/rascore_build/core/6p8zB_core.cif	/Users/mitchellparker/Desktop/rascore_build/rcsb/6p8z.cif.gz	/Users/mitchellparker/Desktop/rascore_build/renum/6p8z_renum.cif	/Users/mitchellparker/Desktop/rascore_build/rcsb_assembly/6p8z-assembly-2.cif.gz	/Users/mitchellparker/Desktop/rascore_build/renum_assembly/6p8z-assembly-2_renum.cif	/Users/mitchellparker/Desktop/rascore_build/sifts/6p8z.xml.gz
6v5lA	6v5l	0	A	Y32out.2P-OFF	Y32out	Y71in	None	BBBALBBABAAAAAAAAAABA	GTPase KRas	RASK_HUMAN	P01116-2	WT	WT	KRAS	2P	WT	SP12	SP12.Indole	None	None	SP12-Bound	None	169	1-169	2019-12-04	SP12	Bound	-131.22	-84.68	-64.85	-83.88	154.23	-135.93	-102.44	-65.57	-128.72	-62.53	-60.57	-73.79	-71.09	-66.83	-59.95	-75.05	-76.37	-87.7	-70.17	-68.78	-88.91	119.37	98.3	141.18	-58.39	-47.11	129.09	175.7	-43.45	145.35	-38.33	-28.28	-38.32	-43.77	-19.5	-57.36	-5.02	-25.24	-42.32	-20.71	124.57	-39.83	179.08	179.09	-178.5	178.63	179.99	179.71	178.92	179.92	179.35	179.83	-179.74	179.74	179.04	179.91	-179.58	-179.37	178.33	-179.93	-179.02	-179.7	179.43	Not Available	GDP,MG,QPD	None	QPD:5,7,39,56,70,67,71,54,55,6,37	None	None	SP12	SP12.Indole	None	None	None	GDP	MG	QPD	None	None	None	NMR	None	None	MTEYKLVVVGAGGVGKSALTIQLIQNHFVDEYDPTIEDSYRKQVVIDGETCLLDILDTAGQEEYSAMRDQYMRTGEGFLCVFAINNTKSFEDIHHYREQIKRVKDSEDVPMVLVGNKCDLPSRTVDTKQAQDLARSYGIPFIETSAKTRQGVDDAFYTLVREIRKHKEK	56,57,58,59,60,61,62,63,64,65,66,67,68,69,70,71,72,73,74,75,76	LDTAGQEEYSAMRDQYMRTGE	21.0	None	None	None	True	999.0	999.0	999.0	999.0	999.0	999.0	/Users/mitchellparker/Desktop/rascore_build/core/6v5lA_core.cif	/Users/mitchellparker/Desktop/rascore_build/rcsb/6v5l.cif.gz	/Users/mitchellparker/Desktop/rascore_build/renum/6v5l_renum.cif	/Users/mitchellparker/Desktop/rascore_build/rcsb_assembly/6v5l-assembly-1.cif.gz	/Users/mitchellparker/Desktop/rascore_build/renum_assembly/6v5l-assembly-1_renum.cif	/Users/mitchellparker/Desktop/rascore_build/sifts/6v5l.xml.gz
6w4fB	6w4f	0	B	Outlier	Y32out	Y71in	None	BBBBE-----AAAAAAAAABA	GTPase KRas	RASK_HUMAN	P01116-2	G12D	G12	KRAS	2P	G12D	None	None	Nanodisc	None	SP12-Unbound	None	184	2-61:65-167:169-185	2020-03-10	SP12	Unbound	-133.93	-92.59	-127.92	-116.19	96.97	-92.54	999.0	999.0	999.0	106.46	-61.2	-66.16	-89.02	-71.56	-56.06	-60.0	-73.23	-84.03	-70.87	-60.58	-88.41	128.33	151.69	147.03	144.37	-159.11	999.0	999.0	999.0	999.0	114.07	-35.4	-24.91	-31.82	-42.92	-59.44	-27.81	-21.29	-50.19	-34.19	126.67	-46.61	179.17	178.86	-179.43	179.77	179.87	179.76	999.0	999.0	999.0	999.0	-179.41	-179.96	179.43	-179.93	-178.51	-179.04	179.79	179.66	-179.31	-179.59	179.65	Not Available	PCW,PCW,PCW,PCW,PCW,PCW,PCW,PCW,PCW,PCW,PCW,PCW,PCW,17F,17F,PCW,PCW,PCW,PCW,PCW,PCW,PCW,PCW,PCW,PCW,PCW,PCW,PCW,PCW,PCW,PCW,PCW,PCW,PCW,PCW,PCW,PCW,PCW,PCW,PCW,PCW,PCW,PCW,PCW,PCW,PCW,PCW,17F,17F,17F,17F,17F,17F,17F,17F,GDP,MG,PCW,PCW,PCW,PCW,PCW,PCW,PCW,PCW,PCW,PCW,PCW,17F,17F,17F,17F,PCW,PCW,PCW,PCW,PCW,PCW,PCW,17F,17F,PCW	Apolipoprotein A-I	None	A:185,180,178,181,179,177,183	APOA1_HUMAN	None	None	Nanodisc	None	A,D	GDP	MG	None	None	None	17F,PCW	NMR	None	None	TEYKLVVVGADGVGKSALTIQLIQNHFVDEYDPTIEDSYRKQVVIDGETCLLDILDTAGQEEYSAMRDQYMRTGEGFLCVFAINNTKSFEDIHHYREQIKRVKDSEDVPMVLVGNKCDLPSRTVDTKQAQDLARSYGIPFIETSAKTRQGVDDAFYTLVREIRKHKEKMSKDGKKKKKKSKTKC	56,57,58,59,60,61,62,63,64,65,66,67,68,69,70,71,72,73,74,75,76	LDTAGQ---SAMRDQYMRTGE	21.0	None	None	None	False	999.0	999.0	999.0	999.0	999.0	999.0	/Users/mitchellparker/Desktop/rascore_build/core/6w4fB_core.cif	/Users/mitchellparker/Desktop/rascore_build/rcsb/6w4f.cif.gz	/Users/mitchellparker/Desktop/rascore_build/renum/6w4f_renum.cif	/Users/mitchellparker/Desktop/rascore_build/rcsb_assembly/6w4f-assembly-1.cif.gz	/Users/mitchellparker/Desktop/rascore_build/renum_assembly/6w4f-assembly-1_renum.cif	/Users/mitchellparker/Desktop/rascore_build/sifts/6w4f.xml.gz
6wghA	6wgh	0	A	Y32out.2P-OFF	Y32out	Y71in	P 1 21 1 (CF16)	BBBB------AAAAAAAAABA	GTPase NRas	RASN_HUMAN	P01111	WT	WT	NRAS	2P	WT	None	None	None	None	Multiple-Unbound	P 1 21 1	181	1-60:65-169	2020-04-05	Multiple	Unbound	-120.46	-95.82	-83.5	-111.74	-61.34	999.0	999.0	999.0	999.0	-130.58	-66.0	-72.86	-62.36	-61.56	-63.72	-73.75	-72.02	-58.4	-79.57	-68.87	-101.32	119.98	111.29	151.48	129.78	999.0	999.0	999.0	999.0	999.0	-44.3	-35.58	-33.57	-49.75	-30.06	-50.59	-21.56	-41.94	-42.74	-27.55	139.82	-23.87	179.76	174.5	-172.67	171.3	-176.64	999.0	999.0	999.0	999.0	999.0	174.65	176.83	178.19	175.43	177.56	-178.38	171.7	175.08	-174.33	-175.98	179.53	Above 0.4	MG,GDP,FLC,GOL,MG	None	None	None	None	None	None	None	None	None	GDP	MG	None	FLC,GOL	None	None	XRAY	1.650	0.179	GMTEYKLVVVGAGGVGKSALTIQLIQNHFVDEYDPTIEDSYRKQVVIDGETCLLDILDTAGQEEYILDTAGQEEYSAMRDQYMRTGEGFLCVFAINNSKSFADINLYREQIKRVKDSDDVPMVLVGNKCDLPTRTVDTKQAHELAKSYGIPFIETSAKTRQGVEDAFYTLVREIRQYRMKK	56,57,58,59,60,61,62,63,64,65,66,67,68,69,70,71,72,73,74,75,76	LDTAG----SAMRDQYMRTGE	21.0	None	None	None	False	40.460	45.960	89.080	90.000	99.770	90.000	/Users/mitchellparker/Desktop/rascore_build/core/6wghA_core.cif	/Users/mitchellparker/Desktop/rascore_build/rcsb/6wgh.cif.gz	/Users/mitchellparker/Desktop/rascore_build/renum/6wgh_renum.cif	/Users/mitchellparker/Desktop/rascore_build/rcsb_assembly/6wgh-assembly-1.cif.gz	/Users/mitchellparker/Desktop/rascore_build/renum_assembly/6wgh-assembly-1_renum.cif	/Users/mitchellparker/Desktop/rascore_build/sifts/6wgh.xml.gz
6zirA	6zir	0	A	Y32out.2P-OFF	Y32out	Y71in	P 3 2 1 (CF3)	BBBA--------BAAAAAABA	GTPase NRas	RASN_HUMAN	P01111	C118S	C118	NRAS	2P	Other	Multiple	Multiple	None	None	Multiple-Bound	P 3 2 1	173	1-60:67-169	2020-06-26	Multiple	Bound	-95.41	-94.57	-77.46	-122.89	21.33	999.0	999.0	999.0	999.0	999.0	999.0	173.19	-33.5	-59.74	-62.73	-73.36	-75.27	-67.32	-74.11	-55.56	-98.39	118.56	101.94	153.61	0.82	999.0	999.0	999.0	999.0	999.0	999.0	999.0	174.18	142.57	-25.45	-53.15	-17.6	-35.77	-42.43	-42.44	134.43	-23.0	175.63	176.78	-176.96	-178.91	178.05	999.0	999.0	999.0	999.0	999.0	999.0	999.0	-174.04	178.45	-177.17	179.66	175.62	175.75	-178.93	-179.08	179.34	Above 0.4	MG,MG,GDP,EZZ,EZZ	None	EZZ:49,164,47,168,165,48,4;EZZ:56,71,5,54,6,39,41,74,7,75,37,70	None	None	Allosteric Site|SP12	Other|SP12.Indole	None	None	None	GDP	MG	EZZ	None	None	None	XRAY	1.900	0.189	GMTEYKLVVVGAGGVGKSALTIQLIQNHFVDEYDPTIEDSYRKQVVIDGETCLLDILDTAGQEEYSAMRDQYMRTGEGFLCVFAINNSKSFADINLYREQIKRVKDSDDVPMVLVGNKSDLPTRTVDTKQAHELAKSYGIPFIETSAKTRQGVEDAFYTLVREIRQYRMKKLN	56,57,58,59,60,61,62,63,64,65,66,67,68,69,70,71,72,73,74,75,76	LDTAG------MRDQYMRTGE	21.0	None	None	None	False	103.806	103.806	54.775	90.00	90.00	120.00	/Users/mitchellparker/Desktop/rascore_build/core/6zirA_core.cif	/Users/mitchellparker/Desktop/rascore_build/rcsb/6zir.cif.gz	/Users/mitchellparker/Desktop/rascore_build/renum/6zir_renum.cif	/Users/mitchellparker/Desktop/rascore_build/rcsb_assembly/6zir-assembly-1.cif.gz	/Users/mitchellparker/Desktop/rascore_build/renum_assembly/6zir-assembly-1_renum.cif	/Users/mitchellparker/Desktop/rascore_build/sifts/6zir.xml.gz
6zl3A	6zl3	0	A	Y32out.2P-OFF	Y32out	Y71in	P 3 2 1 (CF4)	BBBAL-----AAAAAAAAABA	GTPase HRas	RASH_HUMAN	P01112	WT	WT	HRAS	2P	WT	SP12	SP12.Indole	None	Homodimer	SP12-Bound	P 3 2 1	167	1-61:65-166	2020-06-30	SP12	Bound	-94.7	-88.36	-73.47	-121.39	66.37	70.82	999.0	999.0	999.0	-112.59	-66.97	-69.31	-67.3	-56.65	-62.04	-75.0	-70.25	-71.65	-71.6	-59.64	-94.53	117.91	98.19	151.27	-12.09	31.6	999.0	999.0	999.0	999.0	-17.95	-20.7	-25.84	-19.41	-32.74	-47.41	-24.15	-35.43	-41.83	-40.63	131.19	-29.76	174.94	173.98	-179.1	-178.04	-178.19	-179.74	999.0	999.0	999.0	999.0	-178.27	177.27	176.96	-177.5	-178.63	177.31	175.22	176.59	177.76	-176.12	178.63	Above 0.4	NA,GDP,EZZ	None	EZZ:56,74,5,54,6,39,41,71,7,75,37,70	None	None	SP12	SP12.Indole	None	None	None	GDP	None	EZZ	None	None	None	XRAY	2.031	0.203	GMTEYKLVVVGAGGVGKSALTIQLIQNHFVDEYDPTIEDSYRKQVVIDGETCLLDILDTAGQEEYSAMRDQYMRTGEGFLCVFAINNTKSFEDIHQYREQIKRVKDSDDVPMVLVGNKCDLAARTVESRQAQDLARSYGIPYIETSAKTRQGVEDAFYTLVREIRQH	56,57,58,59,60,61,62,63,64,65,66,67,68,69,70,71,72,73,74,75,76	LDTAGQ---SAMRDQYMRTGE	21.0	None	None	None	False	93.067	93.067	55.441	90	90	120	/Users/mitchellparker/Desktop/rascore_build/core/6zl3A_core.cif	/Users/mitchellparker/Desktop/rascore_build/rcsb/6zl3.cif.gz	/Users/mitchellparker/Desktop/rascore_build/renum/6zl3_renum.cif	/Users/mitchellparker/Desktop/rascore_build/rcsb_assembly/6zl3-assembly-1.cif.gz	/Users/mitchellparker/Desktop/rascore_build/renum_assembly/6zl3-assembly-1_renum.cif	/Users/mitchellparker/Desktop/rascore_build/sifts/6zl3.xml.gz
6zl5A	6zl5	0	A	Outlier	Y32out	Y71in	P 41 21 2 (CF1)	BBBB------AAAAAAAAABA	GTPase KRas	RASK_HUMAN	P01116-2	G12D,C118S	G12,C118	KRAS	2P	G12D	SP12	SP12.Indole	None	None	SP12-Bound	P 41 21 2	170	1-60:65-167	2020-06-30	SP12	Bound	-108.42	-97.73	-93.99	-93.26	-69.69	999.0	999.0	999.0	999.0	-127.6	-60.93	-69.11	-59.42	-62.14	-65.01	-73.05	-70.77	-65.52	-72.46	-61.79	-95.84	119.57	110.43	177.44	154.37	999.0	999.0	999.0	999.0	999.0	-33.72	-43.27	-40.1	-47.04	-40.75	-41.97	-27.76	-42.78	-38.53	-39.63	138.66	-30.38	176.88	179.15	-173.57	169.76	-178.71	999.0	999.0	999.0	999.0	999.0	177.13	178.77	178.25	178.46	178.86	179.33	177.23	178.21	-179.38	-178.36	178.84	Above 0.4	MG,GDP,F0K,SO4	None	F0K:71,74,5,56,6,7,54,39,67,75,38	None	None	SP12	SP12.Indole	None	None	None	GDP	MG	F0K	SO4	None	None	XRAY	1.645	0.197	GMTEYKLVVVGADGVGKSALTIQLIQNHFVDEYDPTIEDSYRKQVVIDGETCLLDILDTAGQEEYSAMRDQYMRTGEGFLCVFAINNTKSFEDIHHYREQIKRVKDSEDVPMVLVGNKSDLPSRTVDTKQAQDLARSYGIPFIETSAKTRQGVDDAFYTLVREIRKHKEK	56,57,58,59,60,61,62,63,64,65,66,67,68,69,70,71,72,73,74,75,76	LDTAG----SAMRDQYMRTGE	21.0	None	None	None	False	83.802	83.802	87.416	90	90	90	/Users/mitchellparker/Desktop/rascore_build/core/6zl5A_core.cif	/Users/mitchellparker/Desktop/rascore_build/rcsb/6zl5.cif.gz	/Users/mitchellparker/Desktop/rascore_build/renum/6zl5_renum.cif	/Users/mitchellparker/Desktop/rascore_build/rcsb_assembly/6zl5-assembly-1.cif.gz	/Users/mitchellparker/Desktop/rascore_build/renum_assembly/6zl5-assembly-1_renum.cif	/Users/mitchellparker/Desktop/rascore_build/sifts/6zl5.xml.gz
7acqA	7acq	0	A	Y32out.2P-OFF	Y32out	Y71in	C 1 2 1 (CF12)	BBBAB-----AAAAAAAAABA	GTPase KRas	RASK_HUMAN	P01116-2	G12D	G12	KRAS	2P	G12D	None	None	None	None	SP12-Unbound	C 1 2 1	170	1-61:65-167	2020-09-11	SP12	Unbound	-97.29	-99.41	-78.65	-107.51	-61.0	-129.7	999.0	999.0	999.0	-130.33	-69.09	-73.43	-59.48	-57.37	-61.89	-75.17	-69.46	-65.38	-77.33	-66.74	-93.58	121.75	96.89	146.2	-76.59	127.24	999.0	999.0	999.0	999.0	-46.7	-38.21	-34.15	-48.84	-38.14	-50.08	-22.01	-39.48	-36.57	-34.94	141.52	-26.5	177.1	-179.51	-171.03	-176.3	177.39	-175.5	999.0	999.0	999.0	999.0	-176.37	178.31	174.38	177.74	-178.47	-177.5	172.77	175.76	-178.52	-176.32	179.34	Above 0.4	GDP,MG	None	None	None	None	None	None	None	None	None	GDP	MG	None	None	None	None	XRAY	1.860	0.175	GMTEYKLVVVGADGVGKSALTIQLIQNHFVDEYDPTIEDSYRKQVVIDGETCLLDILDTAGQEEYSAMRDQYMRTGEGFLCVFAINNTKSFEDIHHYREQIKRVKDSEDVPMVLVGNKCDLPSRTVDTKQAQDLARSYGIPFIETSAKTRQGVDDAFYTLVREIRKHKEK	56,57,58,59,60,61,62,63,64,65,66,67,68,69,70,71,72,73,74,75,76	LDTAGQ---SAMRDQYMRTGE	21.0	None	None	None	False	114.883	66.316	74.537	90.00	95.12	90.00	/Users/mitchellparker/Desktop/rascore_build/core/7acqA_core.cif	/Users/mitchellparker/Desktop/rascore_build/rcsb/7acq.cif.gz	/Users/mitchellparker/Desktop/rascore_build/renum/7acq_renum.cif	/Users/mitchellparker/Desktop/rascore_build/rcsb_assembly/7acq-assembly-1.cif.gz	/Users/mitchellparker/Desktop/rascore_build/renum_assembly/7acq-assembly-1_renum.cif	/Users/mitchellparker/Desktop/rascore_build/sifts/7acq.xml.gz
7acqB	7acq	0	B	Y32out.2P-OFF	Y32out	Y71in	C 1 2 1 (CF12)	BBBA------AAAAAAAAABA	GTPase KRas	RASK_HUMAN	P01116-2	G12D	G12	KRAS	2P	G12D	SP12	SP12.Indole	None	None	SP12-Bound	C 1 2 1	170	1-60:65-167	2020-09-11	SP12	Bound	-95.51	-99.13	-83.37	-109.46	-65.5	999.0	999.0	999.0	999.0	-122.27	-65.0	-64.77	-63.29	-55.52	-64.71	-74.07	-68.89	-66.05	-86.54	-67.13	-97.91	120.7	101.77	147.1	-78.71	999.0	999.0	999.0	999.0	999.0	-54.3	-46.2	-36.61	-49.53	-37.15	-47.74	-22.76	-37.77	-40.44	-20.72	141.86	-25.23	177.18	176.74	-172.11	-174.79	-176.16	999.0	999.0	999.0	999.0	999.0	178.98	-179.57	177.39	176.9	-177.88	-178.29	172.26	177.43	-177.76	177.95	-178.04	Above 0.4	R6W,GDP,MG	None	R6W:1,3,52,54,41,2,70,71,5,74,39,56,6,7	None	None	SP12	SP12.Indole	None	None	None	GDP	MG	R6W	None	None	None	XRAY	1.860	0.175	GMTEYKLVVVGADGVGKSALTIQLIQNHFVDEYDPTIEDSYRKQVVIDGETCLLDILDTAGQEEYSAMRDQYMRTGEGFLCVFAINNTKSFEDIHHYREQIKRVKDSEDVPMVLVGNKCDLPSRTVDTKQAQDLARSYGIPFIETSAKTRQGVDDAFYTLVREIRKHKEK	56,57,58,59,60,61,62,63,64,65,66,67,68,69,70,71,72,73,74,75,76	LDTAG----SAMRDQYMRTGE	21.0	None	None	None	False	114.883	66.316	74.537	90.00	95.12	90.00	/Users/mitchellparker/Desktop/rascore_build/core/7acqB_core.cif	/Users/mitchellparker/Desktop/rascore_build/rcsb/7acq.cif.gz	/Users/mitchellparker/Desktop/rascore_build/renum/7acq_renum.cif	/Users/mitchellparker/Desktop/rascore_build/rcsb_assembly/7acq-assembly-1.cif.gz	/Users/mitchellparker/Desktop/rascore_build/renum_assembly/7acq-assembly-1_renum.cif	/Users/mitchellparker/Desktop/rascore_build/sifts/7acq.xml.gz
7acqC	7acq	0	C	Outlier	Y32out	Y71in	C 1 2 1 (CF12)	BBB---------AAAAAAABA	GTPase KRas	RASK_HUMAN	P01116-2	G12D	G12	KRAS	2P	G12D	SP12	SP12.Indole	None	None	SP12-Bound	C 1 2 1	170	1-59:67-167	2020-09-11	SP12	Bound	-98.11	-99.47	-83.08	-64.95	999.0	999.0	999.0	999.0	999.0	999.0	999.0	-56.55	-64.81	-60.1	-61.19	-75.86	-66.29	-66.01	-78.44	-64.38	-96.28	121.34	101.38	153.89	999.0	999.0	999.0	999.0	999.0	999.0	999.0	999.0	149.23	-31.41	-42.08	-48.52	-23.03	-41.42	-37.58	-35.58	142.06	-27.77	178.01	179.84	-170.77	-175.74	999.0	999.0	999.0	999.0	999.0	999.0	999.0	999.0	171.91	-179.82	-179.28	-176.49	171.11	177.84	-177.23	-177.9	-179.77	Above 0.4	R6W,GDP,MG	None	R6W:1,3,54,2,52,41,70,71,5,74,39,6,56,7	None	None	SP12	SP12.Indole	None	None	None	GDP	MG	R6W	None	None	None	XRAY	1.860	0.175	GMTEYKLVVVGADGVGKSALTIQLIQNHFVDEYDPTIEDSYRKQVVIDGETCLLDILDTAGQEEYSAMRDQYMRTGEGFLCVFAINNTKSFEDIHHYREQIKRVKDSEDVPMVLVGNKCDLPSRTVDTKQAQDLARSYGIPFIETSAKTRQGVDDAFYTLVREIRKHKEK	56,57,58,59,60,61,62,63,64,65,66,67,68,69,70,71,72,73,74,75,76	LDTA-------MRDQYMRTGE	21.0	None	None	None	False	114.883	66.316	74.537	90.00	95.12	90.00	/Users/mitchellparker/Desktop/rascore_build/core/7acqC_core.cif	/Users/mitchellparker/Desktop/rascore_build/rcsb/7acq.cif.gz	/Users/mitchellparker/Desktop/rascore_build/renum/7acq_renum.cif	/Users/mitchellparker/Desktop/rascore_build/rcsb_assembly/7acq-assembly-1.cif.gz	/Users/mitchellparker/Desktop/rascore_build/renum_assembly/7acq-assembly-1_renum.cif	/Users/mitchellparker/Desktop/rascore_build/sifts/7acq.xml.gz
7lgiA	7lgi	0	A	Y32out.2P-OFF	Y32out	Y71in	None	BBBABBBABAAAAAAAAAABA	GTPase KRas	RASK_HUMAN	P01116-2	WT	WT	KRAS	2P	WT	SP12	SP12.Unclassified	None	None	SP12-Bound	None	169	1-169	2021-01-20	SP12	Bound	-110.27	-95.91	-73.56	-90.11	154.66	-104.24	-105.65	-62.26	-120.28	-64.0	-59.55	-69.81	-62.38	-72.73	-67.83	-70.68	-100.63	-105.3	-79.59	-72.31	-96.24	126.17	93.41	161.29	-50.91	-69.32	135.44	159.26	-44.11	131.29	-23.86	-54.05	-27.27	-48.07	-26.55	-45.31	-8.05	-5.67	-27.53	-24.2	134.62	-37.32	-179.52	178.37	-179.48	179.01	179.89	179.99	-179.48	179.09	179.07	179.36	179.38	179.93	178.8	178.96	-179.78	-179.31	179.17	-179.25	179.83	179.92	179.7	Not Available	GDP,MG,P2Z	None	P2Z:41,39,54,56,37,71,74,5,6,7,75	None	None	SP12	SP12.Unclassified	None	None	None	GDP	MG	P2Z	None	None	None	NMR	None	None	MTEYKLVVVGAGGVGKSALTIQLIQNHFVDEYDPTIEDSYRKQVVIDGETCLLDILDTAGQEEYSAMRDQYMRTGEGFLCVFAINNTKSFEDIHHYREQIKRVKDSEDVPMVLVGNKCDLPSRTVDTKQAQDLARSYGIPFIETSAKTRQGVDDAFYTLVREIRKHKEK	56,57,58,59,60,61,62,63,64,65,66,67,68,69,70,71,72,73,74,75,76	LDTAGQEEYSAMRDQYMRTGE	21.0	None	None	None	True	999.0	999.0	999.0	999.0	999.0	999.0	/Users/mitchellparker/Desktop/rascore_build/core/7lgiA_core.cif	/Users/mitchellparker/Desktop/rascore_build/rcsb/7lgi.cif.gz	/Users/mitchellparker/Desktop/rascore_build/renum/7lgi_renum.cif	/Users/mitchellparker/Desktop/rascore_build/rcsb_assembly/7lgi-assembly-1.cif.gz	/Users/mitchellparker/Desktop/rascore_build/renum_assembly/7lgi-assembly-1_renum.cif	/Users/mitchellparker/Desktop/rascore_build/sifts/7lgi.xml.gz
