cluster	total_chain	total_entry	total_cf	nn_dist_mean	nn_dist_max	constraint_distance_mean	constraint_distance_max	common_rama	common_bb_seq	common_sc_seq	entropy_rama	entropy_bb_seq	entropy_sc_seq	occupancy_rama	occupancy_bb_seq	occupancy_sc_seq	GTPase HRas	GTPase KRas	GTPase NRas
Disordered	180	99	41	-	-	-	-	-	-	-	-	-	-	-	-	-	38	137	5
Outlier	250	176	79	-	-	-	-	-	-	-	-	-	-	-	-	-	104	145	1
Y71in.2P-SP12	20	15	2	5.73	15.2	0.25	0.34	BBBAEBBABAAAAAAAAAABA	LDTAGQEEYSAMRDQYMRTGE	None	-0.0	-0.0	-0.0	1.0	1.0	1.0	-	20	-
Y71in.3P-R	97	83	22	14.07	38.74	0.56	1.17	BBBBABAAAAAAAAAAAAABA	LDTAGQEEYSAMRDQYMRTGE	None	0.0	0.12	-0.0	0.99	0.65	1.0	66	29	2
Y71in.3P-SP12-A	31	16	6	23.07	39.19	0.25	1.09	BBBBABBABAAAAAAAAAABA	LDTAGHEEYSAMRDQYMRTGE	None	0.05	0.13	-0.0	0.87	0.61	1.0	1	30	-
Y71in.3P-SP12-B	12	12	1	19.95	28.96	0.52	0.63	BBBBABBBBBAAAAAAAAABA	LDTAGHEEYSAMRDQYMRTGE	None	-0.0	-0.0	-0.0	1.0	1.0	1.0	-	12	-
Y71out.0P-GEF	52	52	4	9.94	25.18	0.28	0.78	BBABLAAABAAAAAAAAAABA	LDTAGQEEYSAMRDQYMRTGE	None	-0.0	0.02	-0.0	1.0	0.96	1.0	46	6	-
Y71out.2P-BINDER	13	5	4	9.94	22.33	0.42	1.08	BBBBLAABBBAAAAAAAAABA	LDTAGQEEYSAMRDQYMRTGE	None	-0.0	-0.0	-0.0	1.0	1.0	1.0	-	13	-
Y71out.2P-SP2-A	27	21	7	21.57	34.92	0.84	1.2	BBBBEBBBABAAAAAAAAABA	LDTAGQEEYSAMRDQYMRTGE	None	0.15	-0.0	-0.0	0.52	1.0	1.0	-	27	-
Y71out.2P-SP2-B	19	9	6	15.2	33.9	0.42	0.85	BBBALBABBBAAAAAAAAABA	LDTAGQEEYSAMRDQYMRTGE	None	-0.0	-0.0	-0.0	1.0	1.0	1.0	-	17	2
Y71out.3P-T	20	20	1	15.2	32.33	0.26	0.41	BBBBABAAAABLAAAAAAABA	LDTAGQEEYSAMRDQYMRTGE	None	0.16	0.14	-0.0	0.45	0.55	1.0	20	-	-
