pdb_id	pdb_code	modelid	chainid	Y32	Y71	crystal_form	cluster	rama	nn_dist	constraint_distance	prot_name	swiss_id	uniprot_id	mutation_status	mutation_position	gene_class	nucleotide_class	mutation_class	pharmacological_class	match_class	protein_class	interface_class	pocket_class	space_group	length	range	deposit_data	pocket_site	pocket_status	phi_1	phi_2	phi_3	phi_4	phi_5	phi_6	phi_7	phi_8	phi_9	phi_10	phi_11	phi_12	phi_13	phi_14	phi_15	phi_16	psi_1	psi_2	psi_3	psi_4	psi_5	psi_6	psi_7	psi_8	psi_9	psi_10	psi_11	psi_12	psi_13	psi_14	psi_15	psi_16	omega_1	omega_2	omega_3	omega_4	omega_5	omega_6	omega_7	omega_8	omega_9	omega_10	omega_11	omega_12	omega_13	omega_14	omega_15	omega_16	edia_score	bound_ligand	bound_protein	bound_ligand_contacts	bound_protein_contacts	bound_protein_swiss_id	pharmacological_ligand_site	pharmarmacological_ligand_match	bound_protein_pfam	bound_protein_site	bound_protein_chainid	biological_ligand	ion_ligand	pharmacological_ligand	chemical_ligand	modification_ligand	membrane_ligand	method	resolution	r_factor	sequence	bb_resid	bb_seq	bb_length	sc_resid	sc_seq	sc_length	complete	length_a	length_b	length_c	angle_alpha	angle_beat	angle_gamma	core_path	rcsb_path	renum_path	rcsb_assembly_path	renum_assembly_path	sifts_path
1gnqA	1gnq	0	A	Y32out	Y71in	P 32 2 1 (CF1)	Noise	ALBBBABBBBBBBBBB	2.03	3.99	GTPase HRas	RASH_HUMAN	P01112	WT	WT	HRAS	3P	WT	None	None	None	Homodimer	Multiple-Unbound	P 32 2 1	166	1-166	1995-05-11	Multiple	Unbound	-79.94	56.99	-167.18	-87.26	-92.42	-55.02	-69.01	-123.24	-164.04	-66.02	-116.89	-117.82	-48.52	-129.45	-125.01	-121.28	10.02	55.75	162.2	133.94	67.47	-52.94	-167.23	145.22	55.45	94.43	162.69	-139.9	113.33	132.02	119.73	150.83	-165.99	166.05	169.63	179.31	177.42	169.9	178.64	-151.94	-167.89	-175.05	-158.97	165.15	-167.93	177.59	-175.58	168.8	Not Available	MG,CAG	None	None	None	None	None	None	None	None	None	CAG	MG	None	None	None	None	XRAY	2.500	0.207	MTEYKLVVVGAGGVGKSALTIQLIQNHFVDEYDPTIEDSYRKQVVIDGETCLLDILDTAGQEEYSAMRDQYMRTGEGFLCVFAINNTKSFEDIHQYREQIKRVKDSDDVPMVLVGNKCDLAARTVESRQAQDLARSYGIPYIETSAKTRQGVEDAFYTLVREIRQH	25,26,27,28,29,30,31,32,33,34,35,36,37,38,39,40	QNHFVDEYDPTIEDSY	16.0	None	None	None	True	40.800	40.800	158.200	90.00	90.00	120.00	/Users/mitchellparker/Desktop/rascore_build/core/1gnqA_core.cif	/Users/mitchellparker/Desktop/rascore_build/rcsb/1gnq.cif.gz	/Users/mitchellparker/Desktop/rascore_build/renum/1gnq_renum.cif	/Users/mitchellparker/Desktop/rascore_build/rcsb_assembly/1gnq-assembly-1.cif.gz	/Users/mitchellparker/Desktop/rascore_build/renum_assembly/1gnq-assembly-1_renum.cif	/Users/mitchellparker/Desktop/rascore_build/sifts/1gnq.xml.gz
1xcmA	1xcm	0	A	Y32out	Y71in	I 2 2 2 (CF1)	Noise	BALABABBBBABBBBB	0.44	0.0	GTPase HRas	RASH_HUMAN	P01112	G60A	G60	HRAS	3P	Other	None	None	None	None	SP12-Unbound	I 2 2 2	167	1-117:119-167	2004-09-02	SP12	Unbound	-70.63	-103.13	59.93	-63.74	-83.56	-65.39	-128.7	-105.16	-97.14	-103.53	-102.2	-113.04	-66.26	-161.24	-114.79	-141.27	140.36	6.41	13.1	-47.99	122.01	-49.85	123.87	130.52	103.43	98.85	-19.51	161.93	140.98	170.24	146.39	142.51	-172.59	173.15	177.54	172.67	171.48	-169.33	173.87	-179.6	-175.56	177.03	178.94	-174.1	166.41	177.71	179.01	-173.86	Not Available	CSO,MG,MG,GNP	None	None	None	None	None	None	None	None	None	GNP	MG	None	None	CSO	None	XRAY	1.840	0.186	MTEYKLVVVGAGGVGKSALTIQLIQNHFVDEYDPTIEDSYRKQVVIDGETCLLDILDTAAQEEYSAMRDQYMRTGEGFLCVFAINNTKSFEDIHQYREQIKRVKDSDDVPMVLVGNKCDLAARTVESRQAQDLARSYGIPYIETSAKTRQGVEDAFYTLVREIRQHK	25,26,27,28,29,30,31,32,33,34,35,36,37,38,39,40	QNHFVDEYDPTIEDSY	16.0	None	None	None	True	34.292	81.419	121.302	90.00	90.00	90.00	/Users/mitchellparker/Desktop/rascore_build/core/1xcmA_core.cif	/Users/mitchellparker/Desktop/rascore_build/rcsb/1xcm.cif.gz	/Users/mitchellparker/Desktop/rascore_build/renum/1xcm_renum.cif	/Users/mitchellparker/Desktop/rascore_build/rcsb_assembly/1xcm-assembly-1.cif.gz	/Users/mitchellparker/Desktop/rascore_build/renum_assembly/1xcm-assembly-1_renum.cif	/Users/mitchellparker/Desktop/rascore_build/sifts/1xcm.xml.gz
2lwiA	2lwi	0	A	Y32out	Y71out	None	Noise	ALBBBABBBBLBBBBB	3.63	5.32	GTPase HRas	RASH_HUMAN	P01112	T35S	T35	HRAS	3P	Other	SP12	SP12.Unclassified	None	None	SP12-Bound	None	172	1-166	2012-08-01	SP12	Bound	-105.63	68.0	-132.51	-77.09	-52.49	-116.4	-148.58	-145.75	-105.85	-74.77	64.29	-156.83	-74.72	-78.57	-110.17	-139.27	-14.28	35.46	157.7	131.84	105.36	-37.18	121.2	172.66	94.56	-167.33	23.08	-178.48	108.03	64.23	144.19	127.42	-179.17	179.98	-179.99	179.57	-179.68	179.93	-179.93	179.9	-179.97	-179.87	-179.9	179.95	179.92	179.99	-179.93	179.97	Not Available	GNP,MG,KOB	None	KOB:71,56,5,70,67,66	None	None	SP12	SP12.Unclassified	None	None	None	GNP	MG	KOB	None	None	None	NMR	None	None	GPLGSDMTEYKLVVVGAGGVGKSALTIQLIQNHFVDEYDPSIEDSYRKQVVIDGETCLLDILDTAGQEEYSAMRDQYMRTGEGFLCVFAINNTKSFEDIHQYREQIKRVKDSDDVPMVLVGNKCDLAARTVESRQAQDLARSYGIPYIETSAKTRQGVEDAFYTLVREIRQH	25,26,27,28,29,30,31,32,33,34,35,36,37,38,39,40	QNHFVDEYDPSIEDSY	16.0	None	None	None	True	999.0	999.0	999.0	999.0	999.0	999.0	/Users/mitchellparker/Desktop/rascore_build/core/2lwiA_core.cif	/Users/mitchellparker/Desktop/rascore_build/rcsb/2lwi.cif.gz	/Users/mitchellparker/Desktop/rascore_build/renum/2lwi_renum.cif	/Users/mitchellparker/Desktop/rascore_build/rcsb_assembly/2lwi-assembly-1.cif.gz	/Users/mitchellparker/Desktop/rascore_build/renum_assembly/2lwi-assembly-1_renum.cif	/Users/mitchellparker/Desktop/rascore_build/sifts/2lwi.xml.gz
3kkmA	3kkm	0	A	Y32out	Disordered	H 3 2 (CF3)	Noise	ALBBBABBBAABBABB	3.79	4.3	GTPase HRas	RASH_HUMAN	P01112	T35S	T35	HRAS	3P	Other	None	None	None	Homodimer	Other-Unbound	H 3 2	172	1-60:72-166	2009-11-06	Other	Unbound	-108.93	58.13	-139.8	-112.77	-114.89	-73.58	-154.39	-130.79	-45.66	-40.61	-101.08	-59.33	-53.43	-110.78	-118.44	-135.73	-14.5	41.36	144.56	131.25	137.89	-12.53	148.38	112.49	133.73	-28.44	15.99	151.7	143.19	-6.17	127.21	149.54	-170.67	-172.66	-177.52	173.03	176.17	179.15	176.36	-178.6	179.68	173.71	-168.22	177.99	171.73	176.36	178.4	-173.67	Below 0.4	GNP,MG,SO4,SO4	None	None	None	None	None	None	None	None	None	GNP	MG	None	SO4	None	None	XRAY	1.700	0.197	GPLGSDMTEYKLVVVGAGGVGKSALTIQLIQNHFVDEYDPSIEDSYRKQVVIDGETCLLDILDTAGQEEYSAMRDQYMRTGEGFLCVFAINNTKSFEDIHQYREQIKRVKDSDDVPMVLVGNKCDLAARTVESRQAQDLARSYGIPYIETSAKTRQGVEDAFYTLVREIRQH	25,26,27,28,29,30,31,32,33,34,35,36,37,38,39,40	QNHFVDEYDPSIEDSY	16.0	None	None	None	True	92.855	92.855	117.478	90.00	90.00	120.00	/Users/mitchellparker/Desktop/rascore_build/core/3kkmA_core.cif	/Users/mitchellparker/Desktop/rascore_build/rcsb/3kkm.cif.gz	/Users/mitchellparker/Desktop/rascore_build/renum/3kkm_renum.cif	/Users/mitchellparker/Desktop/rascore_build/rcsb_assembly/3kkm-assembly-1.cif.gz	/Users/mitchellparker/Desktop/rascore_build/renum_assembly/3kkm-assembly-1_renum.cif	/Users/mitchellparker/Desktop/rascore_build/sifts/3kkm.xml.gz
3kknA	3kkn	0	A	Y32out	Y71out	I 2 2 2 (CF1)	Noise	BALABABBBBABBBBB	0.12	5.58	GTPase HRas	RASH_HUMAN	P01112	T35S	T35	HRAS	3P	Other	None	None	None	None	SP12-Unbound	I 2 2 2	172	1-166	2009-11-06	SP12	Unbound	-56.94	-97.93	62.36	-58.23	-86.17	-59.65	-124.91	-134.67	-110.5	-65.48	-95.49	-127.99	-58.92	-164.67	-111.98	-132.73	132.95	5.18	9.9	-48.88	123.43	-57.89	129.92	108.5	88.79	137.56	-29.28	169.5	149.91	168.14	138.72	157.01	-178.28	167.21	175.28	170.32	173.05	-175.55	-179.25	178.06	179.82	-173.51	-173.27	177.61	177.88	-175.49	-179.68	-179.02	Above 0.4	GNP,MG	None	None	None	None	None	None	None	None	None	GNP	MG	None	None	None	None	XRAY	2.090	0.196	GPLGSDMTEYKLVVVGAGGVGKSALTIQLIQNHFVDEYDPSIEDSYRKQVVIDGETCLLDILDTAGQEEYSAMRDQYMRTGEGFLCVFAINNTKSFEDIHQYREQIKRVKDSDDVPMVLVGNKCDLAARTVESRQAQDLARSYGIPYIETSAKTRQGVEDAFYTLVREIRQH	25,26,27,28,29,30,31,32,33,34,35,36,37,38,39,40	QNHFVDEYDPSIEDSY	16.0	None	None	None	True	34.583	82.000	121.998	90.00	90.00	90.00	/Users/mitchellparker/Desktop/rascore_build/core/3kknA_core.cif	/Users/mitchellparker/Desktop/rascore_build/rcsb/3kkn.cif.gz	/Users/mitchellparker/Desktop/rascore_build/renum/3kkn_renum.cif	/Users/mitchellparker/Desktop/rascore_build/rcsb_assembly/3kkn-assembly-1.cif.gz	/Users/mitchellparker/Desktop/rascore_build/renum_assembly/3kkn-assembly-1_renum.cif	/Users/mitchellparker/Desktop/rascore_build/sifts/3kkn.xml.gz
4eflA	4efl	0	A	Y32out	Y71out	I 2 2 2 (CF1)	Noise	BALABABBBBABBBBB	0.01	5.58	GTPase HRas	RASH_HUMAN	P01112	WT	WT	HRAS	3P	WT	None	None	None	None	SP12-Unbound	I 2 2 2	171	1-166	2012-03-30	SP12	Unbound	-54.48	-103.04	66.02	-64.61	-84.67	-64.64	-119.45	-135.11	-121.79	-62.91	-107.72	-129.38	-61.1	-164.27	-116.49	-136.13	136.54	1.86	14.23	-47.48	125.3	-57.61	127.24	111.32	82.67	145.4	-11.85	147.5	146.93	171.5	140.92	156.58	-175.35	166.33	171.92	170.25	170.41	-175.77	179.66	173.86	-175.21	-170.48	-174.56	-173.25	174.64	-174.88	-176.66	-174.5	Above 0.4	GNP,MG	None	None	None	None	None	None	None	None	None	GNP	MG	None	None	None	None	XRAY	1.900	0.185	GPLGSMTEYKLVVVGAGGVGKSALTIQLIQNHFVDEYDPTIEDSYRKQVVIDGETCLLDILDTAGQEEYSAMRDQYMRTGEGFLCVFAINNTKSFEDIHQYREQIKRVKDSDDVPMVLVGNKCDLAARTVESRQAQDLARSYGIPYIETSAKTRQGVEDAFYTLVREIRQH	25,26,27,28,29,30,31,32,33,34,35,36,37,38,39,40	QNHFVDEYDPTIEDSY	16.0	None	None	None	True	34.666	81.783	121.726	90.00	90.00	90.00	/Users/mitchellparker/Desktop/rascore_build/core/4eflA_core.cif	/Users/mitchellparker/Desktop/rascore_build/rcsb/4efl.cif.gz	/Users/mitchellparker/Desktop/rascore_build/renum/4efl_renum.cif	/Users/mitchellparker/Desktop/rascore_build/rcsb_assembly/4efl-assembly-1.cif.gz	/Users/mitchellparker/Desktop/rascore_build/renum_assembly/4efl-assembly-1_renum.cif	/Users/mitchellparker/Desktop/rascore_build/sifts/4efl.xml.gz
4efmA	4efm	0	A	Y32out	Y71out	I 2 2 2 (CF1)	Noise	BALABABBBBABBBBB	0.01	5.59	GTPase HRas	RASH_HUMAN	P01112	G12V	G12	HRAS	3P	G12V	None	None	None	None	SP12-Unbound	I 2 2 2	171	1-166	2012-03-30	SP12	Unbound	-57.12	-104.92	65.26	-63.09	-86.92	-65.44	-123.91	-137.62	-117.93	-67.03	-103.25	-131.18	-62.84	-160.95	-117.82	-135.37	137.75	1.83	14.8	-47.6	124.89	-56.62	129.38	108.11	88.62	144.01	-9.56	149.8	144.9	172.14	141.87	158.42	-172.49	169.25	172.38	168.51	172.61	-173.61	179.2	177.8	-176.89	-170.72	-177.43	-174.5	173.93	-174.72	-177.68	-175.71	Above 0.4	GNP,MG	None	None	None	None	None	None	None	None	None	GNP	MG	None	None	None	None	XRAY	1.900	0.188	GPLGSMTEYKLVVVGAVGVGKSALTIQLIQNHFVDEYDPTIEDSYRKQVVIDGETCLLDILDTAGQEEYSAMRDQYMRTGEGFLCVFAINNTKSFEDIHQYREQIKRVKDSDDVPMVLVGNKCDLAARTVESRQAQDLARSYGIPYIETSAKTRQGVEDAFYTLVREIRQH	25,26,27,28,29,30,31,32,33,34,35,36,37,38,39,40	QNHFVDEYDPTIEDSY	16.0	None	None	None	True	34.638	81.833	121.761	90.00	90.00	90.00	/Users/mitchellparker/Desktop/rascore_build/core/4efmA_core.cif	/Users/mitchellparker/Desktop/rascore_build/rcsb/4efm.cif.gz	/Users/mitchellparker/Desktop/rascore_build/renum/4efm_renum.cif	/Users/mitchellparker/Desktop/rascore_build/rcsb_assembly/4efm-assembly-1.cif.gz	/Users/mitchellparker/Desktop/rascore_build/renum_assembly/4efm-assembly-1_renum.cif	/Users/mitchellparker/Desktop/rascore_build/sifts/4efm.xml.gz
4efnA	4efn	0	A	Y32out	Y71out	I 2 2 2 (CF1)	Noise	BALABABBBBABBBBB	0.04	5.58	GTPase HRas	RASH_HUMAN	P01112	Q61L	Q61	HRAS	3P	Other	None	None	None	None	SP12-Unbound	I 2 2 2	171	1-166	2012-03-30	SP12	Unbound	-51.49	-94.53	69.21	-53.81	-77.17	-69.64	-120.1	-128.08	-118.25	-63.04	-107.07	-136.32	-60.61	-157.12	-115.15	-140.78	127.08	-0.33	3.71	-54.5	129.05	-55.79	124.17	110.38	89.92	139.43	-4.26	155.47	138.82	170.16	144.89	155.4	-176.47	166.52	171.36	171.28	172.4	-175.18	177.15	172.84	179.62	-172.68	180.0	-173.36	171.81	179.2	-178.36	-174.3	Above 0.4	GNP,MG	None	None	None	None	None	None	None	None	None	GNP	MG	None	None	None	None	XRAY	2.300	0.185	GPLGSMTEYKLVVVGAGGVGKSALTIQLIQNHFVDEYDPTIEDSYRKQVVIDGETCLLDILDTAGLEEYSAMRDQYMRTGEGFLCVFAINNTKSFEDIHQYREQIKRVKDSDDVPMVLVGNKCDLAARTVESRQAQDLARSYGIPYIETSAKTRQGVEDAFYTLVREIRQH	25,26,27,28,29,30,31,32,33,34,35,36,37,38,39,40	QNHFVDEYDPTIEDSY	16.0	None	None	None	True	34.782	82.006	121.251	90.00	90.00	90.00	/Users/mitchellparker/Desktop/rascore_build/core/4efnA_core.cif	/Users/mitchellparker/Desktop/rascore_build/rcsb/4efn.cif.gz	/Users/mitchellparker/Desktop/rascore_build/renum/4efn_renum.cif	/Users/mitchellparker/Desktop/rascore_build/rcsb_assembly/4efn-assembly-1.cif.gz	/Users/mitchellparker/Desktop/rascore_build/renum_assembly/4efn-assembly-1_renum.cif	/Users/mitchellparker/Desktop/rascore_build/sifts/4efn.xml.gz
5mlaA	5mla	0	A	Y32out	Y71in	H 3 (CF2)	Noise	ALBBBABBBBBABBBB	0.0	4.54	GTPase KRas	RASK_HUMAN	P01116-2	G12V	G12	KRAS	3P	G12V	None	None	Binder	None	SP2-Unbound	H 3	169	1-164	2016-12-06	SP2	Unbound	-104.06	55.04	-145.35	-104.39	-94.73	-80.85	-88.64	-71.91	-120.54	-59.1	-81.64	-83.44	-162.99	-125.8	-115.32	-137.06	-4.81	41.12	153.42	123.57	117.04	-19.2	129.73	116.07	114.41	124.79	131.84	-72.92	113.54	141.3	142.59	154.84	-171.86	-176.75	171.11	-169.46	177.47	-178.42	-175.7	168.63	157.99	176.99	-179.75	158.21	178.73	-174.93	179.04	-177.81	Above 0.4	MG,GSP,SO4	darpin k55	None	B:33,31,40,25,39,38,34,37,56,36,67,64,54,5,70,66,63,73,74,41,24	None	None	None	Binder	None	B	GSP	MG	None	SO4	None	None	XRAY	2.190	0.184	GSHMTEYKLVVVGAVGVGKSALTIQLIQNHFVDEYDPTIEDSYRKQVVIDGETCLLDILDTAGQEEYSAMRDQYMRTGEGFLCVFAINNTKSFEDIHHYREQIKRVKDSEDVPMVLVGNKCDLPSRTVDTKQAQDLARSYGIPFIETSAKTRQGVDDAFYTLVREIRKH	25,26,27,28,29,30,31,32,33,34,35,36,37,38,39,40	QNHFVDEYDPTIEDSY	16.0	None	None	None	True	112.830	112.830	66.770	90.00	90.00	120.00	/Users/mitchellparker/Desktop/rascore_build/core/5mlaA_core.cif	/Users/mitchellparker/Desktop/rascore_build/rcsb/5mla.cif.gz	/Users/mitchellparker/Desktop/rascore_build/renum/5mla_renum.cif	/Users/mitchellparker/Desktop/rascore_build/rcsb_assembly/5mla-assembly-1.cif.gz	/Users/mitchellparker/Desktop/rascore_build/renum_assembly/5mla-assembly-1_renum.cif	/Users/mitchellparker/Desktop/rascore_build/sifts/5mla.xml.gz
5o2tA	5o2t	0	A	Y32out	Y71in	H 3 (CF2)	Noise	ALBBBABBBBBABBBB	0.0	4.54	GTPase KRas	RASK_HUMAN	P01116-2	G12V	G12	KRAS	3P	G12V	None	None	Binder	None	SP2-Unbound	H 3	169	1-164	2017-05-22	SP2	Unbound	-104.06	55.04	-145.35	-104.39	-94.73	-80.85	-88.64	-71.91	-120.54	-59.1	-81.64	-83.44	-162.99	-125.8	-115.32	-137.06	-4.81	41.12	153.42	123.57	117.04	-19.2	129.73	116.07	114.41	124.79	131.84	-72.92	113.54	141.3	142.59	154.84	-171.86	-176.75	171.11	-169.46	177.47	-178.42	-175.7	168.63	157.99	176.99	-179.75	158.21	178.73	-174.93	179.04	-177.81	Above 0.4	MG,GSP,SO4	darpin 55	None	B:33,31,40,25,39,38,34,37,56,36,67,64,54,5,70,66,63,73,74,41,24	None	None	None	Binder	None	B	GSP	MG	None	SO4	None	None	XRAY	2.190	0.184	GSHMTEYKLVVVGAVGVGKSALTIQLIQNHFVDEYDPTIEDSYRKQVVIDGETCLLDILDTAGQEEYSAMRDQYMRTGEGFLCVFAINNTKSFEDIHHYREQIKRVKDSEDVPMVLVGNKCDLPSRTVDTKQAQDLARSYGIPFIETSAKTRQGVDDAFYTLVREIRKH	25,26,27,28,29,30,31,32,33,34,35,36,37,38,39,40	QNHFVDEYDPTIEDSY	16.0	None	None	None	True	112.830	112.830	66.770	90.00	90.00	120.00	/Users/mitchellparker/Desktop/rascore_build/core/5o2tA_core.cif	/Users/mitchellparker/Desktop/rascore_build/rcsb/5o2t.cif.gz	/Users/mitchellparker/Desktop/rascore_build/renum/5o2t_renum.cif	/Users/mitchellparker/Desktop/rascore_build/rcsb_assembly/5o2t-assembly-1.cif.gz	/Users/mitchellparker/Desktop/rascore_build/renum_assembly/5o2t-assembly-1_renum.cif	/Users/mitchellparker/Desktop/rascore_build/sifts/5o2t.xml.gz
5ufeA	5ufe	0	A	Y32out	Y71out	P 21 21 21 (CF10)	Noise	ALBBBBLBBBABBBBB	3.33	4.15	GTPase KRas	RASK_HUMAN	P01116-2	WT	WT	KRAS	3P	WT	None	None	Binder	None	SP2-Unbound	P 21 21 21	166	1-166	2017-01-04	SP2	Unbound	-107.78	57.38	-157.53	-91.7	-88.38	-72.54	66.27	-90.69	-145.83	-59.53	-88.85	-98.77	-60.36	-144.86	-109.09	-142.84	1.64	24.81	171.71	107.94	104.72	147.31	22.96	114.68	70.84	136.77	-30.84	154.56	152.72	155.59	152.55	136.66	-171.32	175.14	170.86	-175.38	177.26	177.6	-179.39	176.56	-174.36	175.73	-175.2	177.56	176.39	177.46	-177.61	-175.73	Above 0.4	GNP,CA,CA,CD,CD,CD,CD,CL,CL,CL,MG,CO,CO,CO	R11.1.6	None	B:36,37,67,71,38,56,39,54,55,6,5,7,74,75,70,64,63,66	None	None	None	Binder	None	B	GNP	CO,MG	None	CA,CD,CL	None	None	XRAY	2.302	0.190	MTEYKLVVVGAGGVGKSALTIQLIQNHFVDEYDPTIEDSYRKQVVIDGETCLLDILDTAGQEEYSAMRDQYMRTGEGFLCVFAINNTKSFEDIHHYREQIKRVKDSEDVPMVLVGNKCDLPSRTVDTKQAQDLARSYGIPFIETSAKTRQGVDDAFYTLVREIRKH	25,26,27,28,29,30,31,32,33,34,35,36,37,38,39,40	QNHFVDEYDPTIEDSY	16.0	None	None	None	True	48.713	64.648	74.506	90.00	90.00	90.00	/Users/mitchellparker/Desktop/rascore_build/core/5ufeA_core.cif	/Users/mitchellparker/Desktop/rascore_build/rcsb/5ufe.cif.gz	/Users/mitchellparker/Desktop/rascore_build/renum/5ufe_renum.cif	/Users/mitchellparker/Desktop/rascore_build/rcsb_assembly/5ufe-assembly-1.cif.gz	/Users/mitchellparker/Desktop/rascore_build/renum_assembly/5ufe-assembly-1_renum.cif	/Users/mitchellparker/Desktop/rascore_build/sifts/5ufe.xml.gz
5ufqA	5ufq	0	A	Y32out	Y71out	C 1 2 1 (CF6)	Noise	ALBBBBAABBABBBBB	0.02	4.13	GTPase KRas	RASK_HUMAN	P01116-2	G12D	G12	KRAS	3P	G12D	None	None	Binder	None	SP2-Unbound	C 1 2 1	166	1-166	2017-01-05	SP2	Unbound	-118.88	52.23	-124.33	-97.57	-80.04	-94.14	-65.48	-97.24	-99.39	-55.88	-133.59	-71.73	-64.47	-161.82	-114.71	-150.52	-3.51	47.31	156.02	124.63	112.21	-171.04	-20.68	-3.29	159.2	132.07	9.88	159.92	132.05	171.11	157.97	139.16	-169.2	-170.85	167.17	173.02	174.76	173.44	-171.86	-176.5	-171.51	178.15	177.53	-177.24	-170.62	175.91	176.7	-171.62	Above 0.4	GNP,MG,CL,CL,CA,CD	R11.1.6	None	C:37,67,71,38,56,39,54,55,6,7,74,75,5,3,70,63,64,66	None	None	None	Binder	None	C	GNP	MG	None	CA,CD,CL	None	None	XRAY	2.199	0.206	MTEYKLVVVGADGVGKSALTIQLIQNHFVDEYDPTIEDSYRKQVVIDGETCLLDILDTAGQEEYSAMRDQYMRTGEGFLCVFAINNTKSFEDIHHYREQIKRVKDSEDVPMVLVGNKCDLPSRTVDTKQAQDLARSYGIPFIETSAKTRQGVDDAFYTLVREIRKH	25,26,27,28,29,30,31,32,33,34,35,36,37,38,39,40	QNHFVDEYDPTIEDSY	16.0	None	None	None	True	119.717	42.707	100.235	90.00	113.33	90.00	/Users/mitchellparker/Desktop/rascore_build/core/5ufqA_core.cif	/Users/mitchellparker/Desktop/rascore_build/rcsb/5ufq.cif.gz	/Users/mitchellparker/Desktop/rascore_build/renum/5ufq_renum.cif	/Users/mitchellparker/Desktop/rascore_build/rcsb_assembly/5ufq-assembly-1.cif.gz	/Users/mitchellparker/Desktop/rascore_build/renum_assembly/5ufq-assembly-1_renum.cif	/Users/mitchellparker/Desktop/rascore_build/sifts/5ufq.xml.gz
5ufqB	5ufq	0	B	Y32out	Y71out	C 1 2 1 (CF6)	Noise	ALBBBBAABBABBBBB	0.02	4.13	GTPase KRas	RASK_HUMAN	P01116-2	G12D	G12	KRAS	3P	G12D	None	None	Binder	None	Multiple-Unbound	C 1 2 1	166	1-166	2017-01-05	Multiple	Unbound	-122.19	51.26	-117.76	-102.0	-75.76	-89.89	-71.07	-98.26	-97.5	-61.33	-130.79	-67.04	-62.61	-162.65	-117.05	-145.41	-0.87	43.54	159.9	120.56	106.15	-169.23	-12.97	-6.72	157.72	133.67	12.19	153.44	131.51	173.17	155.33	137.19	-170.35	-171.04	165.25	172.18	175.01	173.24	-169.99	-178.27	-168.16	-178.99	-178.4	-175.34	-173.74	176.32	178.17	-173.43	Above 0.4	GNP,MG,CL,CA,CD	R11.1.6	None	D:27,33,28,30,26,32	None	None	None	Binder	None	D	GNP	MG	None	CA,CD,CL	None	None	XRAY	2.199	0.206	MTEYKLVVVGADGVGKSALTIQLIQNHFVDEYDPTIEDSYRKQVVIDGETCLLDILDTAGQEEYSAMRDQYMRTGEGFLCVFAINNTKSFEDIHHYREQIKRVKDSEDVPMVLVGNKCDLPSRTVDTKQAQDLARSYGIPFIETSAKTRQGVDDAFYTLVREIRKH	25,26,27,28,29,30,31,32,33,34,35,36,37,38,39,40	QNHFVDEYDPTIEDSY	16.0	None	None	None	True	119.717	42.707	100.235	90.00	113.33	90.00	/Users/mitchellparker/Desktop/rascore_build/core/5ufqB_core.cif	/Users/mitchellparker/Desktop/rascore_build/rcsb/5ufq.cif.gz	/Users/mitchellparker/Desktop/rascore_build/renum/5ufq_renum.cif	/Users/mitchellparker/Desktop/rascore_build/rcsb_assembly/5ufq-assembly-1.cif.gz	/Users/mitchellparker/Desktop/rascore_build/renum_assembly/5ufq-assembly-1_renum.cif	/Users/mitchellparker/Desktop/rascore_build/sifts/5ufq.xml.gz
5uk9B	5uk9	0	B	Y32out	Y71out	P 21 21 21 (CF11)	Noise	ALBBBABBBBBABABB	1.93	4.65	GTPase KRas	RASK_HUMAN	P01116-2	WT	WT	KRAS	3P	WT	None	None	None	None	Other-Unbound	P 21 21 21	166	1-61:65-166	2017-01-20	Other	Unbound	-109.39	63.71	-132.36	-82.93	-113.51	-71.55	-140.41	-143.02	-81.41	-46.98	-83.13	-115.51	-154.61	-107.5	-116.73	-138.46	-13.4	26.34	145.76	129.85	123.13	-47.38	167.0	129.97	166.91	120.71	-179.64	5.89	126.95	6.23	142.59	151.66	-169.8	179.38	175.84	171.44	179.62	-170.77	-172.47	-168.19	163.92	161.39	177.18	168.51	175.02	172.83	175.37	-178.79	Above 0.4	GCP,MG,GOL	None	None	None	None	None	None	None	None	None	GCP	MG	None	GOL	None	None	XRAY	1.887	0.167	MTEYKLVVVGAGGVGKSALTIQLIQNHFVDEYDPTIEDSYRKQVVIDGETCLLDILDTAGQEEYSAMRDQYMRTGEGFLCVFAINNTKSFEDIHHYREQIKRVKDSEDVPMVLVGNKCDLPSRTVDTKQAQDLARSYGIPFIETSAKTRQGVDDAFYTLVREIRKH	25,26,27,28,29,30,31,32,33,34,35,36,37,38,39,40	QNHFVDEYDPTIEDSY	16.0	None	None	None	True	39.107	87.553	93.692	90.00	90.00	90.00	/Users/mitchellparker/Desktop/rascore_build/core/5uk9B_core.cif	/Users/mitchellparker/Desktop/rascore_build/rcsb/5uk9.cif.gz	/Users/mitchellparker/Desktop/rascore_build/renum/5uk9_renum.cif	/Users/mitchellparker/Desktop/rascore_build/rcsb_assembly/5uk9-assembly-1.cif.gz	/Users/mitchellparker/Desktop/rascore_build/renum_assembly/5uk9-assembly-1_renum.cif	/Users/mitchellparker/Desktop/rascore_build/sifts/5uk9.xml.gz
5vbzB	5vbz	0	B	Y32out	Y71out	P 21 21 21 (CF1)	Noise	ALBBBBABBABABABB	2.69	4.15	GTPase HRas	RASH_HUMAN	P01112	M72C	M72	HRAS	3P	Other	None	None	None	None	SP2-Unbound	P 21 21 21	171	1-60:63-166	2017-03-30	SP2	Unbound	-112.24	53.01	-126.22	-101.78	-68.68	-106.7	-97.88	-146.35	-100.06	-93.18	-72.27	-133.9	-96.68	-100.94	-105.24	-125.99	6.34	38.32	142.7	107.79	124.06	-102.96	29.16	133.59	98.69	18.78	131.09	-32.51	149.35	-36.54	141.29	151.29	-169.21	177.3	-179.28	172.49	172.53	-172.62	-177.05	-179.66	-177.9	-175.94	177.53	164.25	179.17	-175.56	177.1	177.83	Above 0.4	GNP,MG	None	None	None	None	None	None	None	None	None	GNP	MG	None	None	None	None	XRAY	2.200	0.212	GAMGSMTEYKLVVVGAGGVGKSALTIQLIQNHFVDEYDPTIEDSYRKQVVIDGETCLLDILDTAGQEEYSAMRDQYCRTGEGFLCVFAINNTKSFEDIHQYREQIKRVKDSDDVPMVLVGNKCDLAARTVESRQAQDLARSYGIPYIETSAKTRQGVEDAFYTLVREIRQH	25,26,27,28,29,30,31,32,33,34,35,36,37,38,39,40	QNHFVDEYDPTIEDSY	16.0	None	None	None	True	61.840	75.440	93.630	90.000	90.000	90.000	/Users/mitchellparker/Desktop/rascore_build/core/5vbzB_core.cif	/Users/mitchellparker/Desktop/rascore_build/rcsb/5vbz.cif.gz	/Users/mitchellparker/Desktop/rascore_build/renum/5vbz_renum.cif	/Users/mitchellparker/Desktop/rascore_build/rcsb_assembly/5vbz-assembly-1.cif.gz	/Users/mitchellparker/Desktop/rascore_build/renum_assembly/5vbz-assembly-1_renum.cif	/Users/mitchellparker/Desktop/rascore_build/sifts/5vbz.xml.gz
5vbzC	5vbz	0	C	Y32out	Y71out	P 21 21 21 (CF1)	Noise	ALBBBBAABBABBBBB	0.5	4.0	GTPase HRas	RASH_HUMAN	P01112	M72C	M72	HRAS	3P	Other	SP2	SP2.Unclassified	None	Homodimer	SP2-Bound	P 21 21 21	171	1-60:63-166	2017-03-30	SP2	Bound	-112.66	73.03	-141.74	-77.3	-47.43	-123.48	-71.76	-112.05	-111.26	-68.11	-82.69	-75.25	-57.36	-174.11	-130.78	-137.88	-16.0	30.27	153.49	130.31	134.33	178.9	9.28	18.77	124.14	114.35	8.42	160.12	143.21	179.12	146.58	131.47	-173.05	173.53	174.57	179.98	-176.45	170.23	-177.55	170.83	174.29	176.4	175.88	-178.9	-177.15	177.62	176.28	-174.64	Below 0.4	92V,GNP,MG	None	92V:95,68,72,99,96,78	None	None	SP2	SP2.Unclassified	None	None	None	GNP	MG	92V	None	None	None	XRAY	2.200	0.212	GAMGSMTEYKLVVVGAGGVGKSALTIQLIQNHFVDEYDPTIEDSYRKQVVIDGETCLLDILDTAGQEEYSAMRDQYCRTGEGFLCVFAINNTKSFEDIHQYREQIKRVKDSDDVPMVLVGNKCDLAARTVESRQAQDLARSYGIPYIETSAKTRQGVEDAFYTLVREIRQH	25,26,27,28,29,30,31,32,33,34,35,36,37,38,39,40	QNHFVDEYDPTIEDSY	16.0	None	None	None	True	61.840	75.440	93.630	90.000	90.000	90.000	/Users/mitchellparker/Desktop/rascore_build/core/5vbzC_core.cif	/Users/mitchellparker/Desktop/rascore_build/rcsb/5vbz.cif.gz	/Users/mitchellparker/Desktop/rascore_build/renum/5vbz_renum.cif	/Users/mitchellparker/Desktop/rascore_build/rcsb_assembly/5vbz-assembly-1.cif.gz	/Users/mitchellparker/Desktop/rascore_build/renum_assembly/5vbz-assembly-1_renum.cif	/Users/mitchellparker/Desktop/rascore_build/sifts/5vbz.xml.gz
5vpyA	5vpy	0	A	Y32out	Y71out	H 3 (CF3)	Noise	ALBBBABB------BB	2.66	3.54	GTPase KRas	RASK_HUMAN	P01116-2	G12A,C118S	G12,C118	KRAS	3P	G12A	None	None	None	Homodimer	Other-Unbound	H 3	170	1-33:38-58:69-169	2017-05-06	Other	Unbound	-108.33	49.86	-137.22	-98.92	-93.78	-68.93	-137.96	-140.26	26.51	999.0	999.0	999.0	999.0	112.5	-112.25	-136.4	10.85	38.97	144.34	116.93	113.31	-29.95	117.71	-144.8	999.0	999.0	999.0	999.0	999.0	177.42	148.23	155.26	-175.17	177.12	-176.16	174.9	179.47	171.47	-163.84	-173.25	-156.14	999.0	999.0	999.0	999.0	999.0	-159.35	179.59	Below 0.4	MG,9GM	None	None	None	None	None	None	None	None	None	9GM	MG	None	None	None	None	XRAY	2.000	0.190	HMTEYKLVVVGAAGVGKSALTIQLIQNHFVDEYDPTIEDSYRKQVVIDGETCLLDILDTAGQEEYSAMRDQYMRTGEGFLCVFAINNTKSFEDIHHYREQIKRVKDSEDVPMVLVGNKSDLPSRTVDTKQAQDLARSYGIPFIETSAKTRQGVDDAFYTLVREIRKHKEK	25,26,27,28,29,30,31,32,33,34,35,36,37,38,39,40	QNHFVDEYD----DSY	16.0	None	None	None	False	94.609	94.609	120.808	90.000	90.000	120.000	/Users/mitchellparker/Desktop/rascore_build/core/5vpyA_core.cif	/Users/mitchellparker/Desktop/rascore_build/rcsb/5vpy.cif.gz	/Users/mitchellparker/Desktop/rascore_build/renum/5vpy_renum.cif	/Users/mitchellparker/Desktop/rascore_build/rcsb_assembly/5vpy-assembly-1.cif.gz	/Users/mitchellparker/Desktop/rascore_build/renum_assembly/5vpy-assembly-1_renum.cif	/Users/mitchellparker/Desktop/rascore_build/sifts/5vpy.xml.gz
5vpyB	5vpy	0	B	Y32out	Y71out	H 3 (CF3)	Noise	ALBBBABB------BB	3.21	3.54	GTPase KRas	RASK_HUMAN	P01116-2	G12A,C118S	G12,C118	KRAS	3P	G12A	None	None	None	Homodimer	Other-Unbound	H 3	170	1-33:38-58:69-169	2017-05-06	Other	Unbound	-111.72	50.67	-136.43	-96.95	-94.66	-69.36	-136.87	-141.25	80.64	999.0	999.0	999.0	999.0	113.2	-113.7	-137.74	10.94	38.31	143.39	118.18	113.9	-29.66	118.72	-166.03	999.0	999.0	999.0	999.0	999.0	178.34	147.25	155.5	-174.1	176.62	-175.92	171.56	178.9	170.55	-164.84	-174.57	-170.06	999.0	999.0	999.0	999.0	999.0	-158.26	-179.8	Below 0.4	MG,9GM,PG4	None	None	None	None	None	None	None	None	None	9GM	MG	None	PG4	None	None	XRAY	2.000	0.190	HMTEYKLVVVGAAGVGKSALTIQLIQNHFVDEYDPTIEDSYRKQVVIDGETCLLDILDTAGQEEYSAMRDQYMRTGEGFLCVFAINNTKSFEDIHHYREQIKRVKDSEDVPMVLVGNKSDLPSRTVDTKQAQDLARSYGIPFIETSAKTRQGVDDAFYTLVREIRKHKEK	25,26,27,28,29,30,31,32,33,34,35,36,37,38,39,40	QNHFVDEYD----DSY	16.0	None	None	None	False	94.609	94.609	120.808	90.000	90.000	120.000	/Users/mitchellparker/Desktop/rascore_build/core/5vpyB_core.cif	/Users/mitchellparker/Desktop/rascore_build/rcsb/5vpy.cif.gz	/Users/mitchellparker/Desktop/rascore_build/renum/5vpy_renum.cif	/Users/mitchellparker/Desktop/rascore_build/rcsb_assembly/5vpy-assembly-1.cif.gz	/Users/mitchellparker/Desktop/rascore_build/renum_assembly/5vpy-assembly-1_renum.cif	/Users/mitchellparker/Desktop/rascore_build/sifts/5vpy.xml.gz
5vpzA	5vpz	0	A	Y32out	Y71out	H 3 (CF3)	Noise	ALBBBABBB-----BB	2.52	3.9	GTPase KRas	RASK_HUMAN	P01116-2	G12A,C118S	G12,C118	KRAS	3P	G12A	None	None	None	Homodimer	Other-Unbound	H 3	170	1-34:38-59:69-169	2017-05-06	Other	Unbound	-109.33	60.04	-140.6	-98.56	-93.25	-76.64	-141.18	-106.7	-77.05	-57.57	999.0	999.0	999.0	125.65	-104.28	-135.73	-12.13	37.39	146.25	118.44	120.25	-32.95	107.62	164.61	116.68	999.0	999.0	999.0	999.0	171.6	143.91	154.72	-168.56	-174.81	-175.48	175.27	177.18	177.08	175.86	172.6	174.83	175.31	999.0	999.0	999.0	999.0	-172.79	179.26	Below 0.4	MG,GSP	None	None	None	None	None	None	None	None	None	GSP	MG	None	None	None	None	XRAY	1.850	0.189	HMTEYKLVVVGAAGVGKSALTIQLIQNHFVDEYDPTIEDSYRKQVVIDGETCLLDILDTAGQEEYSAMRDQYMRTGEGFLCVFAINNTKSFEDIHHYREQIKRVKDSEDVPMVLVGNKSDLPSRTVDTKQAQDLARSYGIPFIETSAKTRQGVDDAFYTLVREIRKHKEK	25,26,27,28,29,30,31,32,33,34,35,36,37,38,39,40	QNHFVDEYDP---DSY	16.0	None	None	None	False	94.937	94.937	121.016	90.000	90.000	120.000	/Users/mitchellparker/Desktop/rascore_build/core/5vpzA_core.cif	/Users/mitchellparker/Desktop/rascore_build/rcsb/5vpz.cif.gz	/Users/mitchellparker/Desktop/rascore_build/renum/5vpz_renum.cif	/Users/mitchellparker/Desktop/rascore_build/rcsb_assembly/5vpz-assembly-2.cif.gz	/Users/mitchellparker/Desktop/rascore_build/renum_assembly/5vpz-assembly-2_renum.cif	/Users/mitchellparker/Desktop/rascore_build/sifts/5vpz.xml.gz
5vpzB	5vpz	0	B	Y32out	Y71out	H 3 (CF3)	Noise	ALBBBABBB-----BB	2.49	3.91	GTPase KRas	RASK_HUMAN	P01116-2	G12A,C118S	G12,C118	KRAS	3P	G12A	None	None	None	Homodimer	Other-Unbound	H 3	170	1-34:38-59:69-169	2017-05-06	Other	Unbound	-107.62	61.74	-139.55	-100.56	-93.77	-76.29	-141.36	-107.98	-77.97	-54.74	999.0	999.0	999.0	126.53	-105.1	-135.72	-11.94	35.92	147.04	119.52	119.26	-32.74	108.94	165.49	115.81	999.0	999.0	999.0	999.0	166.63	142.36	154.73	-169.93	-176.92	-175.99	176.34	178.62	177.46	175.72	172.55	175.05	174.44	999.0	999.0	999.0	999.0	-173.48	179.25	Below 0.4	MG,GSP	None	None	None	None	None	None	None	None	None	GSP	MG	None	None	None	None	XRAY	1.850	0.189	HMTEYKLVVVGAAGVGKSALTIQLIQNHFVDEYDPTIEDSYRKQVVIDGETCLLDILDTAGQEEYSAMRDQYMRTGEGFLCVFAINNTKSFEDIHHYREQIKRVKDSEDVPMVLVGNKSDLPSRTVDTKQAQDLARSYGIPFIETSAKTRQGVDDAFYTLVREIRKHKEK	25,26,27,28,29,30,31,32,33,34,35,36,37,38,39,40	QNHFVDEYDP---DSY	16.0	None	None	None	False	94.937	94.937	121.016	90.000	90.000	120.000	/Users/mitchellparker/Desktop/rascore_build/core/5vpzB_core.cif	/Users/mitchellparker/Desktop/rascore_build/rcsb/5vpz.cif.gz	/Users/mitchellparker/Desktop/rascore_build/renum/5vpz_renum.cif	/Users/mitchellparker/Desktop/rascore_build/rcsb_assembly/5vpz-assembly-2.cif.gz	/Users/mitchellparker/Desktop/rascore_build/renum_assembly/5vpz-assembly-2_renum.cif	/Users/mitchellparker/Desktop/rascore_build/sifts/5vpz.xml.gz
5vq2A	5vq2	0	A	Y32out	Y71out	H 3 (CF3)	Noise	ALBBBABB-----BBB	1.79	3.7	GTPase KRas	RASK_HUMAN	P01116-2	C118S	C118	KRAS	3P	Other	None	None	None	Homodimer	Other-Unbound	H 3	170	1-33:37-58:69-168	2017-05-07	Other	Unbound	-116.2	57.17	-145.54	-101.62	-96.8	-69.75	-131.95	-140.6	37.47	999.0	999.0	999.0	-159.25	-160.18	-116.22	-134.3	8.32	33.61	156.45	117.16	119.98	-38.72	135.95	125.64	999.0	999.0	999.0	999.0	72.84	-152.59	174.67	151.56	-174.87	173.25	172.06	-175.26	-177.4	178.55	177.33	-174.45	-177.58	999.0	999.0	999.0	999.0	177.71	-170.43	-173.95	Below 0.4	GTP,MG	None	None	None	None	None	None	None	None	None	GTP	MG	None	None	None	None	XRAY	1.960	0.199	HMTEYKLVVVGAGGVGKSALTIQLIQNHFVDEYDPTIEDSYRKQVVIDGETCLLDILDTAGQEEYSAMRDQYMRTGEGFLCVFAINNTKSFEDIHHYREQIKRVKDSEDVPMVLVGNKSDLPSRTVDTKQAQDLARSYGIPFIETSAKTRQGVDDAFYTLVREIRKHKEK	25,26,27,28,29,30,31,32,33,34,35,36,37,38,39,40	QNHFVDEYD---EDSY	16.0	None	None	None	False	94.919	94.919	120.500	90.000	90.000	120.000	/Users/mitchellparker/Desktop/rascore_build/core/5vq2A_core.cif	/Users/mitchellparker/Desktop/rascore_build/rcsb/5vq2.cif.gz	/Users/mitchellparker/Desktop/rascore_build/renum/5vq2_renum.cif	/Users/mitchellparker/Desktop/rascore_build/rcsb_assembly/5vq2-assembly-2.cif.gz	/Users/mitchellparker/Desktop/rascore_build/renum_assembly/5vq2-assembly-2_renum.cif	/Users/mitchellparker/Desktop/rascore_build/sifts/5vq2.xml.gz
5vq2B	5vq2	0	B	Y32out	Y71out	H 3 (CF3)	Noise	ALBBBABB-----BBB	0.71	3.7	GTPase KRas	RASK_HUMAN	P01116-2	C118S	C118	KRAS	3P	Other	None	None	None	Homodimer	Other-Unbound	H 3	170	1-33:37-58:69-168	2017-05-07	Other	Unbound	-110.83	57.15	-145.35	-99.13	-97.7	-69.41	-131.67	-140.71	-20.42	999.0	999.0	999.0	-157.25	-159.49	-116.23	-134.18	-5.52	35.19	156.32	118.64	119.75	-38.86	134.85	131.27	999.0	999.0	999.0	999.0	73.29	-152.2	174.52	151.56	-168.03	-179.9	169.99	-177.04	-178.83	178.25	176.94	-174.43	-162.11	999.0	999.0	999.0	999.0	176.5	-171.45	-173.26	Below 0.4	GTP,MG	None	None	None	None	None	None	None	None	None	GTP	MG	None	None	None	None	XRAY	1.960	0.199	HMTEYKLVVVGAGGVGKSALTIQLIQNHFVDEYDPTIEDSYRKQVVIDGETCLLDILDTAGQEEYSAMRDQYMRTGEGFLCVFAINNTKSFEDIHHYREQIKRVKDSEDVPMVLVGNKSDLPSRTVDTKQAQDLARSYGIPFIETSAKTRQGVDDAFYTLVREIRKHKEK	25,26,27,28,29,30,31,32,33,34,35,36,37,38,39,40	QNHFVDEYD---EDSY	16.0	None	None	None	False	94.919	94.919	120.500	90.000	90.000	120.000	/Users/mitchellparker/Desktop/rascore_build/core/5vq2B_core.cif	/Users/mitchellparker/Desktop/rascore_build/rcsb/5vq2.cif.gz	/Users/mitchellparker/Desktop/rascore_build/renum/5vq2_renum.cif	/Users/mitchellparker/Desktop/rascore_build/rcsb_assembly/5vq2-assembly-2.cif.gz	/Users/mitchellparker/Desktop/rascore_build/renum_assembly/5vq2-assembly-2_renum.cif	/Users/mitchellparker/Desktop/rascore_build/sifts/5vq2.xml.gz
5vq6A	5vq6	0	A	Y32out	Y71out	H 3 (CF3)	Noise	ALBBBAB-------BB	2.95	3.25	GTPase KRas	RASK_HUMAN	P01116-2	C118S	C118	KRAS	3P	Other	None	None	None	Homodimer	Other-Unbound	H 3	170	1-32:38-59:69-168	2017-05-08	Other	Unbound	-109.25	66.24	-147.03	-98.93	-88.44	-68.88	-143.78	-141.56	999.0	999.0	999.0	999.0	999.0	112.45	-113.94	-131.44	-17.97	38.97	143.44	117.13	121.93	-41.31	149.45	999.0	999.0	999.0	999.0	999.0	999.0	-163.52	139.68	156.69	-166.29	-179.78	-171.93	175.21	177.17	172.06	-177.41	-166.08	999.0	999.0	999.0	999.0	999.0	999.0	-169.03	-175.2	Above 0.4	GSP,MG	None	None	None	None	None	None	None	None	None	GSP	MG	None	None	None	None	XRAY	1.990	0.192	HMTEYKLVVVGAGGVGKSALTIQLIQNHFVDEYDPTIEDSYRKQVVIDGETCLLDILDTAGQEEYSAMRDQYMRTGEGFLCVFAINNTKSFEDIHHYREQIKRVKDSEDVPMVLVGNKSDLPSRTVDTKQAQDLARSYGIPFIETSAKTRQGVDDAFYTLVREIRKHKEK	25,26,27,28,29,30,31,32,33,34,35,36,37,38,39,40	QNHFVDEY-----DSY	16.0	None	None	None	False	95.117	95.117	121.417	90.000	90.000	120.000	/Users/mitchellparker/Desktop/rascore_build/core/5vq6A_core.cif	/Users/mitchellparker/Desktop/rascore_build/rcsb/5vq6.cif.gz	/Users/mitchellparker/Desktop/rascore_build/renum/5vq6_renum.cif	/Users/mitchellparker/Desktop/rascore_build/rcsb_assembly/5vq6-assembly-2.cif.gz	/Users/mitchellparker/Desktop/rascore_build/renum_assembly/5vq6-assembly-2_renum.cif	/Users/mitchellparker/Desktop/rascore_build/sifts/5vq6.xml.gz
5vq6B	5vq6	0	B	Y32out	Y71out	H 3 (CF3)	Noise	ALBBBAB-------BB	1.64	3.24	GTPase KRas	RASK_HUMAN	P01116-2	C118S	C118	KRAS	3P	Other	None	None	None	Homodimer	Other-Unbound	H 3	170	1-32:38-59:69-168	2017-05-08	Other	Unbound	-101.4	60.97	-143.06	-97.2	-88.89	-67.88	-142.8	-140.79	999.0	999.0	999.0	999.0	999.0	-132.32	-115.99	-134.17	-14.99	38.2	143.92	118.52	121.82	-42.2	148.35	999.0	999.0	999.0	999.0	999.0	999.0	-73.43	142.79	160.1	-169.33	-176.11	-174.16	173.51	174.08	170.09	-177.18	-165.75	999.0	999.0	999.0	999.0	999.0	999.0	174.79	-172.95	Below 0.4	GSP,MG	None	None	None	None	None	None	None	None	None	GSP	MG	None	None	None	None	XRAY	1.990	0.192	HMTEYKLVVVGAGGVGKSALTIQLIQNHFVDEYDPTIEDSYRKQVVIDGETCLLDILDTAGQEEYSAMRDQYMRTGEGFLCVFAINNTKSFEDIHHYREQIKRVKDSEDVPMVLVGNKSDLPSRTVDTKQAQDLARSYGIPFIETSAKTRQGVDDAFYTLVREIRKHKEK	25,26,27,28,29,30,31,32,33,34,35,36,37,38,39,40	QNHFVDEY-----DSY	16.0	None	None	None	False	95.117	95.117	121.417	90.000	90.000	120.000	/Users/mitchellparker/Desktop/rascore_build/core/5vq6B_core.cif	/Users/mitchellparker/Desktop/rascore_build/rcsb/5vq6.cif.gz	/Users/mitchellparker/Desktop/rascore_build/renum/5vq6_renum.cif	/Users/mitchellparker/Desktop/rascore_build/rcsb_assembly/5vq6-assembly-2.cif.gz	/Users/mitchellparker/Desktop/rascore_build/renum_assembly/5vq6-assembly-2_renum.cif	/Users/mitchellparker/Desktop/rascore_build/sifts/5vq6.xml.gz
5wheA	5whe	0	A	Y32out	Y71out	P 1 21 1 (CF6)	Noise	ALBABBBBB----BBA	0.68	7.73	GTPase KRas	RASK_HUMAN	P01116-2	G12V,D38P	G12,D38	KRAS	3P	G12V	None	None	Binder	None	SP2-Unbound	P 1 21 1	170	2-34:37-166	2017-07-16	SP2	Unbound	-115.71	59.71	-156.87	-110.86	-64.25	-67.73	-129.29	-126.62	-153.52	-60.45	999.0	999.0	-131.76	-60.73	-105.12	-121.79	-6.11	46.53	157.89	-45.09	156.48	147.53	151.48	114.36	90.96	999.0	999.0	999.0	141.46	145.72	141.16	22.1	-166.12	173.31	173.16	177.33	-179.37	-176.58	173.55	174.86	179.53	173.52	999.0	999.0	999.0	-179.01	177.71	176.45	Above 0.4	GNP,CA,CA,CA,CA,MG	Miniprotein 225-11	None	B:37,41,3,39,54,5,74,40,38,56,71,55,6,57,68,58,59,72,63,65,64,61,62,67;C:71,67,74,70	None	None	None	Binder	None	B,C	GNP	MG	None	CA	None	None	XRAY	1.910	0.187	GGGGMTEYKLVVVGAVGVGKSALTIQLIQNHFVDEYDPTIEPSYRKQVVIDGETCLLDILDTAGQEEYSAMRDQYMRTGEGFLCVFAINNTKSFEDIHHYREQIKRVKDSEDVPMVLVGNKCDLPSRTVDTKQAQDLARSYGIPFIETSAKTRQGVDDAFYTLVREIRKH	25,26,27,28,29,30,31,32,33,34,35,36,37,38,39,40	QNHFVDEYDP--EPSY	16.0	None	None	None	False	40.549	232.525	48.213	90.00	90.16	90.00	/Users/mitchellparker/Desktop/rascore_build/core/5wheA_core.cif	/Users/mitchellparker/Desktop/rascore_build/rcsb/5whe.cif.gz	/Users/mitchellparker/Desktop/rascore_build/renum/5whe_renum.cif	/Users/mitchellparker/Desktop/rascore_build/rcsb_assembly/5whe-assembly-1.cif.gz	/Users/mitchellparker/Desktop/rascore_build/renum_assembly/5whe-assembly-1_renum.cif	/Users/mitchellparker/Desktop/rascore_build/sifts/5whe.xml.gz
5wplA	5wpl	0	A	Y32out	Y71out	P 1 21 1 (CF6)	Noise	ALBABBBBBAABBBBA	3.88	9.29	GTPase HRas	RASH_HUMAN	P01112	G12V,A121P,A122S,Q165K	G12,A121,A122,Q165	HRAS	3P	G12V	None	None	Binder	None	Other-Unbound	P 1 21 1	166	2-166	2017-08-05	Other	Unbound	-109.59	51.94	-161.19	-114.21	-62.16	-55.08	-110.1	-113.04	-151.9	-75.26	-65.22	-108.92	-83.23	-81.02	-106.69	-130.98	-7.28	50.31	159.58	-43.93	144.5	138.47	155.82	113.28	95.5	-8.49	-38.9	142.39	142.39	143.83	149.05	23.28	-170.16	178.68	169.97	-179.22	174.77	173.81	166.67	173.2	171.36	174.66	172.41	-166.4	171.81	-178.41	-164.66	-174.95	Above 0.4	GNP,MG,CA,CA,CA	Ras-binding peptide	None	B:37,35,41,3,39,54,5,74,40,38,56,71,55,6,57,68,59,58,72,63,65,61,67;C:67,71,70,74,5	None	None	None	Binder	None	B,C	GNP	MG	None	CA	None	None	XRAY	2.150	0.207	MTEYKLVVVGAVGVGKSALTIQLIQNHFVDEYDPTIEDSYRKQVVIDGETCLLDILDTAGQEEYSAMRDQYMRTGEGFLCVFAINNTKSFEDIHQYREQIKRVKDSDDVPMVLVGNKCDLPSRTVESRQAQDLARSYGIPYIETSAKTRQGVEDAFYTLVREIRKH	25,26,27,28,29,30,31,32,33,34,35,36,37,38,39,40	QNHFVDEYDPTIEDSY	16.0	None	None	None	True	40.861	234.507	48.143	90.000	90.130	90.000	/Users/mitchellparker/Desktop/rascore_build/core/5wplA_core.cif	/Users/mitchellparker/Desktop/rascore_build/rcsb/5wpl.cif.gz	/Users/mitchellparker/Desktop/rascore_build/renum/5wpl_renum.cif	/Users/mitchellparker/Desktop/rascore_build/rcsb_assembly/5wpl-assembly-1.cif.gz	/Users/mitchellparker/Desktop/rascore_build/renum_assembly/5wpl-assembly-1_renum.cif	/Users/mitchellparker/Desktop/rascore_build/sifts/5wpl.xml.gz
5zc6A	5zc6	0	A	Y32out	Y71out	None	Noise	ALBBBLABBBLAALBB	3.92	5.96	GTPase HRas	RASH_HUMAN	P01112	T35S	T35	HRAS	3P	Other	SP12	SP12.Unclassified	None	None	SP12-Bound	None	166	1-166	2018-02-15	SP12	Bound	-101.08	61.17	-131.94	-90.85	-60.33	75.07	-172.2	-131.91	-78.05	-80.86	64.75	-78.29	-121.72	89.03	-145.29	-99.25	-5.51	20.44	171.2	129.29	-163.65	32.69	32.34	158.43	116.58	162.56	20.02	-47.91	-28.75	-29.27	153.58	156.31	-177.93	-179.66	179.8	-179.85	179.88	179.97	179.84	179.87	179.8	-179.56	179.7	179.83	-179.97	-179.52	179.69	-179.96	Not Available	GNP,KBF,MG	None	KBF:5,56,38,71,74,70	None	None	SP12	SP12.Unclassified	None	None	None	GNP	MG	KBF	None	None	None	NMR	None	None	MTEYKLVVVGAGGVGKSALTIQLIQNHFVDEYDPSIEDSYRKQVVIDGETCLLDILDTAGQEEYSAMRDQYMRTGEGFLCVFAINNTKSFEDIHQYREQIKRVKDSDDVPMVLVGNKCDLAARTVESRQAQDLARSYGIPYIETSAKTRQGVEDAFYTLVREIRQH	25,26,27,28,29,30,31,32,33,34,35,36,37,38,39,40	QNHFVDEYDPSIEDSY	16.0	None	None	None	True	999.0	999.0	999.0	999.0	999.0	999.0	/Users/mitchellparker/Desktop/rascore_build/core/5zc6A_core.cif	/Users/mitchellparker/Desktop/rascore_build/rcsb/5zc6.cif.gz	/Users/mitchellparker/Desktop/rascore_build/renum/5zc6_renum.cif	/Users/mitchellparker/Desktop/rascore_build/rcsb_assembly/5zc6-assembly-1.cif.gz	/Users/mitchellparker/Desktop/rascore_build/renum_assembly/5zc6-assembly-1_renum.cif	/Users/mitchellparker/Desktop/rascore_build/sifts/5zc6.xml.gz
6bp1A	6bp1	0	A	Y32out	Y71out	P 21 21 21 (CF16)	Noise	BALABABBBBABBBBB	0.17	5.58	GTPase KRas	RASK_HUMAN	P01116-2	A59G	A59	KRAS	3P	Other	None	None	None	None	Multiple-Unbound	P 21 21 21	169	1-169	2017-11-21	Multiple	Unbound	-61.76	-91.04	64.21	-64.85	-101.12	-69.41	-129.71	-143.81	-121.07	-75.17	-112.51	-105.56	-60.85	-159.73	-113.93	-130.06	125.06	-3.8	22.97	-37.56	138.32	-48.9	137.32	112.19	77.77	138.07	-9.31	144.15	143.12	167.44	141.85	154.06	-174.26	164.01	172.7	166.2	175.41	-175.43	-175.84	176.18	-175.29	-177.24	175.57	177.53	178.08	-179.27	178.52	-177.64	Above 0.4	GCP	None	None	None	None	None	None	None	None	None	GCP	None	None	None	None	None	XRAY	2.001	0.203	MTEYKLVVVGAGGVGKSALTIQLIQNHFVDEYDPTIEDSYRKQVVIDGETCLLDILDTGGQEEYSAMRDQYMRTGEGFLCVFAINNTKSFEDIHHYREQIKRVKDSEDVPMVLVGNKCDLPSRTVDTKQAQDLARSYGIPFIETSAKTRQGVDDAFYTLVREIRKHKEK	25,26,27,28,29,30,31,32,33,34,35,36,37,38,39,40	QNHFVDEYDPTIEDSY	16.0	None	None	None	True	34.391	47.473	89.665	90.000	90.000	90.000	/Users/mitchellparker/Desktop/rascore_build/core/6bp1A_core.cif	/Users/mitchellparker/Desktop/rascore_build/rcsb/6bp1.cif.gz	/Users/mitchellparker/Desktop/rascore_build/renum/6bp1_renum.cif	/Users/mitchellparker/Desktop/rascore_build/rcsb_assembly/6bp1-assembly-1.cif.gz	/Users/mitchellparker/Desktop/rascore_build/renum_assembly/6bp1-assembly-1_renum.cif	/Users/mitchellparker/Desktop/rascore_build/sifts/6bp1.xml.gz
6e6cA	6e6c	0	A	Y32out	Y71out	C 1 2 1 (CF7)	Noise	ALBBBAABBALBBBBB	3.94	3.76	GTPase HRas	RASH_HUMAN	P01112	G13D	G13	HRAS	3P	G13D	None	None	None	None	Other-Unbound	C 1 2 1	166	1-60:63-166	2018-07-24	Other	Unbound	-107.21	55.57	-114.3	-88.15	-72.05	-93.05	-109.61	-97.67	-82.76	-59.29	59.7	-94.48	-66.12	-146.05	-117.47	-126.14	-2.77	24.23	137.27	115.49	118.51	-62.2	-38.43	80.99	150.67	-28.96	-41.42	122.51	139.42	176.04	136.93	140.58	-169.76	-172.55	-177.78	174.65	176.33	179.34	-179.56	-169.29	172.99	-175.39	177.49	173.86	-173.16	-175.57	178.57	-172.23	Below 0.4	MG,GNP,CA	None	None	None	None	None	None	None	None	None	GNP	MG	None	CA	None	None	XRAY	1.900	0.168	MTEYKLVVVGAGDVGKSALTIQLIQNHFVDEYDPTIEDSYRKQVVIDGETCLLDILDTAGQEEYSAMRDQYMRTGEGFLCVFAINNTKSFEDIHQYREQIKRVKDSDDVPMVLVGNKCDLAARTVESRQAQDLARSYGIPYIETSAKTRQGVEDAFYTLVREIRQH	25,26,27,28,29,30,31,32,33,34,35,36,37,38,39,40	QNHFVDEYDPTIEDSY	16.0	None	None	None	True	54.600	47.753	57.037	90.000	118.310	90.000	/Users/mitchellparker/Desktop/rascore_build/core/6e6cA_core.cif	/Users/mitchellparker/Desktop/rascore_build/rcsb/6e6c.cif.gz	/Users/mitchellparker/Desktop/rascore_build/renum/6e6c_renum.cif	/Users/mitchellparker/Desktop/rascore_build/rcsb_assembly/6e6c-assembly-1.cif.gz	/Users/mitchellparker/Desktop/rascore_build/renum_assembly/6e6c-assembly-1_renum.cif	/Users/mitchellparker/Desktop/rascore_build/sifts/6e6c.xml.gz
6e6hA	6e6h	0	A	Y32out	Disordered	C 1 2 1 (CF9)	Noise	ALBBBBAABBAABABB	0.98	4.24	GTPase NRas	RASN_HUMAN	P01111	G13D	G13	NRAS	3P	G13D	None	None	None	None	Other-Unbound	C 1 2 1	166	1-58:71-166	2018-07-24	Other	Unbound	-106.19	58.47	-147.45	-82.47	-107.93	-130.24	-65.99	-78.21	-110.6	-65.86	-125.94	-85.09	-64.79	-70.86	-130.03	-129.49	-2.92	42.2	130.71	125.57	149.29	-166.29	-26.65	3.26	150.58	128.67	38.35	-25.89	140.8	-63.44	151.64	131.34	-166.0	176.62	-178.39	172.71	-166.14	169.07	-171.75	177.67	175.61	179.55	167.42	-177.21	-165.44	-178.01	-167.55	-178.4	Above 0.4	MG,GNP	None	None	None	None	None	None	None	None	None	GNP	MG	None	None	None	None	XRAY	1.990	0.179	MTEYKLVVVGAGDVGKSALTIQLIQNHFVDEYDPTIEDSYRKQVVIDGETCLLDILDTAGQEEYSAMRDQYMRTGEGFLCVFAINNSKSFADINLYREQIKRVKDSDDVPMVLVGNKCDLPTRTVDTKQAHELAKSYGIPFIETSAKTRQGVEDAFYTLVREIRQY	25,26,27,28,29,30,31,32,33,34,35,36,37,38,39,40	QNHFVDEYDPTIEDSY	16.0	None	None	None	True	59.553	39.565	65.016	90.000	106.400	90.000	/Users/mitchellparker/Desktop/rascore_build/core/6e6hA_core.cif	/Users/mitchellparker/Desktop/rascore_build/rcsb/6e6h.cif.gz	/Users/mitchellparker/Desktop/rascore_build/renum/6e6h_renum.cif	/Users/mitchellparker/Desktop/rascore_build/rcsb_assembly/6e6h-assembly-1.cif.gz	/Users/mitchellparker/Desktop/rascore_build/renum_assembly/6e6h-assembly-1_renum.cif	/Users/mitchellparker/Desktop/rascore_build/sifts/6e6h.xml.gz
6e6pA	6e6p	0	A	Y32out	Y71out	P 21 21 21 (CF1)	Noise	ALBBBBABBBAABABB	0.98	4.18	GTPase HRas	RASH_HUMAN	P01112	G13D	G13	HRAS	3P	G13D	None	None	None	Homodimer	Multiple-Unbound	P 21 21 21	166	1-59:67-166	2018-07-25	Multiple	Unbound	-120.26	59.76	-139.94	-98.86	-61.93	-113.24	-57.41	-112.08	-117.44	-70.2	-127.95	-79.2	-69.45	-108.49	-129.25	-142.14	-4.99	42.42	152.76	123.53	129.46	-157.75	-62.07	62.52	148.14	128.88	40.37	-34.1	135.42	-9.76	141.93	137.87	-171.61	178.18	172.61	-174.97	171.49	172.18	-172.32	-176.08	169.73	-170.84	166.88	-179.39	-178.04	-175.86	-177.74	-179.33	Above 0.4	GNP,MG,CA,GOL,GOL	None	None	None	None	None	None	None	None	None	GNP	MG	None	CA,GOL	None	None	XRAY	1.930	0.184	MTEYKLVVVGAGDVGKSALTIQLIQNHFVDEYDPTIEDSYRKQVVIDGETCLLDILDTAGQEEYSAMRDQYMRTGEGFLCVFAINNTKSFEDIHQYREQIKRVKDSDDVPMVLVGNKCDLAARTVESRQAQDLARSYGIPYIETSAKTRQGVEDAFYTLVREIRQH	25,26,27,28,29,30,31,32,33,34,35,36,37,38,39,40	QNHFVDEYDPTIEDSY	16.0	None	None	None	True	61.649	75.567	94.722	90.000	90.000	90.000	/Users/mitchellparker/Desktop/rascore_build/core/6e6pA_core.cif	/Users/mitchellparker/Desktop/rascore_build/rcsb/6e6p.cif.gz	/Users/mitchellparker/Desktop/rascore_build/renum/6e6p_renum.cif	/Users/mitchellparker/Desktop/rascore_build/rcsb_assembly/6e6p-assembly-1.cif.gz	/Users/mitchellparker/Desktop/rascore_build/renum_assembly/6e6p-assembly-1_renum.cif	/Users/mitchellparker/Desktop/rascore_build/sifts/6e6p.xml.gz
6e6pB	6e6p	0	B	Y32out	Disordered	P 21 21 21 (CF1)	Noise	ALBBBBABBABBBBBB	3.17	3.93	GTPase HRas	RASH_HUMAN	P01112	G13D	G13	HRAS	3P	G13D	None	None	None	None	Other-Unbound	P 21 21 21	166	1-60:69-166	2018-07-25	Other	Unbound	-114.47	55.02	-138.73	-101.0	-73.79	-105.44	-101.66	-123.59	-97.38	-97.13	-117.09	-160.06	-66.29	-120.86	-124.4	-128.08	-2.37	40.61	141.73	115.8	127.22	-110.42	3.82	123.46	108.99	30.04	-175.57	-168.97	80.18	176.12	141.87	145.91	-170.5	178.95	-174.3	-179.65	176.14	-170.69	-175.31	169.85	-175.07	-176.95	-173.79	158.64	179.25	-163.91	178.74	-179.07	Above 0.4	GNP,MG,GOL	None	None	None	None	None	None	None	None	None	GNP	MG	None	GOL	None	None	XRAY	1.930	0.184	MTEYKLVVVGAGDVGKSALTIQLIQNHFVDEYDPTIEDSYRKQVVIDGETCLLDILDTAGQEEYSAMRDQYMRTGEGFLCVFAINNTKSFEDIHQYREQIKRVKDSDDVPMVLVGNKCDLAARTVESRQAQDLARSYGIPYIETSAKTRQGVEDAFYTLVREIRQH	25,26,27,28,29,30,31,32,33,34,35,36,37,38,39,40	QNHFVDEYDPTIEDSY	16.0	None	None	None	True	61.649	75.567	94.722	90.000	90.000	90.000	/Users/mitchellparker/Desktop/rascore_build/core/6e6pB_core.cif	/Users/mitchellparker/Desktop/rascore_build/rcsb/6e6p.cif.gz	/Users/mitchellparker/Desktop/rascore_build/renum/6e6p_renum.cif	/Users/mitchellparker/Desktop/rascore_build/rcsb_assembly/6e6p-assembly-1.cif.gz	/Users/mitchellparker/Desktop/rascore_build/renum_assembly/6e6p-assembly-1_renum.cif	/Users/mitchellparker/Desktop/rascore_build/sifts/6e6p.xml.gz
6mbqA	6mbq	0	A	Y32out	Y71out	P 21 21 21 (CF18)	Noise	ALBBBABBBBBABBBB	1.31	4.78	GTPase KRas	RASK_HUMAN	P01116-2	WT	WT	KRAS	3P	WT	None	None	None	None	Other-Unbound	P 21 21 21	167	2-166	2018-08-30	Other	Unbound	-97.58	69.63	-130.77	-96.32	-98.97	-81.1	-158.4	-140.17	-103.89	-64.15	-118.07	-57.83	-124.83	-118.68	-134.46	-147.57	-13.82	29.13	148.35	125.88	137.73	-16.67	148.2	133.13	108.0	152.64	-175.59	-49.03	118.64	94.09	152.13	141.78	-168.03	179.82	177.27	172.32	177.38	176.45	177.97	177.05	177.24	179.66	174.02	-179.86	176.64	173.02	171.39	-172.36	Above 0.4	NA,EDO,GNP	None	None	None	None	None	None	None	None	None	GNP	None	None	EDO,NA	None	None	XRAY	1.350	0.137	GGTEYKLVVVGAGGVGKSALTIQLIQNHFVDEYDPTIEDSYRKQVVIDGETCLLDILDTAGQEEYSAMRDQYMRTGEGFLCVFAINNTKSFEDIHHYREQIKRVKDSEDVPMVLVGNKCDLPSRTVDTKQAQDLARSYGIPFIETSAKTRQGVDDAFYTLVREIRKH	25,26,27,28,29,30,31,32,33,34,35,36,37,38,39,40	QNHFVDEYDPTIEDSY	16.0	None	None	None	True	36.020	37.910	99.990	90.000	90.000	90.000	/Users/mitchellparker/Desktop/rascore_build/core/6mbqA_core.cif	/Users/mitchellparker/Desktop/rascore_build/rcsb/6mbq.cif.gz	/Users/mitchellparker/Desktop/rascore_build/renum/6mbq_renum.cif	/Users/mitchellparker/Desktop/rascore_build/rcsb_assembly/6mbq-assembly-1.cif.gz	/Users/mitchellparker/Desktop/rascore_build/renum_assembly/6mbq-assembly-1_renum.cif	/Users/mitchellparker/Desktop/rascore_build/sifts/6mbq.xml.gz
6o36A	6o36	0	A	Y32out	Y71out	P 1 21 1 (CF10)	Noise	ALBBBAABBBBBAEBB	0.21	0.0	GTPase KRas	RASK_HUMAN	P01116-2	P34R	P34	KRAS	3P	Other	None	None	None	None	Other-Unbound	P 1 21 1	168	1-167	2019-02-26	Other	Unbound	-113.11	65.49	-154.46	-103.76	-95.48	-149.13	-74.87	-76.65	-76.23	-155.16	-89.56	-78.06	-140.69	64.51	-98.15	-128.3	-7.41	41.59	158.67	123.29	139.71	-89.41	-43.97	169.07	169.58	150.83	131.86	135.88	-21.94	-51.61	123.34	138.59	-170.33	170.72	172.49	-174.94	179.05	179.27	-172.87	-170.6	-174.21	-179.48	178.95	-179.38	177.75	173.63	-178.4	-179.35	Below 0.4	MG,PO4,GNP	None	None	None	None	None	None	None	None	None	GNP	MG	None	None	None	None	XRAY	2.000	0.195	MTEYKLVVVGAGGVGKSALTIQLIQNHFVDEYDRTIEDSYRKQVVIDGETCLLDILDTAGQEEYSAMRDQYMRTGEGFLCVFAINNTKSFEDIHHYREQIKRVKDSEDVPMVLVGNKCDLPSRTVDTKQAQDLARSYGIPFIETSAKTRQGVDDAFYTLVREIRKHKE	25,26,27,28,29,30,31,32,33,34,35,36,37,38,39,40	QNHFVDEYDRTIEDSY	16.0	None	None	None	True	95.121	35.117	113.426	90.000	111.003	90.000	/Users/mitchellparker/Desktop/rascore_build/core/6o36A_core.cif	/Users/mitchellparker/Desktop/rascore_build/rcsb/6o36.cif.gz	/Users/mitchellparker/Desktop/rascore_build/renum/6o36_renum.cif	/Users/mitchellparker/Desktop/rascore_build/rcsb_assembly/6o36-assembly-1.cif.gz	/Users/mitchellparker/Desktop/rascore_build/renum_assembly/6o36-assembly-1_renum.cif	/Users/mitchellparker/Desktop/rascore_build/sifts/6o36.xml.gz
6o36B	6o36	0	B	Y32out	Y71in	P 1 21 1 (CF10)	Noise	ALBBBBEABBBBBBBB	3.62	4.45	GTPase KRas	RASK_HUMAN	P01116-2	P34R	P34	KRAS	3P	Other	None	None	None	None	SP12-Unbound	P 1 21 1	168	1-167	2019-02-26	SP12	Unbound	-114.35	58.76	-134.55	-104.0	-63.83	-127.84	56.0	-92.27	-79.47	-71.8	-72.07	-86.73	-74.27	-164.48	-107.09	-133.73	-4.46	32.46	159.29	127.96	176.05	156.66	-164.84	-28.04	148.1	139.83	136.7	149.52	155.79	172.98	144.54	146.17	-167.9	-179.57	176.22	177.48	-169.44	-150.7	154.41	-161.69	176.55	176.4	-178.81	-179.21	-174.21	-177.08	175.59	-175.07	Below 0.4	MG,GNP	None	None	None	None	None	None	None	None	None	GNP	MG	None	None	None	None	XRAY	2.000	0.195	MTEYKLVVVGAGGVGKSALTIQLIQNHFVDEYDRTIEDSYRKQVVIDGETCLLDILDTAGQEEYSAMRDQYMRTGEGFLCVFAINNTKSFEDIHHYREQIKRVKDSEDVPMVLVGNKCDLPSRTVDTKQAQDLARSYGIPFIETSAKTRQGVDDAFYTLVREIRKHKE	25,26,27,28,29,30,31,32,33,34,35,36,37,38,39,40	QNHFVDEYDRTIEDSY	16.0	None	None	None	True	95.121	35.117	113.426	90.000	111.003	90.000	/Users/mitchellparker/Desktop/rascore_build/core/6o36B_core.cif	/Users/mitchellparker/Desktop/rascore_build/rcsb/6o36.cif.gz	/Users/mitchellparker/Desktop/rascore_build/renum/6o36_renum.cif	/Users/mitchellparker/Desktop/rascore_build/rcsb_assembly/6o36-assembly-1.cif.gz	/Users/mitchellparker/Desktop/rascore_build/renum_assembly/6o36-assembly-1_renum.cif	/Users/mitchellparker/Desktop/rascore_build/sifts/6o36.xml.gz
6o36C	6o36	0	C	Y32out	Y71in	P 1 21 1 (CF10)	Noise	ALBBBBBABBAEBBBB	3.78	4.4	GTPase KRas	RASK_HUMAN	P01116-2	P34R	P34	KRAS	3P	Other	None	None	None	None	Other-Unbound	P 1 21 1	168	1-167	2019-02-26	Other	Unbound	-107.22	63.38	-134.43	-108.92	-72.29	-144.05	-119.52	-64.64	-67.13	-64.72	-82.55	72.85	-75.79	-165.7	-115.85	-131.38	-8.96	31.3	154.7	126.43	145.85	61.51	139.99	-46.0	150.43	159.91	-33.67	138.95	163.71	178.77	144.49	149.01	-169.73	178.38	174.91	176.32	178.22	179.88	-171.27	178.05	175.35	175.48	-170.01	-176.61	-171.84	176.35	175.2	-171.06	Below 0.4	MG,GNP	None	None	None	None	None	None	None	None	None	GNP	MG	None	None	None	None	XRAY	2.000	0.195	MTEYKLVVVGAGGVGKSALTIQLIQNHFVDEYDRTIEDSYRKQVVIDGETCLLDILDTAGQEEYSAMRDQYMRTGEGFLCVFAINNTKSFEDIHHYREQIKRVKDSEDVPMVLVGNKCDLPSRTVDTKQAQDLARSYGIPFIETSAKTRQGVDDAFYTLVREIRKHKE	25,26,27,28,29,30,31,32,33,34,35,36,37,38,39,40	QNHFVDEYDRTIEDSY	16.0	None	None	None	True	95.121	35.117	113.426	90.000	111.003	90.000	/Users/mitchellparker/Desktop/rascore_build/core/6o36C_core.cif	/Users/mitchellparker/Desktop/rascore_build/rcsb/6o36.cif.gz	/Users/mitchellparker/Desktop/rascore_build/renum/6o36_renum.cif	/Users/mitchellparker/Desktop/rascore_build/rcsb_assembly/6o36-assembly-1.cif.gz	/Users/mitchellparker/Desktop/rascore_build/renum_assembly/6o36-assembly-1_renum.cif	/Users/mitchellparker/Desktop/rascore_build/sifts/6o36.xml.gz
6o46A	6o46	0	A	Y32out	Y71in	P 63 (CF6)	Noise	ALBBBAABBBBBALBB	3.96	4.87	GTPase KRas	RASK_HUMAN	P01116-2	P34R	P34	KRAS	3P	Other	None	None	None	None	Other-Unbound	P 63	169	1-167	2019-02-28	Other	Unbound	-111.21	65.24	-152.12	-104.19	-92.39	-147.61	-71.38	-88.42	-70.12	-157.55	-88.45	-80.69	-132.65	69.78	-124.94	-132.14	-6.32	37.62	161.98	121.74	133.91	-87.21	-39.07	166.55	160.56	147.81	134.1	143.55	-40.09	-26.14	126.61	140.39	-171.55	172.95	170.57	-174.68	175.58	177.57	-170.31	-164.41	-179.09	-179.88	178.91	-178.53	177.08	177.95	175.73	-170.15	Above 0.4	GNP,MG,PO4	None	None	None	None	None	None	None	None	None	GNP	MG	None	None	None	None	XRAY	1.900	0.175	GMTEYKLVVVGAGGVGKSALTIQLIQNHFVDEYDRTIEDSYRKQVVIDGETCLLDILDTAGQEEYSAMRDQYMRTGEGFLCVFAINNTKSFEDIHHYREQIKRVKDSEDVPMVLVGNKCDLPSRTVDTKQAQDLARSYGIPFIETSAKTRQGVDDAFYTLVREIRKHKE	25,26,27,28,29,30,31,32,33,34,35,36,37,38,39,40	QNHFVDEYDRTIEDSY	16.0	None	None	None	True	188.377	188.377	34.924	90.000	90.000	120.000	/Users/mitchellparker/Desktop/rascore_build/core/6o46A_core.cif	/Users/mitchellparker/Desktop/rascore_build/rcsb/6o46.cif.gz	/Users/mitchellparker/Desktop/rascore_build/renum/6o46_renum.cif	/Users/mitchellparker/Desktop/rascore_build/rcsb_assembly/6o46-assembly-2.cif.gz	/Users/mitchellparker/Desktop/rascore_build/renum_assembly/6o46-assembly-2_renum.cif	/Users/mitchellparker/Desktop/rascore_build/sifts/6o46.xml.gz
6o46B	6o46	0	B	Y32out	Y71in	P 63 (CF6)	Noise	ALBBBBBABBBBBBBB	3.86	4.59	GTPase KRas	RASK_HUMAN	P01116-2	P34R	P34	KRAS	3P	Other	None	None	None	None	SP12-Unbound	P 63	169	1-167	2019-02-28	SP12	Unbound	-113.03	58.88	-130.52	-100.79	-58.89	-149.65	-136.83	-66.62	-82.9	-50.94	-70.1	-90.92	-79.66	-159.57	-105.86	-139.42	-9.19	31.67	155.99	112.32	136.54	79.21	146.51	-42.72	142.15	136.58	136.97	144.01	150.81	174.62	145.95	138.29	-168.74	-177.76	170.95	175.67	176.5	-173.37	-163.73	-175.53	176.82	178.13	174.04	-177.95	-174.8	-167.62	174.08	-172.86	Above 0.4	GNP,MG	None	None	None	None	None	None	None	None	None	GNP	MG	None	None	None	None	XRAY	1.900	0.175	GMTEYKLVVVGAGGVGKSALTIQLIQNHFVDEYDRTIEDSYRKQVVIDGETCLLDILDTAGQEEYSAMRDQYMRTGEGFLCVFAINNTKSFEDIHHYREQIKRVKDSEDVPMVLVGNKCDLPSRTVDTKQAQDLARSYGIPFIETSAKTRQGVDDAFYTLVREIRKHKE	25,26,27,28,29,30,31,32,33,34,35,36,37,38,39,40	QNHFVDEYDRTIEDSY	16.0	None	None	None	True	188.377	188.377	34.924	90.000	90.000	120.000	/Users/mitchellparker/Desktop/rascore_build/core/6o46B_core.cif	/Users/mitchellparker/Desktop/rascore_build/rcsb/6o46.cif.gz	/Users/mitchellparker/Desktop/rascore_build/renum/6o46_renum.cif	/Users/mitchellparker/Desktop/rascore_build/rcsb_assembly/6o46-assembly-2.cif.gz	/Users/mitchellparker/Desktop/rascore_build/renum_assembly/6o46-assembly-2_renum.cif	/Users/mitchellparker/Desktop/rascore_build/sifts/6o46.xml.gz
6o46C	6o46	0	C	Y32out	Y71in	P 63 (CF6)	Noise	ALBBBBAABBBBBBBB	2.95	4.49	GTPase KRas	RASK_HUMAN	P01116-2	P34R	P34	KRAS	3P	Other	None	None	None	None	SP12-Unbound	P 63	169	1-167	2019-02-28	SP12	Unbound	-117.26	62.72	-130.59	-92.42	-78.66	-86.04	-145.57	-62.06	-117.01	-52.04	-96.71	-88.24	-73.76	-164.49	-107.46	-141.17	-11.09	31.02	150.69	117.67	165.18	136.27	28.29	-33.42	134.7	139.15	145.51	153.13	160.71	175.89	149.85	147.91	-167.15	-179.01	170.17	174.45	-159.76	-173.91	-179.08	159.11	156.74	179.22	-178.3	-164.32	178.28	-174.79	169.38	-174.39	Below 0.4	GNP,MG	None	None	None	None	None	None	None	None	None	GNP	MG	None	None	None	None	XRAY	1.900	0.175	GMTEYKLVVVGAGGVGKSALTIQLIQNHFVDEYDRTIEDSYRKQVVIDGETCLLDILDTAGQEEYSAMRDQYMRTGEGFLCVFAINNTKSFEDIHHYREQIKRVKDSEDVPMVLVGNKCDLPSRTVDTKQAQDLARSYGIPFIETSAKTRQGVDDAFYTLVREIRKHKE	25,26,27,28,29,30,31,32,33,34,35,36,37,38,39,40	QNHFVDEYDRTIEDSY	16.0	None	None	None	True	188.377	188.377	34.924	90.000	90.000	120.000	/Users/mitchellparker/Desktop/rascore_build/core/6o46C_core.cif	/Users/mitchellparker/Desktop/rascore_build/rcsb/6o46.cif.gz	/Users/mitchellparker/Desktop/rascore_build/renum/6o46_renum.cif	/Users/mitchellparker/Desktop/rascore_build/rcsb_assembly/6o46-assembly-2.cif.gz	/Users/mitchellparker/Desktop/rascore_build/renum_assembly/6o46-assembly-2_renum.cif	/Users/mitchellparker/Desktop/rascore_build/sifts/6o46.xml.gz
6q21A	6q21	0	A	Y32out	Y71in	P 1 1 21 (CF1)	Noise	ALBBBAABBBBABBBB	3.68	4.42	GTPase HRas	RASH_HUMAN	P01112	WT	WT	HRAS	3P	WT	None	None	None	None	SP12-Unbound	P 1 1 21	171	1-171	1992-07-27	SP12	Unbound	-63.67	46.76	-129.91	-83.23	-127.65	-101.67	-140.2	-54.15	-56.39	-65.09	-63.25	-149.95	-152.31	-150.77	-112.6	-143.77	8.07	10.71	159.72	129.8	105.58	36.96	-22.74	137.27	137.06	113.52	177.29	-64.22	121.6	131.19	153.27	144.67	-177.53	-178.38	178.6	-176.39	-175.05	173.8	-170.25	-175.5	-179.96	174.29	-170.51	168.76	-179.74	-178.45	-170.77	-176.14	Not Available	MG,GCP	None	None	None	None	None	None	None	None	None	GCP	MG	None	None	None	None	XRAY	1.950	0.190	MTEYKLVVVGAGGVGKSALTIQLIQNHFVDEYDPTIEDSYRKQVVIDGETCLLDILDTAGQEEYSAMRDQYMRTGEGFLCVFAINNTKSFEDIHQYREQIKRVKDSDDVPMVLVGNKCDLAARTVESRQAQDLARSYGIPYIETSAKTRQGVEDAFYTLVREIRQHKLRKL	25,26,27,28,29,30,31,32,33,34,35,36,37,38,39,40	QNHFVDEYDPTIEDSY	16.0	None	None	None	True	41.980	79.120	128.500	90.00	90.00	117.48	/Users/mitchellparker/Desktop/rascore_build/core/6q21A_core.cif	/Users/mitchellparker/Desktop/rascore_build/rcsb/6q21.cif.gz	/Users/mitchellparker/Desktop/rascore_build/renum/6q21_renum.cif	/Users/mitchellparker/Desktop/rascore_build/rcsb_assembly/6q21-assembly-1.cif.gz	/Users/mitchellparker/Desktop/rascore_build/renum_assembly/6q21-assembly-1_renum.cif	/Users/mitchellparker/Desktop/rascore_build/sifts/6q21.xml.gz
6q21D	6q21	0	D	Y32out	Y71out	P 1 1 21 (CF1)	Noise	ALBBBAAAEBLBBBBB	3.79	4.4	GTPase HRas	RASH_HUMAN	P01112	WT	WT	HRAS	3P	WT	None	None	None	None	SP12-Unbound	P 1 1 21	171	1-171	1992-07-27	SP12	Unbound	-78.88	72.2	-146.42	-73.53	-96.94	-65.87	-74.94	-46.88	46.6	-55.79	72.58	-86.59	-107.42	-110.62	-102.68	-106.76	-9.8	15.48	155.21	89.65	122.93	-85.21	28.48	-34.49	159.75	172.56	-25.77	116.99	100.98	157.21	128.19	177.3	-174.94	176.99	177.43	178.96	177.42	-174.4	-172.14	-179.45	173.47	-166.78	176.78	176.01	-174.68	-179.01	171.77	177.68	Not Available	MG,GCP	None	None	None	None	None	None	None	None	None	GCP	MG	None	None	None	None	XRAY	1.950	0.190	MTEYKLVVVGAGGVGKSALTIQLIQNHFVDEYDPTIEDSYRKQVVIDGETCLLDILDTAGQEEYSAMRDQYMRTGEGFLCVFAINNTKSFEDIHQYREQIKRVKDSDDVPMVLVGNKCDLAARTVESRQAQDLARSYGIPYIETSAKTRQGVEDAFYTLVREIRQHKLRKL	25,26,27,28,29,30,31,32,33,34,35,36,37,38,39,40	QNHFVDEYDPTIEDSY	16.0	None	None	None	True	41.980	79.120	128.500	90.00	90.00	117.48	/Users/mitchellparker/Desktop/rascore_build/core/6q21D_core.cif	/Users/mitchellparker/Desktop/rascore_build/rcsb/6q21.cif.gz	/Users/mitchellparker/Desktop/rascore_build/renum/6q21_renum.cif	/Users/mitchellparker/Desktop/rascore_build/rcsb_assembly/6q21-assembly-1.cif.gz	/Users/mitchellparker/Desktop/rascore_build/renum_assembly/6q21-assembly-1_renum.cif	/Users/mitchellparker/Desktop/rascore_build/sifts/6q21.xml.gz
6wgnC	6wgn	0	C	Y32out	Y71out	P 21 21 21 (CF2)	Noise	ABAABBBBB------B	3.56	14.84	GTPase KRas	RASK_HUMAN	P01116-2	G12D,C51S,C80L,C118S	G12,C51,C80,C118	KRAS	3P	G12D	SP2	SP2.Unclassified	Binder	None	SP2-Bound	P 21 21 21	169	1-34:39-167	2020-04-06	SP2	Bound	-78.33	-50.13	-75.37	-60.36	-140.61	-95.52	-129.26	-155.68	-106.03	-77.93	999.0	999.0	999.0	999.0	29.21	-112.68	1.21	141.22	-14.01	-49.23	144.35	58.11	120.44	131.61	106.9	999.0	999.0	999.0	999.0	999.0	112.74	119.15	172.05	175.7	-169.8	-165.39	-179.48	174.23	178.52	179.69	-178.41	-174.54	999.0	999.0	999.0	999.0	999.0	-172.13	Above 0.4	GNP,MG	Cyclic Peptide KD2	DTY:95,92,96,11	E:95,92,96,11,99,103,102,69,64,72,62,59,60,9,100,61,10,12	None	SP2	SP2.Unclassified	Binder	None	E	GNP	MG	DTY	None	None	None	XRAY	1.601	0.185	MTEYKLVVVGADGVGKSALTIQLIQNHFVDEYDPTIEDSYRKQVVIDGETSLLDILDTAGQEEYSAMRDQYMRTGEGFLLVFAINNTKSFEDIHHYREQIKRVKDSEDVPMVLVGNKSDLPSRTVDTKQAQDLARSYGIPFIETSAKTRQGVDDAFYTLVREIRKHKEK	25,26,27,28,29,30,31,32,33,34,35,36,37,38,39,40	QNHFVDEYDP----SY	16.0	None	None	None	False	72.437	79.155	90.982	90.000	90.000	90.000	/Users/mitchellparker/Desktop/rascore_build/core/6wgnC_core.cif	/Users/mitchellparker/Desktop/rascore_build/rcsb/6wgn.cif.gz	/Users/mitchellparker/Desktop/rascore_build/renum/6wgn_renum.cif	/Users/mitchellparker/Desktop/rascore_build/rcsb_assembly/6wgn-assembly-2.cif.gz	/Users/mitchellparker/Desktop/rascore_build/renum_assembly/6wgn-assembly-2_renum.cif	/Users/mitchellparker/Desktop/rascore_build/sifts/6wgn.xml.gz
7ewaB	7ewa	0	B	Y32out	Y71out	P 1 21 1 (CF19)	Noise	ALBBBABBBAABBBBB	0.59	4.29	GTPase KRas	RASK_HUMAN	P01116-2	G12D	G12	KRAS	3P	G12D	SP2	SP2.Unclassified	None	None	SP2-Bound	P 1 21 1	170	1-168	2021-05-25	SP2	Bound	-116.77	65.46	-156.81	-116.35	-71.92	-69.12	-148.9	-117.56	-55.46	-72.8	-117.01	-73.4	-88.53	-143.17	-98.44	-137.39	0.8	40.93	171.6	101.06	119.94	-29.3	102.48	137.49	123.22	-6.08	-2.55	105.41	118.44	152.26	149.17	139.25	-165.8	168.51	169.48	-169.0	176.68	179.31	-172.15	179.12	-171.8	-170.23	-177.16	174.95	167.79	-168.93	175.77	176.91	Below 0.4	MG,05F,GNP	None	05F:62,9,96,72,100,99,103,69,102,68,64,63,95,92,12,10,60,59	None	None	SP2	SP2.Unclassified	None	None	None	GNP	MG	05F	None	None	None	XRAY	2.250	0.208	GMTEYKLVVVGADGVGKSALTIQLIQNHFVDEYDPTIEDSYRKQVVIDGETCLLDILDTAGQEEYSAMRDQYMRTGEGFLCVFAINNTKSFEDIHHYREQIKRVKDSEDVPMVLVGNKCDLPSRTVDTKQAQDLARSYGIPFIETSAKTRQGVDDAFYTLVREIRKHKEK	25,26,27,28,29,30,31,32,33,34,35,36,37,38,39,40	QNHFVDEYDPTIEDSY	16.0	None	None	None	True	46.691	102.793	56.395	90.000	107.100	90.000	/Users/mitchellparker/Desktop/rascore_build/core/7ewaB_core.cif	/Users/mitchellparker/Desktop/rascore_build/rcsb/7ewa.cif.gz	/Users/mitchellparker/Desktop/rascore_build/renum/7ewa_renum.cif	/Users/mitchellparker/Desktop/rascore_build/rcsb_assembly/7ewa-assembly-1.cif.gz	/Users/mitchellparker/Desktop/rascore_build/renum_assembly/7ewa-assembly-1_renum.cif	/Users/mitchellparker/Desktop/rascore_build/sifts/7ewa.xml.gz
7ewbB	7ewb	0	B	Y32out	Y71out	P 1 21 1 (CF19)	Noise	ALBBBABBBAABBBBB	1.44	4.32	GTPase KRas	RASK_HUMAN	P01116-2	G12D	G12	KRAS	3P	G12D	SP2	SP2.Unclassified	None	None	SP2-Bound	P 1 21 1	170	1-168	2021-05-25	SP2	Bound	-115.79	63.76	-148.09	-114.7	-86.2	-79.29	-137.06	-75.58	-50.15	-62.33	-94.11	-83.11	-92.51	-158.84	-116.79	-129.63	-2.62	34.32	170.84	112.3	137.09	-47.13	74.01	141.4	120.14	-20.88	-10.44	110.46	127.15	169.78	142.26	140.59	-176.3	171.17	172.56	-169.46	177.97	-177.64	-171.09	171.2	-178.58	179.66	-169.14	-171.58	162.22	179.55	-179.17	-178.39	Below 0.4	MG,05I,GNP	None	05I:96,62,95,64,68,60,12,63,69,102,103,72,99,100,9,92,10	None	None	SP2	SP2.Unclassified	None	None	None	GNP	MG	05I	None	None	None	XRAY	1.990	0.198	GMTEYKLVVVGADGVGKSALTIQLIQNHFVDEYDPTIEDSYRKQVVIDGETCLLDILDTAGQEEYSAMRDQYMRTGEGFLCVFAINNTKSFEDIHHYREQIKRVKDSEDVPMVLVGNKCDLPSRTVDTKQAQDLARSYGIPFIETSAKTRQGVDDAFYTLVREIRKHKEK	25,26,27,28,29,30,31,32,33,34,35,36,37,38,39,40	QNHFVDEYDPTIEDSY	16.0	None	None	None	True	46.559	102.480	56.126	90.000	106.880	90.000	/Users/mitchellparker/Desktop/rascore_build/core/7ewbB_core.cif	/Users/mitchellparker/Desktop/rascore_build/rcsb/7ewb.cif.gz	/Users/mitchellparker/Desktop/rascore_build/renum/7ewb_renum.cif	/Users/mitchellparker/Desktop/rascore_build/rcsb_assembly/7ewb-assembly-2.cif.gz	/Users/mitchellparker/Desktop/rascore_build/renum_assembly/7ewb-assembly-2_renum.cif	/Users/mitchellparker/Desktop/rascore_build/sifts/7ewb.xml.gz
7ewbC	7ewb	0	C	Y32out	Y71out	P 1 21 1 (CF19)	Noise	ALBBBABBBAABBBBB	1.98	4.27	GTPase KRas	RASK_HUMAN	P01116-2	G12D	G12	KRAS	3P	G12D	SP2	SP2.Unclassified	None	None	SP2-Bound	P 1 21 1	170	1-168	2021-05-25	SP2	Bound	-123.56	64.41	-129.26	-114.78	-102.22	-94.54	-137.79	-84.06	-52.73	-66.97	-94.45	-75.35	-98.57	-137.21	-104.46	-127.2	-4.46	26.58	173.33	122.34	129.2	-13.37	58.34	134.86	108.43	-8.26	-36.86	123.0	119.95	156.58	141.32	151.71	-167.24	171.21	166.55	-177.44	179.02	173.11	-174.34	169.82	178.89	-174.63	-173.96	-166.82	174.16	-176.33	174.17	179.41	Below 0.4	MG,05I,GNP	None	05I:62,96,95,64,68,60,12,63,102,69,103,72,99,100,9,92,10,11	None	None	SP2	SP2.Unclassified	None	None	None	GNP	MG	05I	None	None	None	XRAY	1.990	0.198	GMTEYKLVVVGADGVGKSALTIQLIQNHFVDEYDPTIEDSYRKQVVIDGETCLLDILDTAGQEEYSAMRDQYMRTGEGFLCVFAINNTKSFEDIHHYREQIKRVKDSEDVPMVLVGNKCDLPSRTVDTKQAQDLARSYGIPFIETSAKTRQGVDDAFYTLVREIRKHKEK	25,26,27,28,29,30,31,32,33,34,35,36,37,38,39,40	QNHFVDEYDPTIEDSY	16.0	None	None	None	True	46.559	102.480	56.126	90.000	106.880	90.000	/Users/mitchellparker/Desktop/rascore_build/core/7ewbC_core.cif	/Users/mitchellparker/Desktop/rascore_build/rcsb/7ewb.cif.gz	/Users/mitchellparker/Desktop/rascore_build/renum/7ewb_renum.cif	/Users/mitchellparker/Desktop/rascore_build/rcsb_assembly/7ewb-assembly-2.cif.gz	/Users/mitchellparker/Desktop/rascore_build/renum_assembly/7ewb-assembly-2_renum.cif	/Users/mitchellparker/Desktop/rascore_build/sifts/7ewb.xml.gz
7rovA	7rov	0	A	Y32out	Y71out	P 1 21 1 (CF23)	Noise	ALBBBBAABBABBBBB	0.47	4.27	GTPase KRas	RASK_HUMAN	P01116-2	G12D	G12	KRAS	3P	G12D	SP2	SP2.Unclassified	Binder	None	SP2-Bound	P 1 21 1	189	1-167	2021-08-02	SP2	Bound	-114.94	60.08	-154.55	-86.48	-45.26	-134.43	-63.51	-86.19	-74.41	-68.73	-106.2	-82.68	-63.85	-160.08	-113.62	-135.09	-2.23	40.37	161.02	132.63	132.47	-175.71	-15.05	-22.62	139.15	154.91	-0.46	153.28	135.15	169.42	150.95	153.92	-170.57	175.91	173.24	176.23	-177.44	177.37	-179.19	179.85	-179.91	-179.88	-178.03	-178.16	179.28	178.47	174.76	-175.36	Above 0.4	GCP,MG	Cyclic peptide MP-9903	060:99,102	E:99,102,61,96,95,9,72,68,63,62,64,69,103,73	None	SP2	SP2.Unclassified	Binder	None	E	GCP	MG	060	None	None	None	XRAY	1.320	0.195	AMTEYKLVVVGADGVGKSALTIQLIQNHFVDEYDPTIEDSYRKQVVIDGETCLLDILDTAGQEEYSAMRDQYMRTGEGFLCVFAINNTKSFEDIHHYREQIKRVKDSEDVPMVLVGNKCDLPSRTVDTKQAQDLARSYGIPFIETSAKTRQGVDDAFYTLVREIRKHKEKMSKDGKKKKKKSKTKCVIM	25,26,27,28,29,30,31,32,33,34,35,36,37,38,39,40	QNHFVDEYDPTIEDSY	16.0	None	None	None	True	38.793	71.764	65.481	90	100.29	90	/Users/mitchellparker/Desktop/rascore_build/core/7rovA_core.cif	/Users/mitchellparker/Desktop/rascore_build/rcsb/7rov.cif.gz	/Users/mitchellparker/Desktop/rascore_build/renum/7rov_renum.cif	/Users/mitchellparker/Desktop/rascore_build/rcsb_assembly/7rov-assembly-2.cif.gz	/Users/mitchellparker/Desktop/rascore_build/renum_assembly/7rov-assembly-2_renum.cif	/Users/mitchellparker/Desktop/rascore_build/sifts/7rov.xml.gz
7rovB	7rov	0	B	Y32out	Y71out	P 1 21 1 (CF23)	Noise	ALBBBABBBAABBBBB	3.89	4.55	GTPase KRas	RASK_HUMAN	P01116-2	G12D	G12	KRAS	3P	G12D	SP2	SP2.Unclassified	Binder	None	SP2-Bound	P 1 21 1	189	1-167	2021-08-02	SP2	Bound	-105.79	63.49	-148.61	-105.66	-97.78	-80.47	-158.22	-147.89	-46.62	-62.07	-92.51	-73.87	-117.78	-129.15	-112.0	-133.79	-3.45	37.78	159.05	130.25	132.22	-17.23	147.75	137.11	115.71	-21.5	-12.13	118.34	110.56	158.02	144.0	147.56	-170.34	172.28	172.31	-179.44	179.69	173.79	174.64	178.67	179.98	-175.98	-178.23	-178.35	178.4	-178.55	176.28	-176.89	Above 0.4	GCP,GOL,MG	Cyclic peptide MP-9903	060:102,99	F:102,99,61,96,95,9,72,68,62,63,64,69,103,73,65	None	SP2	SP2.Unclassified	Binder	None	F	GCP	MG	060	GOL	None	None	XRAY	1.320	0.195	AMTEYKLVVVGADGVGKSALTIQLIQNHFVDEYDPTIEDSYRKQVVIDGETCLLDILDTAGQEEYSAMRDQYMRTGEGFLCVFAINNTKSFEDIHHYREQIKRVKDSEDVPMVLVGNKCDLPSRTVDTKQAQDLARSYGIPFIETSAKTRQGVDDAFYTLVREIRKHKEKMSKDGKKKKKKSKTKCVIM	25,26,27,28,29,30,31,32,33,34,35,36,37,38,39,40	QNHFVDEYDPTIEDSY	16.0	None	None	None	True	38.793	71.764	65.481	90	100.29	90	/Users/mitchellparker/Desktop/rascore_build/core/7rovB_core.cif	/Users/mitchellparker/Desktop/rascore_build/rcsb/7rov.cif.gz	/Users/mitchellparker/Desktop/rascore_build/renum/7rov_renum.cif	/Users/mitchellparker/Desktop/rascore_build/rcsb_assembly/7rov-assembly-2.cif.gz	/Users/mitchellparker/Desktop/rascore_build/renum_assembly/7rov-assembly-2_renum.cif	/Users/mitchellparker/Desktop/rascore_build/sifts/7rov.xml.gz
7rseB	7rse	0	B	Y32out	Y71in	None	Noise	ALAEBABBBBBABBBB	3.84	4.47	GTPase KRas	RASK_HUMAN	P01116-2	G12D	G12	KRAS	3P	G12D	None	None	Nanodisc	None	SP12-Unbound	None	185	2-167:169-185	2021-08-11	SP12	Unbound	-87.58	68.55	-127.52	70.42	-172.14	-97.68	-134.94	-79.57	-117.62	-75.06	-84.87	-91.09	-150.04	-90.43	-118.19	-127.57	-23.92	22.82	20.78	-73.32	135.19	-57.28	149.28	84.95	110.13	121.35	148.41	-66.98	58.39	144.63	139.69	156.84	-177.97	178.2	179.68	-179.79	179.69	179.45	179.53	-179.7	-179.48	-179.75	-179.92	179.54	179.93	-179.63	-179.68	179.95	Not Available	7Q9,7Q9,7Q9,7Q9,7Q9,17F,7Q9,7Q9,7Q9,7Q9,7Q9,17F,7Q9,7Q9,7Q9,GSP,MG,7Q9,7Q9,7Q9,7Q9,7Q9,17F,7Q9,7Q9,7Q9,7Q9,7Q9,17F,17F,7Q9,7Q9,7Q9,17F,7Q9,17F,7Q9,7Q9,7Q9,7Q9,7Q9,7Q9,7Q9,7Q9,17F,17F,7Q9,7Q9,7Q9,7Q9,17F,17F,7Q9,7Q9,7Q9,7Q9,7Q9,7Q9,7Q9,7Q9,7Q9,17F,17F,7Q9,7Q9,7Q9,7Q9,17F,17F,7Q9,7Q9,7Q9,7Q9,7Q9,7Q9,7Q9,7Q9,7Q9,7Q9,7Q9,17F,7Q9,7Q9,7Q9,17F,7Q9,7Q9,7Q9,17F,7Q9,17F,7Q9,17F,7Q9,17F,7Q9,7Q9,7Q9,7Q9,7Q9,17F,17F,17F,7Q9,7Q9,7Q9,7Q9,7Q9,7Q9,7Q9,7Q9,17F,7Q9,7Q9,7Q9,7Q9,7Q9,7Q9,7Q9,7Q9,7Q9,17F,7Q9,7Q9,17F,7Q9,7Q9,7Q9,7Q9,7Q9,7Q9,7Q9,7Q9,7Q9,7Q9,7Q9,7Q9,7Q9,17F,17F,7Q9,7Q9,7Q9,7Q9,7Q9,7Q9,7Q9,7Q9,7Q9,7Q9,7Q9,7Q9,7Q9,17F,7Q9,17F,7Q9,17F,7Q9,7Q9,7Q9,7Q9	Apolipoprotein A-I	None	None	APOA1_HUMAN	None	None	Nanodisc	None	D,E	GSP	MG	None	None	None	17F,7Q9	NMR	None	None	STEYKLVVVGADGVGKSALTIQLIQNHFVDEYDPTIEDSYRKQVVIDGETCLLDILDTAGQEEYSAMRDQYMRTGEGFLCVFAINNTKSFEDIHHYREQIKRVKDSEDVPMVLVGNKCDLPSRTVDTKQAQDLARSYGIPFIETSAKTRQGVDDAFYTLVREIRKHKEKMSKDGKKKKKKSKTKC	25,26,27,28,29,30,31,32,33,34,35,36,37,38,39,40	QNHFVDEYDPTIEDSY	16.0	None	None	None	True	999.0	999.0	999.0	999.0	999.0	999.0	/Users/mitchellparker/Desktop/rascore_build/core/7rseB_core.cif	/Users/mitchellparker/Desktop/rascore_build/rcsb/7rse.cif.gz	/Users/mitchellparker/Desktop/rascore_build/renum/7rse_renum.cif	/Users/mitchellparker/Desktop/rascore_build/rcsb_assembly/7rse-assembly-1.cif.gz	/Users/mitchellparker/Desktop/rascore_build/renum_assembly/7rse-assembly-1_renum.cif	/Users/mitchellparker/Desktop/rascore_build/sifts/7rse.xml.gz
