pdb_id	pdb_code	modelid	chainid	Y32	Y71	crystal_form	rama	prot_name	swiss_id	uniprot_id	mutation_status	mutation_position	gene_class	nucleotide_class	mutation_class	pharmacological_class	match_class	protein_class	interface_class	pocket_class	space_group	length	range	deposit_data	pocket_site	pocket_status	phi_1	phi_2	phi_3	phi_4	phi_5	phi_6	phi_7	phi_8	phi_9	phi_10	phi_11	phi_12	phi_13	phi_14	phi_15	phi_16	psi_1	psi_2	psi_3	psi_4	psi_5	psi_6	psi_7	psi_8	psi_9	psi_10	psi_11	psi_12	psi_13	psi_14	psi_15	psi_16	omega_1	omega_2	omega_3	omega_4	omega_5	omega_6	omega_7	omega_8	omega_9	omega_10	omega_11	omega_12	omega_13	omega_14	omega_15	omega_16	edia_score	bound_ligand	bound_protein	bound_ligand_contacts	bound_protein_contacts	bound_protein_swiss_id	pharmacological_ligand_site	pharmarmacological_ligand_match	bound_protein_pfam	bound_protein_site	bound_protein_chainid	biological_ligand	ion_ligand	pharmacological_ligand	chemical_ligand	modification_ligand	membrane_ligand	method	resolution	r_factor	sequence	bb_resid	bb_seq	bb_length	sc_resid	sc_seq	sc_length	complete	length_a	length_b	length_c	angle_alpha	angle_beat	angle_gamma	core_path	rcsb_path	renum_path	rcsb_assembly_path	renum_assembly_path	sifts_path
1bkdR	1bkd	0	R	Y32out	Y71out	I 4 2 2 (CF1)	BBBLBABBBAABAAAA	GTPase HRas	RASH_HUMAN	P01112	WT	WT	HRAS	0P	WT	None	None	GEF.CDC25	None	SP2-Unbound	I 4 2 2	166	1-166	1998-07-06	SP2	Unbound	-153.84	-109.1	-59.17	62.49	-100.93	-108.96	-84.65	-155.76	-123.29	-65.59	-121.91	-77.53	-64.09	-68.39	-78.15	-130.26	152.19	173.95	137.94	5.24	95.8	10.34	147.34	124.29	97.18	26.68	-23.35	152.17	-26.31	-13.7	-20.47	-5.53	178.93	-179.63	179.0	-178.05	178.57	179.36	178.99	-179.84	179.2	-179.68	-179.03	179.69	178.16	179.81	-178.6	179.73	Below 0.4	None	Son of sevenless homolog 1	None	S:60,13,63,64,65,66,70,67,73,69,102,103,40,54,56,55,71,37,61,59,58,57,34,32,17,21,30,25,31,68,95	SOS1_HUMAN	None	None	RasGEF	None	S	None	None	None	None	None	None	XRAY	2.800	0.222	MTEYKLVVVGAGGVGKSALTIQLIQNHFVDEYDPTIEDSYRKQVVIDGETCLLDILDTAGQEEYSAMRDQYMRTGEGFLCVFAINNTKSFEDIHQYREQIKRVKDSDDVPMVLVGNKCDLAARTVESRQAQDLARSYGIPYIETSAKTRQGVEDAFYTLVREIRQH	25,26,27,28,29,30,31,32,33,34,35,36,37,38,39,40	QNHFVDEYDPTIEDSY	16.0	None	None	None	True	142.700	142.700	207.900	90.00	90.00	90.00	/Users/mitchellparker/Desktop/rascore_build/core/1bkdR_core.cif	/Users/mitchellparker/Desktop/rascore_build/rcsb/1bkd.cif.gz	/Users/mitchellparker/Desktop/rascore_build/renum/1bkd_renum.cif	/Users/mitchellparker/Desktop/rascore_build/rcsb_assembly/1bkd-assembly-1.cif.gz	/Users/mitchellparker/Desktop/rascore_build/renum_assembly/1bkd-assembly-1_renum.cif	/Users/mitchellparker/Desktop/rascore_build/sifts/1bkd.xml.gz
1nvxR	1nvx	0	R	Y32out	Y71out	I 4 2 2 (CF3)	BBAABABBBAABBLAA	GTPase HRas	RASH_HUMAN	P01112	A59G	A59	HRAS	0P	Other	None	None	GEF.CDC25	None	SP2-Unbound	I 4 2 2	166	1-166	2003-02-04	SP2	Unbound	-38.9	-82.05	-88.44	-133.88	-133.92	-56.46	-103.07	-126.93	-127.34	-69.38	-61.35	-70.85	-44.6	54.24	-100.26	-106.64	148.61	123.07	13.42	40.57	135.6	-52.8	145.63	131.68	110.59	-39.45	-13.01	134.51	126.84	49.77	5.4	-10.33	-176.3	178.42	-177.08	-179.7	178.81	-179.91	-177.36	178.83	-178.55	-179.78	-179.36	-178.82	-179.95	177.89	177.37	179.79	Below 0.4	PO4	Son of sevenless homolog 1	None	S:31,30,60,63,64,65,66,70,67,73,69,102,103,40,41,54,55,71,37,61,59,58,57,34,35,17,32,21,147,18,25,33,95	SOS1_HUMAN	None	None	RasGEF	None	S	None	None	None	PO4	None	None	XRAY	3.200	0.223	MTEYKLVVVGAGGVGKSALTIQLIQNHFVDEYDPTIEDSYRKQVVIDGETCLLDILDTGGQEEYSAMRDQYMRTGEGFLCVFAINNTKSFEDIHQYREQIKRVKDSDDVPMVLVGNKCDLAARTVESRQAQDLARSYGIPYIETSAKTRQGVEDAFYTLVREIRQH	25,26,27,28,29,30,31,32,33,34,35,36,37,38,39,40	QNHFVDEYDPTIEDSY	16.0	None	None	None	True	175.206	175.206	234.128	90.00	90.00	90.00	/Users/mitchellparker/Desktop/rascore_build/core/1nvxR_core.cif	/Users/mitchellparker/Desktop/rascore_build/rcsb/1nvx.cif.gz	/Users/mitchellparker/Desktop/rascore_build/renum/1nvx_renum.cif	/Users/mitchellparker/Desktop/rascore_build/rcsb_assembly/1nvx-assembly-1.cif.gz	/Users/mitchellparker/Desktop/rascore_build/renum_assembly/1nvx-assembly-1_renum.cif	/Users/mitchellparker/Desktop/rascore_build/sifts/1nvx.xml.gz
4nyiR	4nyi	0	R	Y32out	Y71out	I 4 2 2 (CF2)	BBAABBLBBAABBLAA	GTPase HRas	RASH_HUMAN	P01112	WT	WT	HRAS	0P	WT	None	None	GEF.CDC25	None	SP2-Unbound	I 4 2 2	167	1-166	2013-12-10	SP2	Unbound	-76.08	-152.76	-53.27	-86.71	-129.47	-78.79	64.79	-101.69	-136.41	-72.8	-61.7	-69.6	-53.39	55.98	-92.62	-134.43	-179.63	78.41	38.32	-1.31	128.52	-179.75	98.2	136.31	101.81	-11.84	-35.25	129.24	144.41	31.38	17.64	13.47	178.62	160.15	-166.4	166.54	159.65	-179.23	-174.67	170.78	-175.74	-176.65	174.76	-172.92	176.75	178.11	168.0	173.43	Below 0.4	None	Son of sevenless homolog 1	None	S:31,60,13,63,64,66,65,70,67,73,69,102,103,40,54,56,55,71,37,61,59,58,57,34,21,17,18,32,27,25,30,95,105,74	SOS1_HUMAN	None	None	RasGEF	None	S	None	None	None	None	None	None	XRAY	2.961	0.167	GMTEYKLVVVGAGGVGKSALTIQLIQNHFVDEYDPTIEDSYRKQVVIDGETCLLDILDTAGQEEYSAMRDQYMRTGEGFLCVFAINNTKSFEDIHQYREQIKRVKDSDDVPMVLVGNKCDLAARTVESRQAQDLARSYGIPYIETSAKTRQGVEDAFYTLVREIRQH	25,26,27,28,29,30,31,32,33,34,35,36,37,38,39,40	QNHFVDEYDPTIEDSY	16.0	None	None	None	True	183.285	183.285	177.860	90.00	90.00	90.00	/Users/mitchellparker/Desktop/rascore_build/core/4nyiR_core.cif	/Users/mitchellparker/Desktop/rascore_build/rcsb/4nyi.cif.gz	/Users/mitchellparker/Desktop/rascore_build/renum/4nyi_renum.cif	/Users/mitchellparker/Desktop/rascore_build/rcsb_assembly/4nyi-assembly-1.cif.gz	/Users/mitchellparker/Desktop/rascore_build/renum_assembly/4nyi-assembly-1_renum.cif	/Users/mitchellparker/Desktop/rascore_build/sifts/4nyi.xml.gz
4nymR	4nym	0	R	Y32out	Y71out	I 4 2 2 (CF2)	BALABABBBAABBLAA	GTPase HRas	RASH_HUMAN	P01112	WT	WT	HRAS	0P	WT	None	None	GEF.CDC25	None	SP2-Unbound	I 4 2 2	166	1-166	2013-12-10	SP2	Unbound	-58.33	-59.29	39.29	-122.57	-80.99	-74.56	-60.05	-110.63	-150.37	-79.29	-40.75	-55.18	-82.59	68.39	-96.4	-140.53	130.49	18.18	37.11	-30.38	145.2	-70.17	100.75	140.51	113.04	-28.48	-50.94	119.82	146.62	22.93	19.65	-3.1	177.11	-178.69	-165.12	-179.95	-179.01	171.54	-177.0	172.43	-173.78	-178.38	166.11	179.23	178.53	-166.05	161.69	176.52	Below 0.4	None	Son of sevenless homolog 1	None	S:60,13,63,64,66,65,67,70,73,69,102,103,41,37,40,54,55,71,61,59,58,57,34,21,17,18,15,32,25,30,33,31,68,95,105	SOS1_HUMAN	None	None	RasGEF	None	S	None	None	None	None	None	None	XRAY	3.553	0.161	MTEYKLVVVGAGGVGKSALTIQLIQNHFVDEYDPTIEDSYRKQVVIDGETCLLDILDTAGQEEYSAMRDQYMRTGEGFLCVFAINNTKSFEDIHQYREQIKRVKDSDDVPMVLVGNKCDLAARTVESRQAQDLARSYGIPYIETSAKTRQGVEDAFYTLVREIRQH	25,26,27,28,29,30,31,32,33,34,35,36,37,38,39,40	QNHFVDEYDPTIEDSY	16.0	None	None	None	True	186.805	186.805	178.684	90.00	90.00	90.00	/Users/mitchellparker/Desktop/rascore_build/core/4nymR_core.cif	/Users/mitchellparker/Desktop/rascore_build/rcsb/4nym.cif.gz	/Users/mitchellparker/Desktop/rascore_build/renum/4nym_renum.cif	/Users/mitchellparker/Desktop/rascore_build/rcsb_assembly/4nym-assembly-1.cif.gz	/Users/mitchellparker/Desktop/rascore_build/renum_assembly/4nym-assembly-1_renum.cif	/Users/mitchellparker/Desktop/rascore_build/sifts/4nym.xml.gz
4uruR	4uru	0	R	Y32out	Y71out	I 4 2 2 (CF1)	BBAABABBBAABAAAA	GTPase HRas	RASH_HUMAN	P01112	WT	WT	HRAS	0P	WT	None	None	GEF.CDC25	None	SP2-Unbound	I 4 2 2	185	1-166	2014-07-02	SP2	Unbound	-71.37	-69.65	-65.44	-125.07	-116.86	-96.22	-96.83	-149.87	-125.39	-62.88	-63.24	-79.18	-58.1	-54.17	-73.58	-133.87	155.49	162.22	-18.27	16.38	104.4	15.86	144.9	132.18	98.3	-14.44	-40.52	148.93	-42.92	-20.69	-9.64	2.75	-179.91	-179.68	-176.35	-178.58	178.99	179.62	179.55	-179.33	175.42	-177.98	177.68	-174.21	-179.79	178.66	-175.16	176.38	Below 0.4	None	Son of sevenless homolog 1	None	S:60,13,63,64,65,66,70,67,73,69,102,103,40,54,55,71,61,59,58,57,34,32,21,17,15,30,25,31,68,95,105,56	SOS1_HUMAN	None	None	RasGEF	None	S	None	None	None	None	None	None	XRAY	2.830	0.192	MHHHHHHGGGENLYFQGSHMTEYKLVVVGAGGVGKSALTIQLIQNHFVDEYDPTIEDSYRKQVVIDGETCLLDILDTAGQEEYSAMRDQYMRTGEGFLCVFAINNTKSFEDIHQYREQIKRVKDSDDVPMVLVGNKCDLAARTVESRQAQDLARSYGIPYIETSAKTRQGVEDAFYTLVREIRQH	25,26,27,28,29,30,31,32,33,34,35,36,37,38,39,40	QNHFVDEYDPTIEDSY	16.0	None	None	None	True	149.282	149.282	200.517	90.00	90.00	90.00	/Users/mitchellparker/Desktop/rascore_build/core/4uruR_core.cif	/Users/mitchellparker/Desktop/rascore_build/rcsb/4uru.cif.gz	/Users/mitchellparker/Desktop/rascore_build/renum/4uru_renum.cif	/Users/mitchellparker/Desktop/rascore_build/rcsb_assembly/4uru-assembly-1.cif.gz	/Users/mitchellparker/Desktop/rascore_build/renum_assembly/4uru-assembly-1_renum.cif	/Users/mitchellparker/Desktop/rascore_build/sifts/4uru.xml.gz
4urxR	4urx	0	R	Y32out	Y71out	I 4 2 2 (CF1)	BBAABABBBAABAAAA	GTPase HRas	RASH_HUMAN	P01112	WT	WT	HRAS	0P	WT	None	None	GEF.CDC25	None	SP2-Unbound	I 4 2 2	185	1-166	2014-07-02	SP2	Unbound	-66.2	-52.42	-51.02	-127.28	-124.19	-126.57	-92.39	-110.62	-123.86	-68.89	-93.75	-143.46	-63.2	-58.42	-72.63	-119.71	133.02	142.9	-15.37	25.1	137.49	6.18	102.15	134.99	100.7	-5.55	34.72	163.71	-48.8	-15.89	-25.49	6.59	-178.01	-178.97	-175.39	179.2	178.2	177.62	179.64	-177.74	176.24	179.78	-176.85	177.84	-179.25	-178.04	-179.35	178.84	Below 0.4	None	Son of sevenless homolog 1	None	S:60,13,63,64,65,66,70,67,73,69,102,103,40,56,54,55,71,61,59,58,57,34,35,32,21,17,15,30,25,31,68,105,12,74	SOS1_HUMAN	None	None	RasGEF	None	S	None	None	None	None	None	None	XRAY	2.490	0.195	MHHHHHHGGGENLYFQGSHMTEYKLVVVGAGGVGKSALTIQLIQNHFVDEYDPTIEDSYRKQVVIDGETCLLDILDTAGQEEYSAMRDQYMRTGEGFLCVFAINNTKSFEDIHQYREQIKRVKDSDDVPMVLVGNKCDLAARTVESRQAQDLARSYGIPYIETSAKTRQGVEDAFYTLVREIRQH	25,26,27,28,29,30,31,32,33,34,35,36,37,38,39,40	QNHFVDEYDPTIEDSY	16.0	None	None	None	True	149.874	149.874	199.701	90.00	90.00	90.00	/Users/mitchellparker/Desktop/rascore_build/core/4urxR_core.cif	/Users/mitchellparker/Desktop/rascore_build/rcsb/4urx.cif.gz	/Users/mitchellparker/Desktop/rascore_build/renum/4urx_renum.cif	/Users/mitchellparker/Desktop/rascore_build/rcsb_assembly/4urx-assembly-1.cif.gz	/Users/mitchellparker/Desktop/rascore_build/renum_assembly/4urx-assembly-1_renum.cif	/Users/mitchellparker/Desktop/rascore_build/sifts/4urx.xml.gz
4uryR	4ury	0	R	Y32out	Y71out	I 4 2 2 (CF1)	BBAABABBBAABAAAA	GTPase HRas	RASH_HUMAN	P01112	WT	WT	HRAS	0P	WT	SP12	SP12.Unclassified	GEF.CDC25	None	SP12-Bound	I 4 2 2	185	1-166	2014-07-02	SP12	Bound	-72.85	-61.52	-58.19	-123.44	-102.56	-138.74	-102.33	-106.5	-121.36	-73.4	-74.24	-101.39	-61.72	-66.64	-76.78	-124.8	140.67	151.85	-5.73	-4.99	144.19	16.83	96.88	131.16	104.39	-6.64	-16.52	157.23	-36.36	-15.2	-16.88	0.61	-179.6	-179.0	179.88	-179.49	177.17	178.17	178.15	-174.74	177.37	-179.33	-179.94	-177.63	-179.34	-179.77	-177.63	177.24	Below 0.4	RV1	Son of sevenless homolog 1	RV1:56,5,54,6,74,71,7	S:60,13,63,64,65,66,70,67,73,69,102,103,40,56,54,55,71,61,59,58,57,34,32,21,17,30,25,31,68,95,105	SOS1_HUMAN	SP12	SP12.Unclassified	RasGEF	None	S	None	None	RV1	None	None	None	XRAY	2.470	0.194	MHHHHHHGGGENLYFQGSHMTEYKLVVVGAGGVGKSALTIQLIQNHFVDEYDPTIEDSYRKQVVIDGETCLLDILDTAGQEEYSAMRDQYMRTGEGFLCVFAINNTKSFEDIHQYREQIKRVKDSDDVPMVLVGNKCDLAARTVESRQAQDLARSYGIPYIETSAKTRQGVEDAFYTLVREIRQH	25,26,27,28,29,30,31,32,33,34,35,36,37,38,39,40	QNHFVDEYDPTIEDSY	16.0	None	None	None	True	149.679	149.679	200.175	90.00	90.00	90.00	/Users/mitchellparker/Desktop/rascore_build/core/4uryR_core.cif	/Users/mitchellparker/Desktop/rascore_build/rcsb/4ury.cif.gz	/Users/mitchellparker/Desktop/rascore_build/renum/4ury_renum.cif	/Users/mitchellparker/Desktop/rascore_build/rcsb_assembly/4ury-assembly-1.cif.gz	/Users/mitchellparker/Desktop/rascore_build/renum_assembly/4ury-assembly-1_renum.cif	/Users/mitchellparker/Desktop/rascore_build/sifts/4ury.xml.gz
4urzR	4urz	0	R	Y32out	Y71in	I 4 2 2 (CF1)	BAELBBBBBAABAAAA	GTPase HRas	RASH_HUMAN	P01112	WT	WT	HRAS	0P	WT	SP12	SP12.Unclassified	GEF.CDC25	None	SP12-Bound	I 4 2 2	185	1-166	2014-07-02	SP12	Bound	-67.57	-63.85	82.66	74.59	-103.52	-120.02	-150.85	-93.16	-117.55	-73.1	-77.11	-120.39	-49.79	-66.94	-76.7	-128.74	136.57	-12.38	161.88	-37.89	127.77	65.89	76.62	131.89	104.94	-9.06	-1.25	152.82	-40.39	-14.2	-21.47	2.83	178.14	-177.97	-165.94	-178.4	177.27	177.42	-175.21	-175.06	173.67	-179.88	-179.92	-178.2	178.68	-178.16	178.44	179.76	Below 0.4	VJP	Son of sevenless homolog 1	VJP:5,56,54,6,74,7	S:60,13,63,64,65,66,70,67,73,69,103,40,56,54,55,61,59,58,57,34,35,32,21,17,30,25,31,68,95,102,105	SOS1_HUMAN	SP12	SP12.Unclassified	RasGEF	None	S	None	None	VJP	None	None	None	XRAY	2.240	0.192	MHHHHHHGGGENLYFQGSHMTEYKLVVVGAGGVGKSALTIQLIQNHFVDEYDPTIEDSYRKQVVIDGETCLLDILDTAGQEEYSAMRDQYMRTGEGFLCVFAINNTKSFEDIHQYREQIKRVKDSDDVPMVLVGNKCDLAARTVESRQAQDLARSYGIPYIETSAKTRQGVEDAFYTLVREIRQH	25,26,27,28,29,30,31,32,33,34,35,36,37,38,39,40	QNHFVDEYDPTIEDSY	16.0	None	None	None	True	150.206	150.206	201.622	90.00	90.00	90.00	/Users/mitchellparker/Desktop/rascore_build/core/4urzR_core.cif	/Users/mitchellparker/Desktop/rascore_build/rcsb/4urz.cif.gz	/Users/mitchellparker/Desktop/rascore_build/renum/4urz_renum.cif	/Users/mitchellparker/Desktop/rascore_build/rcsb_assembly/4urz-assembly-1.cif.gz	/Users/mitchellparker/Desktop/rascore_build/renum_assembly/4urz-assembly-1_renum.cif	/Users/mitchellparker/Desktop/rascore_build/sifts/4urz.xml.gz
4us2R	4us2	0	R	Y32out	Y71out	I 4 2 2 (CF1)	BBAABABBBAABAAAA	GTPase HRas	RASH_HUMAN	P01112	WT	WT	HRAS	0P	WT	Other	Other	GEF.CDC25	None	Other-Bound	I 4 2 2	185	1-166	2014-07-02	Other	Bound	-70.71	-50.93	-50.25	-127.52	-123.51	-123.7	-85.4	-85.38	-128.35	-68.41	-67.55	-100.67	-69.39	-67.91	-71.6	-127.57	128.04	141.35	-12.02	14.14	139.29	3.23	76.3	138.54	102.53	-12.76	-21.48	165.01	-35.48	-14.24	-22.1	7.88	-178.39	-177.48	-175.18	-179.34	178.09	-179.89	-178.35	-176.7	175.88	179.84	-178.36	-175.48	-178.38	178.45	179.98	178.96	Below 0.4	L7S	Son of sevenless homolog 1	L7S:85,118,83,86,13,119,14,15	S:60,13,63,64,65,66,70,67,73,69,102,103,40,54,56,55,71,61,59,58,57,34,32,21,17,30,25,31,68,95,105,74	SOS1_HUMAN	Base Site	Other	RasGEF	None	S	None	None	L7S	None	None	None	XRAY	2.480	0.192	MHHHHHHGGGENLYFQGSHMTEYKLVVVGAGGVGKSALTIQLIQNHFVDEYDPTIEDSYRKQVVIDGETCLLDILDTAGQEEYSAMRDQYMRTGEGFLCVFAINNTKSFEDIHQYREQIKRVKDSDDVPMVLVGNKCDLAARTVESRQAQDLARSYGIPYIETSAKTRQGVEDAFYTLVREIRQH	25,26,27,28,29,30,31,32,33,34,35,36,37,38,39,40	QNHFVDEYDPTIEDSY	16.0	None	None	None	True	149.710	149.710	200.080	90.00	90.00	90.00	/Users/mitchellparker/Desktop/rascore_build/core/4us2R_core.cif	/Users/mitchellparker/Desktop/rascore_build/rcsb/4us2.cif.gz	/Users/mitchellparker/Desktop/rascore_build/renum/4us2_renum.cif	/Users/mitchellparker/Desktop/rascore_build/rcsb_assembly/4us2-assembly-1.cif.gz	/Users/mitchellparker/Desktop/rascore_build/renum_assembly/4us2-assembly-1_renum.cif	/Users/mitchellparker/Desktop/rascore_build/sifts/4us2.xml.gz
5kykA	5kyk	0	A	Y32out	Y71out	C 1 2 1 (CF5)	ALBBBABB------BB	GTPase KRas	RASK_HUMAN	P01116-2	G12C	G12	KRAS	0P	G12C	Other	Other	None	None	Other-Bound	C 1 2 1	169	1-33:38-62:68-167	2016-07-21	Other	Bound	-110.65	57.38	-120.61	-101.44	-111.62	-98.82	-150.94	-134.48	-122.96	999.0	999.0	999.0	999.0	156.33	-127.75	-130.82	3.52	30.46	142.35	131.44	132.29	-56.89	118.65	-105.48	999.0	999.0	999.0	999.0	999.0	-177.86	127.65	151.75	-168.81	-177.32	-175.56	176.68	-175.66	176.63	-176.84	176.29	179.66	999.0	999.0	999.0	999.0	999.0	-179.78	-178.24	Below 0.4	6ZD	None	6ZD:29,28,116,146,117,119,147,33,30,13,15,18,145,120,17,12,16,31	None	None	Nucleotide Site	Other	None	None	None	None	None	6ZD	None	None	None	XRAY	2.702	0.270	GMTEYKLVVVGACGVGKSALTIQLIQNHFVDEYDPTIEDSYRKQVVIDGETCLLDILDTAGQEEYSAMRDQYMRTGEGFLCVFAINNTKSFEDIHHYREQIKRVKDSEDVPMVLVGNKCDLPSRTVDTKQAQDLARSYGIPFIETSAKTRQGVDDAFYTLVREIRKHKE	25,26,27,28,29,30,31,32,33,34,35,36,37,38,39,40	QNHFVDEYD----DSY	16.0	None	None	None	False	114.830	66.155	98.006	90.000	112.980	90.000	/Users/mitchellparker/Desktop/rascore_build/core/5kykA_core.cif	/Users/mitchellparker/Desktop/rascore_build/rcsb/5kyk.cif.gz	/Users/mitchellparker/Desktop/rascore_build/renum/5kyk_renum.cif	/Users/mitchellparker/Desktop/rascore_build/rcsb_assembly/5kyk-assembly-3.cif.gz	/Users/mitchellparker/Desktop/rascore_build/renum_assembly/5kyk-assembly-3_renum.cif	/Users/mitchellparker/Desktop/rascore_build/sifts/5kyk.xml.gz
5kykB	5kyk	0	B	Y32out	Y71out	C 1 2 1 (CF5)	ALBBBABB------BB	GTPase KRas	RASK_HUMAN	P01116-2	G12C	G12	KRAS	0P	G12C	Other	Other	None	None	Other-Bound	C 1 2 1	169	1-33:38-62:68-167	2016-07-21	Other	Bound	-110.72	56.87	-120.79	-101.46	-121.96	-101.02	-149.57	-132.12	-115.58	999.0	999.0	999.0	999.0	150.25	-129.65	-127.33	3.72	30.14	143.42	142.36	129.78	-60.81	115.28	-111.98	999.0	999.0	999.0	999.0	999.0	179.36	130.57	152.53	-168.06	-176.76	-174.96	177.57	-174.33	176.34	-179.9	-179.66	-177.79	999.0	999.0	999.0	999.0	999.0	179.89	-177.96	Below 0.4	6ZD	None	6ZD:30,29,146,116,117,28,119,147,17,18,13,15,145,120,12,16,58,31	None	None	Nucleotide Site	Other	None	None	None	None	None	6ZD	None	None	None	XRAY	2.702	0.270	GMTEYKLVVVGACGVGKSALTIQLIQNHFVDEYDPTIEDSYRKQVVIDGETCLLDILDTAGQEEYSAMRDQYMRTGEGFLCVFAINNTKSFEDIHHYREQIKRVKDSEDVPMVLVGNKCDLPSRTVDTKQAQDLARSYGIPFIETSAKTRQGVDDAFYTLVREIRKHKE	25,26,27,28,29,30,31,32,33,34,35,36,37,38,39,40	QNHFVDEYD----DSY	16.0	None	None	None	False	114.830	66.155	98.006	90.000	112.980	90.000	/Users/mitchellparker/Desktop/rascore_build/core/5kykB_core.cif	/Users/mitchellparker/Desktop/rascore_build/rcsb/5kyk.cif.gz	/Users/mitchellparker/Desktop/rascore_build/renum/5kyk_renum.cif	/Users/mitchellparker/Desktop/rascore_build/rcsb_assembly/5kyk-assembly-3.cif.gz	/Users/mitchellparker/Desktop/rascore_build/renum_assembly/5kyk-assembly-3_renum.cif	/Users/mitchellparker/Desktop/rascore_build/sifts/5kyk.xml.gz
5kykC	5kyk	0	C	Y32out	Disordered	C 1 2 1 (CF5)	ALBBBABAB-----BB	GTPase KRas	RASK_HUMAN	P01116-2	G12C	G12	KRAS	0P	G12C	Other	Other	None	None	Other-Bound	C 1 2 1	169	1-34:38-62:65-167	2016-07-21	Other	Bound	-113.52	56.46	-119.29	-103.83	-115.29	-100.83	-149.63	-127.05	-117.13	-59.36	999.0	999.0	999.0	158.68	-130.08	-131.52	3.6	28.93	145.14	134.43	133.06	-58.95	115.02	-97.95	96.88	999.0	999.0	999.0	999.0	-177.58	129.2	153.17	-168.09	-177.94	-175.01	176.96	-175.11	178.43	-176.49	173.35	175.68	-179.37	999.0	999.0	999.0	999.0	-178.5	-179.57	Above 0.4	6ZD	None	6ZD:29,146,116,28,147,119,34,33,17,13,117,30,18,15,145,120,12,59,16,31	None	None	Nucleotide Site	Other	None	None	None	None	None	6ZD	None	None	None	XRAY	2.702	0.270	GMTEYKLVVVGACGVGKSALTIQLIQNHFVDEYDPTIEDSYRKQVVIDGETCLLDILDTAGQEEYSAMRDQYMRTGEGFLCVFAINNTKSFEDIHHYREQIKRVKDSEDVPMVLVGNKCDLPSRTVDTKQAQDLARSYGIPFIETSAKTRQGVDDAFYTLVREIRKHKE	25,26,27,28,29,30,31,32,33,34,35,36,37,38,39,40	QNHFVDEYDP---DSY	16.0	None	None	None	False	114.830	66.155	98.006	90.000	112.980	90.000	/Users/mitchellparker/Desktop/rascore_build/core/5kykC_core.cif	/Users/mitchellparker/Desktop/rascore_build/rcsb/5kyk.cif.gz	/Users/mitchellparker/Desktop/rascore_build/renum/5kyk_renum.cif	/Users/mitchellparker/Desktop/rascore_build/rcsb_assembly/5kyk-assembly-3.cif.gz	/Users/mitchellparker/Desktop/rascore_build/renum_assembly/5kyk-assembly-3_renum.cif	/Users/mitchellparker/Desktop/rascore_build/sifts/5kyk.xml.gz
5wfoR	5wfo	0	R	Y32out	Y71out	I 4 2 2 (CF2)	BALABBBBBAABAAAA	GTPase HRas	RASH_HUMAN	P01112	WT	WT	HRAS	0P	WT	None	None	GEF.CDC25	None	SP2-Unbound	I 4 2 2	167	1-166	2017-07-12	SP2	Unbound	-47.43	-41.83	96.51	-134.12	-128.85	-81.41	-162.32	-169.88	-125.62	-69.53	-77.2	-111.61	-61.38	-56.6	-88.94	-147.14	158.87	-38.14	-26.74	9.46	124.39	89.64	173.04	135.76	102.37	-13.3	-2.05	147.6	-30.04	-11.35	-3.54	12.12	-174.11	171.78	171.36	175.46	164.3	-177.01	174.71	-170.8	163.02	-176.52	-177.56	178.14	-171.23	174.85	-170.66	177.85	Below 0.4	None	Son of sevenless homolog 1	None	N:60,13,64,63,65,66,70,67,73,69,102,103,40,54,55,71,61,59,58,57,34,35,32,21,17,18,25,31,30,33,95,105,68,12,56,146,74	SOS1_HUMAN	None	None	RasGEF	None	N	None	None	None	None	None	None	XRAY	1.990	0.169	GMTEYKLVVVGAGGVGKSALTIQLIQNHFVDEYDPTIEDSYRKQVVIDGETCLLDILDTAGQEEYSAMRDQYMRTGEGFLCVFAINNTKSFEDIHQYREQIKRVKDSDDVPMVLVGNKCDLAARTVESRQAQDLARSYGIPYIETSAKTRQGVEDAFYTLVREIRQH	25,26,27,28,29,30,31,32,33,34,35,36,37,38,39,40	QNHFVDEYDPTIEDSY	16.0	None	None	None	True	182.735	182.735	177.866	90.00	90.00	90.00	/Users/mitchellparker/Desktop/rascore_build/core/5wfoR_core.cif	/Users/mitchellparker/Desktop/rascore_build/rcsb/5wfo.cif.gz	/Users/mitchellparker/Desktop/rascore_build/renum/5wfo_renum.cif	/Users/mitchellparker/Desktop/rascore_build/rcsb_assembly/5wfo-assembly-1.cif.gz	/Users/mitchellparker/Desktop/rascore_build/renum_assembly/5wfo-assembly-1_renum.cif	/Users/mitchellparker/Desktop/rascore_build/sifts/5wfo.xml.gz
5wfpR	5wfp	0	R	Y32out	Y71out	I 4 2 2 (CF2)	BBAABBBBBAABBLAA	GTPase HRas	RASH_HUMAN	P01112	WT	WT	HRAS	0P	WT	None	None	GEF.CDC25	None	SP2-Unbound	I 4 2 2	167	1-166	2017-07-12	SP2	Unbound	-46.7	-81.76	-64.03	-120.4	-131.54	-70.82	-156.33	-169.23	-133.92	-66.46	-74.35	-102.77	-66.9	95.48	-89.06	-142.5	162.16	122.58	-9.13	3.28	117.26	91.6	159.62	139.21	99.24	-11.94	-20.76	141.63	143.8	1.35	-5.15	15.08	-177.81	174.53	-175.33	-178.84	171.21	178.04	-176.53	-178.82	167.96	-174.33	-173.35	-174.5	173.48	-169.74	173.75	178.29	Below 0.4	None	Son of sevenless homolog 1	None	N:60,13,63,64,65,66,70,67,73,69,102,103,40,54,55,71,37,61,59,58,57,34,35,32,21,17,18,25,31,30,95,105,12,15,56,74	SOS1_HUMAN	None	None	RasGEF	None	N	None	None	None	None	None	None	XRAY	2.080	0.163	GMTEYKLVVVGAGGVGKSALTIQLIQNHFVDEYDPTIEDSYRKQVVIDGETCLLDILDTAGQEEYSAMRDQYMRTGEGFLCVFAINNTKSFEDIHQYREQIKRVKDSDDVPMVLVGNKCDLAARTVESRQAQDLARSYGIPYIETSAKTRQGVEDAFYTLVREIRQH	25,26,27,28,29,30,31,32,33,34,35,36,37,38,39,40	QNHFVDEYDPTIEDSY	16.0	None	None	None	True	182.530	182.530	177.314	90.00	90.00	90.00	/Users/mitchellparker/Desktop/rascore_build/core/5wfpR_core.cif	/Users/mitchellparker/Desktop/rascore_build/rcsb/5wfp.cif.gz	/Users/mitchellparker/Desktop/rascore_build/renum/5wfp_renum.cif	/Users/mitchellparker/Desktop/rascore_build/rcsb_assembly/5wfp-assembly-1.cif.gz	/Users/mitchellparker/Desktop/rascore_build/renum_assembly/5wfp-assembly-1_renum.cif	/Users/mitchellparker/Desktop/rascore_build/sifts/5wfp.xml.gz
5wfqR	5wfq	0	R	Y32out	Y71out	I 4 2 2 (CF2)	BAELBBBBBAABBLAA	GTPase HRas	RASH_HUMAN	P01112	WT	WT	HRAS	0P	WT	None	None	GEF.CDC25	None	SP2-Unbound	I 4 2 2	167	1-166	2017-07-12	SP2	Unbound	-45.67	-39.01	82.27	75.42	-150.35	-73.56	-159.66	-167.81	-129.85	-68.98	-73.36	-93.68	-61.64	79.78	-87.1	-138.94	157.47	-51.71	134.62	-6.53	118.57	94.15	157.28	134.78	99.89	-13.12	-27.0	145.14	161.34	-2.1	-6.94	13.99	-174.53	172.25	-172.3	-178.12	173.62	-177.93	-179.32	-178.28	167.09	-175.57	-174.25	-178.33	170.86	-173.74	175.67	178.06	Below 0.4	None	Son of sevenless homolog 1	None	N:60,13,63,64,65,66,70,67,73,69,102,103,40,54,55,71,37,61,59,58,57,34,35,17,32,21,18,25,31,30,95,105,12,56,33,74	SOS1_HUMAN	None	None	RasGEF	None	N	None	None	None	None	None	None	XRAY	2.260	0.171	GMTEYKLVVVGAGGVGKSALTIQLIQNHFVDEYDPTIEDSYRKQVVIDGETCLLDILDTAGQEEYSAMRDQYMRTGEGFLCVFAINNTKSFEDIHQYREQIKRVKDSDDVPMVLVGNKCDLAARTVESRQAQDLARSYGIPYIETSAKTRQGVEDAFYTLVREIRQH	25,26,27,28,29,30,31,32,33,34,35,36,37,38,39,40	QNHFVDEYDPTIEDSY	16.0	None	None	None	True	182.680	182.680	177.370	90.00	90.00	90.00	/Users/mitchellparker/Desktop/rascore_build/core/5wfqR_core.cif	/Users/mitchellparker/Desktop/rascore_build/rcsb/5wfq.cif.gz	/Users/mitchellparker/Desktop/rascore_build/renum/5wfq_renum.cif	/Users/mitchellparker/Desktop/rascore_build/rcsb_assembly/5wfq-assembly-1.cif.gz	/Users/mitchellparker/Desktop/rascore_build/renum_assembly/5wfq-assembly-1_renum.cif	/Users/mitchellparker/Desktop/rascore_build/sifts/5wfq.xml.gz
6axgD	6axg	0	D	Y32out	Y71in	P 32 1 2 (CF1)	------BBBAABAAAA	GTPase HRas	RASH_HUMAN	P01112	WT	WT	HRAS	0P	WT	None	None	GEF.CDC25	Homodimer	SP2-Unbound	P 32 1 2	170	1-24:30-118:122-166	2017-09-06	SP2	Unbound	999.0	999.0	999.0	999.0	999.0	-106.94	-78.98	-134.51	-121.94	-68.49	-75.08	-73.04	-56.34	-67.49	-60.05	-103.9	999.0	999.0	999.0	999.0	999.0	40.14	60.09	125.79	112.59	-8.13	-34.92	162.31	-49.09	-10.43	-40.88	35.15	999.0	999.0	999.0	999.0	999.0	999.0	-176.14	175.93	-177.28	-176.45	-174.2	-171.98	-174.13	-173.49	-159.55	-178.51	Above 0.4	None	RAS guanyl-releasing protein 4	None	C:63,59,60,12,64,65,66,70,67,73,69,103,74,5,54,37,41,35,36,34,39,61,57,40,56,17,21,33,18,30,102,68	GRP4_HUMAN	None	None	RasGEF	None	C	None	None	None	None	None	None	XRAY	3.302	0.230	GAMAMTEYKLVVVGAGGVGKSALTIQLIQNHFVDEYDPTIEDSYRKQVVIDGETCLLDILDTAGQEEYSAMRDQYMRTGEGFLCVFAINNTKSFEDIHQYREQIKRVKDSDDVPMVLVGNKCDLAARTVESRQAQDLARSYGIPYIETSAKTRQGVEDAFYTLVREIRQH	25,26,27,28,29,30,31,32,33,34,35,36,37,38,39,40	-----DEYDPTIEDSY	16.0	None	None	None	False	114.105	114.105	680.872	90.00	90.00	120.00	/Users/mitchellparker/Desktop/rascore_build/core/6axgD_core.cif	/Users/mitchellparker/Desktop/rascore_build/rcsb/6axg.cif.gz	/Users/mitchellparker/Desktop/rascore_build/renum/6axg_renum.cif	/Users/mitchellparker/Desktop/rascore_build/rcsb_assembly/6axg-assembly-5.cif.gz	/Users/mitchellparker/Desktop/rascore_build/renum_assembly/6axg-assembly-5_renum.cif	/Users/mitchellparker/Desktop/rascore_build/sifts/6axg.xml.gz
6axgF	6axg	0	F	Y32out	Y71in	P 32 1 2 (CF1)	------ABBAABAAAB	GTPase HRas	RASH_HUMAN	P01112	WT	WT	HRAS	0P	WT	None	None	GEF.CDC25	Homodimer	SP2-Unbound	P 32 1 2	170	1-25:30-117:122-166	2017-09-06	SP2	Unbound	42.62	999.0	999.0	999.0	999.0	-134.46	-114.36	-122.83	-137.59	-70.15	-65.56	-59.93	-71.54	-86.55	-68.66	-97.61	999.0	999.0	999.0	999.0	999.0	53.19	24.61	179.75	144.45	-16.46	-29.25	150.33	-25.44	4.03	-46.81	70.1	174.44	999.0	999.0	999.0	999.0	999.0	-172.08	168.79	178.41	179.49	-176.68	-176.98	175.01	173.78	173.43	175.97	Below 0.4	None	RAS guanyl-releasing protein 4	None	E:63,59,60,12,64,65,67,70,66,73,69,56,74,5,54,3,37,41,36,34,35,61,40,17,21,33,18,68,102,103	GRP4_HUMAN	None	None	RasGEF	None	E	None	None	None	None	None	None	XRAY	3.302	0.230	GAMAMTEYKLVVVGAGGVGKSALTIQLIQNHFVDEYDPTIEDSYRKQVVIDGETCLLDILDTAGQEEYSAMRDQYMRTGEGFLCVFAINNTKSFEDIHQYREQIKRVKDSDDVPMVLVGNKCDLAARTVESRQAQDLARSYGIPYIETSAKTRQGVEDAFYTLVREIRQH	25,26,27,28,29,30,31,32,33,34,35,36,37,38,39,40	Q----DEYDPTIEDSY	16.0	None	None	None	False	114.105	114.105	680.872	90.00	90.00	120.00	/Users/mitchellparker/Desktop/rascore_build/core/6axgF_core.cif	/Users/mitchellparker/Desktop/rascore_build/rcsb/6axg.cif.gz	/Users/mitchellparker/Desktop/rascore_build/renum/6axg_renum.cif	/Users/mitchellparker/Desktop/rascore_build/rcsb_assembly/6axg-assembly-5.cif.gz	/Users/mitchellparker/Desktop/rascore_build/renum_assembly/6axg-assembly-5_renum.cif	/Users/mitchellparker/Desktop/rascore_build/sifts/6axg.xml.gz
6axgH	6axg	0	H	Y32out	Y71in	P 32 1 2 (CF1)	------BBBAABAAAA	GTPase HRas	RASH_HUMAN	P01112	WT	WT	HRAS	0P	WT	None	None	GEF.CDC25	Homodimer	SP2-Unbound	P 32 1 2	170	1-25:30-116:122-166	2017-09-06	SP2	Unbound	48.44	999.0	999.0	999.0	999.0	-114.02	-109.12	-127.89	-132.8	-75.03	-79.7	-111.3	-59.2	-62.25	-43.07	-112.93	999.0	999.0	999.0	999.0	999.0	-43.97	85.41	170.63	128.61	-14.44	-0.69	177.13	-67.35	-12.34	-46.82	43.86	171.25	999.0	999.0	999.0	999.0	999.0	-178.66	172.23	-163.44	-179.21	-174.4	-169.63	-174.26	-173.22	-172.5	-176.57	Above 0.4	None	RAS guanyl-releasing protein 4	None	G:60,63,59,64,65,66,67,70,73,69,56,74,5,3,54,41,37,38,36,34,39,61,35,57,40,17,21,33,18,68,102	GRP4_HUMAN	None	None	RasGEF	None	G	None	None	None	None	None	None	XRAY	3.302	0.230	GAMAMTEYKLVVVGAGGVGKSALTIQLIQNHFVDEYDPTIEDSYRKQVVIDGETCLLDILDTAGQEEYSAMRDQYMRTGEGFLCVFAINNTKSFEDIHQYREQIKRVKDSDDVPMVLVGNKCDLAARTVESRQAQDLARSYGIPYIETSAKTRQGVEDAFYTLVREIRQH	25,26,27,28,29,30,31,32,33,34,35,36,37,38,39,40	Q----DEYDPTIEDSY	16.0	None	None	None	False	114.105	114.105	680.872	90.00	90.00	120.00	/Users/mitchellparker/Desktop/rascore_build/core/6axgH_core.cif	/Users/mitchellparker/Desktop/rascore_build/rcsb/6axg.cif.gz	/Users/mitchellparker/Desktop/rascore_build/renum/6axg_renum.cif	/Users/mitchellparker/Desktop/rascore_build/rcsb_assembly/6axg-assembly-5.cif.gz	/Users/mitchellparker/Desktop/rascore_build/renum_assembly/6axg-assembly-5_renum.cif	/Users/mitchellparker/Desktop/rascore_build/sifts/6axg.xml.gz
6bvlC	6bvl	0	C	Y32out	Y71out	I 4 2 2 (CF2)	BBAABBBBBAABBLAA	GTPase HRas	RASH_HUMAN	P01112	WT	WT	HRAS	0P	WT	None	None	GEF.CDC25	None	SP2-Unbound	I 4 2 2	167	1-166	2017-12-13	SP2	Unbound	-49.15	-43.03	-45.55	-104.42	-128.41	-80.1	-162.37	-166.08	-126.2	-70.99	-74.64	-79.5	-28.5	70.88	-86.29	-139.53	150.7	97.91	-39.28	5.8	122.61	90.58	155.41	136.29	101.9	-16.31	-11.32	118.2	113.93	44.31	11.72	17.06	-174.43	143.03	-177.08	-169.67	167.58	-174.69	-173.53	-175.9	165.07	-177.03	-179.5	-172.36	167.07	176.15	160.19	-176.42	Below 0.4	FMT,NA	Son of sevenless homolog 1	None	B:60,13,64,63,65,66,70,67,73,69,102,103,40,54,55,71,37,61,59,58,57,34,35,32,21,17,18,31,25,30,95,68,56,99,146,12,33,105,74	SOS1_HUMAN	None	None	RasGEF	None	B	None	None	None	FMT,NA	None	None	XRAY	1.748	0.158	GMTEYKLVVVGAGGVGKSALTIQLIQNHFVDEYDPTIEDSYRKQVVIDGETCLLDILDTAGQEEYSAMRDQYMRTGEGFLCVFAINNTKSFEDIHQYREQIKRVKDSDDVPMVLVGNKCDLAARTVESRQAQDLARSYGIPYIETSAKTRQGVEDAFYTLVREIRQH	25,26,27,28,29,30,31,32,33,34,35,36,37,38,39,40	QNHFVDEYDPTIEDSY	16.0	None	None	None	True	184.209	184.209	179.093	90.00	90.00	90.00	/Users/mitchellparker/Desktop/rascore_build/core/6bvlC_core.cif	/Users/mitchellparker/Desktop/rascore_build/rcsb/6bvl.cif.gz	/Users/mitchellparker/Desktop/rascore_build/renum/6bvl_renum.cif	/Users/mitchellparker/Desktop/rascore_build/rcsb_assembly/6bvl-assembly-1.cif.gz	/Users/mitchellparker/Desktop/rascore_build/renum_assembly/6bvl-assembly-1_renum.cif	/Users/mitchellparker/Desktop/rascore_build/sifts/6bvl.xml.gz
6bvmC	6bvm	0	C	Y32out	Y71out	I 4 2 2 (CF2)	BBAABBBBBAABBLAA	GTPase HRas	RASH_HUMAN	P01112	WT	WT	HRAS	0P	WT	None	None	GEF.CDC25	None	SP2-Unbound	I 4 2 2	167	1-166	2017-12-13	SP2	Unbound	-48.02	-41.33	-47.72	-105.2	-126.43	-81.68	-154.12	-168.65	-125.72	-72.87	-76.35	-77.69	-30.64	68.55	-85.43	-139.05	148.22	100.18	-40.17	6.87	121.62	88.13	157.93	133.65	103.53	-14.86	-9.75	118.91	115.63	44.56	11.14	16.67	-173.61	145.08	-175.97	-169.94	164.46	-175.53	-174.01	-177.18	164.79	-177.46	179.96	-173.62	167.69	177.19	160.63	-175.72	Below 0.4	FMT,NA	Son of sevenless homolog 1	None	B:60,13,64,63,65,66,70,67,73,69,102,103,40,54,55,71,37,61,59,58,57,34,35,32,21,17,18,31,25,30,95,56,33,99,12,74,62	SOS1_HUMAN	None	None	RasGEF	None	B	None	None	None	FMT,NA	None	None	XRAY	1.796	0.157	GMTEYKLVVVGAGGVGKSALTIQLIQNHFVDEYDPTIEDSYRKQVVIDGETCLLDILDTAGQEEYSAMRDQYMRTGEGFLCVFAINNTKSFEDIHQYREQIKRVKDSDDVPMVLVGNKCDLAARTVESRQAQDLARSYGIPYIETSAKTRQGVEDAFYTLVREIRQH	25,26,27,28,29,30,31,32,33,34,35,36,37,38,39,40	QNHFVDEYDPTIEDSY	16.0	None	None	None	True	184.316	184.316	179.059	90.00	90.00	90.00	/Users/mitchellparker/Desktop/rascore_build/core/6bvmC_core.cif	/Users/mitchellparker/Desktop/rascore_build/rcsb/6bvm.cif.gz	/Users/mitchellparker/Desktop/rascore_build/renum/6bvm_renum.cif	/Users/mitchellparker/Desktop/rascore_build/rcsb_assembly/6bvm-assembly-1.cif.gz	/Users/mitchellparker/Desktop/rascore_build/renum_assembly/6bvm-assembly-1_renum.cif	/Users/mitchellparker/Desktop/rascore_build/sifts/6bvm.xml.gz
6cupC	6cup	0	C	Y32out	Y71out	I 4 2 2 (CF2)	BBAABBBBBAABBLAA	GTPase HRas	RASH_HUMAN	P01112	WT	WT	HRAS	0P	WT	None	None	GEF.CDC25	None	SP2-Unbound	I 4 2 2	167	1-166	2018-03-26	SP2	Unbound	-50.54	-39.75	-43.87	-100.91	-127.86	-83.34	-156.9	-166.84	-126.03	-73.92	-74.79	-81.73	-21.12	65.81	-86.67	-138.4	149.23	96.12	-43.78	4.67	122.8	85.54	155.62	135.58	105.29	-16.48	-8.32	115.26	109.29	49.31	12.76	18.01	-174.11	142.12	-178.13	-169.36	166.3	-173.7	-171.25	-174.76	163.27	-177.18	-179.49	-171.12	163.69	176.8	156.82	-176.28	Below 0.4	FMT,NA	Son of sevenless homolog 1	None	B:60,13,63,64,65,66,70,67,73,69,102,103,40,56,54,55,71,37,61,59,58,57,34,35,32,21,17,18,31,25,30,68,95,12,33,74,147,146,86,62,105	SOS1_HUMAN	None	None	RasGEF	None	B	None	None	None	FMT,NA	None	None	XRAY	1.833	0.161	GMTEYKLVVVGAGGVGKSALTIQLIQNHFVDEYDPTIEDSYRKQVVIDGETCLLDILDTAGQEEYSAMRDQYMRTGEGFLCVFAINNTKSFEDIHQYREQIKRVKDSDDVPMVLVGNKCDLAARTVESRQAQDLARSYGIPYIETSAKTRQGVEDAFYTLVREIRQH	25,26,27,28,29,30,31,32,33,34,35,36,37,38,39,40	QNHFVDEYDPTIEDSY	16.0	None	None	None	True	184.654	184.654	179.351	90.00	90.00	90.00	/Users/mitchellparker/Desktop/rascore_build/core/6cupC_core.cif	/Users/mitchellparker/Desktop/rascore_build/rcsb/6cup.cif.gz	/Users/mitchellparker/Desktop/rascore_build/renum/6cup_renum.cif	/Users/mitchellparker/Desktop/rascore_build/rcsb_assembly/6cup-assembly-1.cif.gz	/Users/mitchellparker/Desktop/rascore_build/renum_assembly/6cup-assembly-1_renum.cif	/Users/mitchellparker/Desktop/rascore_build/sifts/6cup.xml.gz
6d55C	6d55	0	C	Y32out	Y71out	I 4 2 2 (CF2)	BBAABBBBBAABBLAA	GTPase HRas	RASH_HUMAN	P01112	WT	WT	HRAS	0P	WT	None	None	GEF.CDC25	None	SP2-Unbound	I 4 2 2	167	1-166	2018-04-19	SP2	Unbound	-48.82	-37.02	-43.75	-91.92	-123.78	-81.48	-161.47	-164.16	-118.39	-71.13	-79.22	-86.08	-10.26	66.81	-85.76	-143.26	149.84	98.55	-47.43	2.38	123.41	90.47	155.26	134.4	103.47	-13.51	-8.37	118.08	108.06	48.15	9.08	16.41	-176.38	138.48	-176.11	-173.25	163.21	-173.85	-170.82	178.55	157.73	-178.22	-176.93	-174.56	155.9	174.06	156.43	-173.46	Below 0.4	FMT,NA	Son of sevenless homolog 1	None	B:60,13,63,64,65,66,70,67,73,69,102,103,40,54,55,71,37,61,59,58,57,34,35,32,21,17,18,31,25,30,68,95,5,146,74,94,98,105,33,12,56,62	SOS1_HUMAN	None	None	RasGEF	None	B	None	None	None	FMT,NA	None	None	XRAY	1.680	0.156	GMTEYKLVVVGAGGVGKSALTIQLIQNHFVDEYDPTIEDSYRKQVVIDGETCLLDILDTAGQEEYSAMRDQYMRTGEGFLCVFAINNTKSFEDIHQYREQIKRVKDSDDVPMVLVGNKCDLAARTVESRQAQDLARSYGIPYIETSAKTRQGVEDAFYTLVREIRQH	25,26,27,28,29,30,31,32,33,34,35,36,37,38,39,40	QNHFVDEYDPTIEDSY	16.0	None	None	None	True	183.476	183.476	179.397	90.00	90.00	90.00	/Users/mitchellparker/Desktop/rascore_build/core/6d55C_core.cif	/Users/mitchellparker/Desktop/rascore_build/rcsb/6d55.cif.gz	/Users/mitchellparker/Desktop/rascore_build/renum/6d55_renum.cif	/Users/mitchellparker/Desktop/rascore_build/rcsb_assembly/6d55-assembly-1.cif.gz	/Users/mitchellparker/Desktop/rascore_build/renum_assembly/6d55-assembly-1_renum.cif	/Users/mitchellparker/Desktop/rascore_build/sifts/6d55.xml.gz
6d59C	6d59	0	C	Y32out	Y71out	I 4 2 2 (CF2)	BBAABBBBBAABBLAA	GTPase HRas	RASH_HUMAN	P01112	WT	WT	HRAS	0P	WT	None	None	GEF.CDC25	None	SP2-Unbound	I 4 2 2	167	1-166	2018-04-19	SP2	Unbound	-48.86	-45.24	-43.29	-100.13	-128.09	-80.55	-162.4	-166.06	-122.7	-72.05	-75.8	-77.62	-30.61	68.27	-86.68	-140.75	151.01	99.3	-43.19	2.94	116.76	88.81	159.42	135.05	102.83	-15.05	-9.39	117.87	116.77	44.31	11.4	15.77	-178.74	143.8	-177.53	-167.94	169.77	-171.97	-173.16	-174.08	161.75	-177.25	179.87	-173.3	167.11	177.97	161.49	-175.38	Below 0.4	FMT,NA	Son of sevenless homolog 1	None	B:60,13,64,63,65,66,70,67,73,69,102,103,40,54,55,71,37,61,59,58,57,34,35,32,21,17,18,30,25,31,68,95,56,12,33,74,62,105	SOS1_HUMAN	None	None	RasGEF	None	B	None	None	None	FMT,NA	None	None	XRAY	1.700	0.158	GMTEYKLVVVGAGGVGKSALTIQLIQNHFVDEYDPTIEDSYRKQVVIDGETCLLDILDTAGQEEYSAMRDQYMRTGEGFLCVFAINNTKSFEDIHQYREQIKRVKDSDDVPMVLVGNKCDLAARTVESRQAQDLARSYGIPYIETSAKTRQGVEDAFYTLVREIRQH	25,26,27,28,29,30,31,32,33,34,35,36,37,38,39,40	QNHFVDEYDPTIEDSY	16.0	None	None	None	True	184.107	184.107	179.426	90.00	90.00	90.00	/Users/mitchellparker/Desktop/rascore_build/core/6d59C_core.cif	/Users/mitchellparker/Desktop/rascore_build/rcsb/6d59.cif.gz	/Users/mitchellparker/Desktop/rascore_build/renum/6d59_renum.cif	/Users/mitchellparker/Desktop/rascore_build/rcsb_assembly/6d59-assembly-1.cif.gz	/Users/mitchellparker/Desktop/rascore_build/renum_assembly/6d59-assembly-1_renum.cif	/Users/mitchellparker/Desktop/rascore_build/sifts/6d59.xml.gz
6d5eC	6d5e	0	C	Y32out	Y71out	I 4 2 2 (CF2)	BBAABBBBBAABBLAA	GTPase HRas	RASH_HUMAN	P01112	WT	WT	HRAS	0P	WT	None	None	GEF.CDC25	None	SP2-Unbound	I 4 2 2	167	1-166	2018-04-19	SP2	Unbound	-54.38	-48.8	-45.26	-100.1	-127.57	-76.37	-154.12	-167.58	-121.89	-73.12	-74.51	-74.94	-41.07	66.68	-83.85	-135.82	155.65	101.88	-45.65	8.59	114.11	85.76	160.05	132.43	104.02	-15.42	-12.72	121.38	123.05	41.26	8.81	16.94	-177.92	144.66	-176.82	-170.42	166.34	-177.18	-176.84	-176.22	162.29	-177.28	178.92	-172.64	173.78	-179.57	161.7	-175.95	Below 0.4	CL,CL,NA	Son of sevenless homolog 1	None	B:60,13,63,64,65,66,70,67,73,69,102,103,40,54,55,71,37,61,59,58,57,34,35,32,21,17,18,31,25,30,68,95,56,74,146,33,12,105,62	SOS1_HUMAN	None	None	RasGEF	None	B	None	None	None	CL,FMT,NA	None	None	XRAY	1.750	0.160	GMTEYKLVVVGAGGVGKSALTIQLIQNHFVDEYDPTIEDSYRKQVVIDGETCLLDILDTAGQEEYSAMRDQYMRTGEGFLCVFAINNTKSFEDIHQYREQIKRVKDSDDVPMVLVGNKCDLAARTVESRQAQDLARSYGIPYIETSAKTRQGVEDAFYTLVREIRQH	25,26,27,28,29,30,31,32,33,34,35,36,37,38,39,40	QNHFVDEYDPTIEDSY	16.0	None	None	None	True	183.613	183.613	179.178	90.00	90.00	90.00	/Users/mitchellparker/Desktop/rascore_build/core/6d5eC_core.cif	/Users/mitchellparker/Desktop/rascore_build/rcsb/6d5e.cif.gz	/Users/mitchellparker/Desktop/rascore_build/renum/6d5e_renum.cif	/Users/mitchellparker/Desktop/rascore_build/rcsb_assembly/6d5e-assembly-1.cif.gz	/Users/mitchellparker/Desktop/rascore_build/renum_assembly/6d5e-assembly-1_renum.cif	/Users/mitchellparker/Desktop/rascore_build/sifts/6d5e.xml.gz
6d5gC	6d5g	0	C	Y32out	Y71out	I 4 2 2 (CF2)	BBAABBBBBAABBLAA	GTPase HRas	RASH_HUMAN	P01112	WT	WT	HRAS	0P	WT	None	None	GEF.CDC25	None	SP2-Unbound	I 4 2 2	167	1-166	2018-04-19	SP2	Unbound	-50.32	-46.12	-46.53	-106.18	-127.58	-81.36	-160.94	-167.87	-120.32	-71.54	-73.87	-75.58	-31.93	68.05	-84.65	-137.81	152.29	93.69	-34.0	1.82	123.2	91.14	157.13	131.19	103.2	-17.38	-11.77	114.01	119.29	42.73	9.81	15.6	-173.95	144.06	-173.25	-171.6	166.36	-172.72	-174.06	-175.33	164.36	-178.19	179.85	-173.85	169.6	178.77	159.03	-176.61	Below 0.4	CL,CL,BME	Son of sevenless homolog 1	None	B:60,13,64,63,65,66,70,67,73,69,102,103,40,54,55,71,37,61,59,58,57,34,35,32,21,17,18,31,25,30,95,105,68,56,146,33,12,74,62	SOS1_HUMAN	None	None	RasGEF	None	B	None	None	None	BME,CL	None	None	XRAY	1.920	0.156	GMTEYKLVVVGAGGVGKSALTIQLIQNHFVDEYDPTIEDSYRKQVVIDGETCLLDILDTAGQEEYSAMRDQYMRTGEGFLCVFAINNTKSFEDIHQYREQIKRVKDSDDVPMVLVGNKCDLAARTVESRQAQDLARSYGIPYIETSAKTRQGVEDAFYTLVREIRQH	25,26,27,28,29,30,31,32,33,34,35,36,37,38,39,40	QNHFVDEYDPTIEDSY	16.0	None	None	None	True	183.050	183.050	178.784	90.00	90.00	90.00	/Users/mitchellparker/Desktop/rascore_build/core/6d5gC_core.cif	/Users/mitchellparker/Desktop/rascore_build/rcsb/6d5g.cif.gz	/Users/mitchellparker/Desktop/rascore_build/renum/6d5g_renum.cif	/Users/mitchellparker/Desktop/rascore_build/rcsb_assembly/6d5g-assembly-1.cif.gz	/Users/mitchellparker/Desktop/rascore_build/renum_assembly/6d5g-assembly-1_renum.cif	/Users/mitchellparker/Desktop/rascore_build/sifts/6d5g.xml.gz
6d5hC	6d5h	0	C	Y32out	Y71out	I 4 2 2 (CF2)	BBAABBBBBAABBLAA	GTPase HRas	RASH_HUMAN	P01112	WT	WT	HRAS	0P	WT	None	None	GEF.CDC25	None	SP2-Unbound	I 4 2 2	167	1-166	2018-04-19	SP2	Unbound	-47.35	-49.48	-46.43	-99.86	-125.56	-74.47	-154.54	-168.18	-122.47	-72.45	-76.5	-70.95	-40.16	68.78	-94.97	-141.09	149.88	101.07	-42.2	3.45	118.66	89.0	157.81	129.54	104.47	-16.52	-16.0	117.58	122.98	45.62	15.89	18.29	-178.51	149.21	-174.79	-170.39	163.79	178.79	-176.68	-176.33	163.55	-176.9	-176.26	-175.71	174.57	179.24	167.45	-175.8	Below 0.4	CL,CL	Son of sevenless homolog 1	None	B:60,13,64,63,65,66,70,67,73,69,102,103,40,54,56,55,71,37,61,59,58,57,34,35,32,21,17,18,31,25,30,95,105,68,33,146,12,62,74	SOS1_HUMAN	None	None	RasGEF	None	B	None	None	None	CL	None	None	XRAY	1.800	0.168	GMTEYKLVVVGAGGVGKSALTIQLIQNHFVDEYDPTIEDSYRKQVVIDGETCLLDILDTAGQEEYSAMRDQYMRTGEGFLCVFAINNTKSFEDIHQYREQIKRVKDSDDVPMVLVGNKCDLAARTVESRQAQDLARSYGIPYIETSAKTRQGVEDAFYTLVREIRQH	25,26,27,28,29,30,31,32,33,34,35,36,37,38,39,40	QNHFVDEYDPTIEDSY	16.0	None	None	None	True	184.142	184.142	179.238	90.00	90.00	90.00	/Users/mitchellparker/Desktop/rascore_build/core/6d5hC_core.cif	/Users/mitchellparker/Desktop/rascore_build/rcsb/6d5h.cif.gz	/Users/mitchellparker/Desktop/rascore_build/renum/6d5h_renum.cif	/Users/mitchellparker/Desktop/rascore_build/rcsb_assembly/6d5h-assembly-1.cif.gz	/Users/mitchellparker/Desktop/rascore_build/renum_assembly/6d5h-assembly-1_renum.cif	/Users/mitchellparker/Desktop/rascore_build/sifts/6d5h.xml.gz
6d5jC	6d5j	0	C	Y32out	Y71out	I 4 2 2 (CF2)	BBAABBBBBAABBLAA	GTPase HRas	RASH_HUMAN	P01112	WT	WT	HRAS	0P	WT	None	None	GEF.CDC25	None	SP2-Unbound	I 4 2 2	167	1-166	2018-04-19	SP2	Unbound	-49.54	-42.94	-44.5	-102.96	-127.05	-79.71	-159.31	-167.38	-121.53	-70.43	-77.43	-74.01	-39.57	75.58	-85.2	-140.91	150.27	96.39	-39.51	2.85	118.69	88.63	157.59	132.88	102.77	-15.17	-19.07	123.67	119.13	43.66	11.1	15.59	-177.03	141.59	-177.02	-168.32	166.55	-172.79	-172.3	-175.88	162.59	-177.78	-178.12	-174.16	174.34	177.04	160.0	-173.77	Below 0.4	FMT,NA	Son of sevenless homolog 1	None	B:60,13,64,63,65,66,70,67,73,69,102,103,40,54,55,71,37,61,59,58,57,34,35,32,21,17,18,31,30,25,68,95,56,146,33,74,12,62,105	SOS1_HUMAN	None	None	RasGEF	None	B	None	None	None	FMT,NA	None	None	XRAY	1.751	0.158	GMTEYKLVVVGAGGVGKSALTIQLIQNHFVDEYDPTIEDSYRKQVVIDGETCLLDILDTAGQEEYSAMRDQYMRTGEGFLCVFAINNTKSFEDIHQYREQIKRVKDSDDVPMVLVGNKCDLAARTVESRQAQDLARSYGIPYIETSAKTRQGVEDAFYTLVREIRQH	25,26,27,28,29,30,31,32,33,34,35,36,37,38,39,40	QNHFVDEYDPTIEDSY	16.0	None	None	None	True	183.627	183.627	179.056	90.00	90.00	90.00	/Users/mitchellparker/Desktop/rascore_build/core/6d5jC_core.cif	/Users/mitchellparker/Desktop/rascore_build/rcsb/6d5j.cif.gz	/Users/mitchellparker/Desktop/rascore_build/renum/6d5j_renum.cif	/Users/mitchellparker/Desktop/rascore_build/rcsb_assembly/6d5j-assembly-1.cif.gz	/Users/mitchellparker/Desktop/rascore_build/renum_assembly/6d5j-assembly-1_renum.cif	/Users/mitchellparker/Desktop/rascore_build/sifts/6d5j.xml.gz
6d5lC	6d5l	0	C	Y32out	Y71out	I 4 2 2 (CF2)	BBAABBBBBAABBLAA	GTPase HRas	RASH_HUMAN	P01112	WT	WT	HRAS	0P	WT	None	None	GEF.CDC25	None	SP2-Unbound	I 4 2 2	167	1-166	2018-04-19	SP2	Unbound	-49.37	-42.54	-47.62	-105.71	-129.41	-80.16	-159.11	-167.79	-124.05	-72.08	-77.58	-78.01	-25.51	68.42	-87.29	-139.63	148.49	100.26	-39.21	7.6	120.4	90.54	155.84	134.31	103.42	-14.06	-10.5	115.0	112.17	46.69	12.0	16.49	-175.94	143.63	-175.27	-167.88	166.07	-174.45	-171.76	-177.64	164.03	-177.72	-178.6	-172.74	164.22	178.72	158.87	-175.92	Below 0.4	FMT,NA	Son of sevenless homolog 1	None	B:60,13,64,63,65,66,70,67,73,69,102,103,40,54,55,71,37,61,59,58,57,34,35,32,21,17,18,31,25,30,68,95,105,56,146,33,12,74,62	SOS1_HUMAN	None	None	RasGEF	None	B	None	None	None	FMT,NA	None	None	XRAY	1.700	0.159	GMTEYKLVVVGAGGVGKSALTIQLIQNHFVDEYDPTIEDSYRKQVVIDGETCLLDILDTAGQEEYSAMRDQYMRTGEGFLCVFAINNTKSFEDIHQYREQIKRVKDSDDVPMVLVGNKCDLAARTVESRQAQDLARSYGIPYIETSAKTRQGVEDAFYTLVREIRQH	25,26,27,28,29,30,31,32,33,34,35,36,37,38,39,40	QNHFVDEYDPTIEDSY	16.0	None	None	None	True	183.757	183.757	178.445	90.00	90.00	90.00	/Users/mitchellparker/Desktop/rascore_build/core/6d5lC_core.cif	/Users/mitchellparker/Desktop/rascore_build/rcsb/6d5l.cif.gz	/Users/mitchellparker/Desktop/rascore_build/renum/6d5l_renum.cif	/Users/mitchellparker/Desktop/rascore_build/rcsb_assembly/6d5l-assembly-1.cif.gz	/Users/mitchellparker/Desktop/rascore_build/renum_assembly/6d5l-assembly-1_renum.cif	/Users/mitchellparker/Desktop/rascore_build/sifts/6d5l.xml.gz
6d5mR	6d5m	0	R	Y32out	Y71out	I 4 2 2 (CF2)	BALABBBBBAABBLAA	GTPase HRas	RASH_HUMAN	P01112	WT	WT	HRAS	0P	WT	None	None	GEF.CDC25	None	SP2-Unbound	I 4 2 2	167	1-166	2018-04-19	SP2	Unbound	-60.79	-151.38	45.64	-116.37	-134.13	-71.25	-164.82	-169.54	-124.79	-69.44	-66.25	-96.67	-74.9	116.02	-90.08	-141.87	-141.86	-4.28	22.08	-13.94	119.46	96.46	154.55	131.2	101.71	-15.85	-25.92	138.38	123.26	7.0	-2.51	14.43	172.24	171.95	-178.04	168.52	161.41	170.63	-173.07	179.02	164.15	-176.67	-178.81	-173.5	179.5	-171.21	169.43	178.53	Below 0.4	None	Son of sevenless homolog 1	None	S:60,13,63,64,65,66,70,67,73,69,102,103,40,54,55,71,37,61,59,58,57,34,32,21,17,15,25,31,30,68,95,105,14,12,56,16,74,35	SOS1_HUMAN	None	None	RasGEF	None	S	None	None	None	None	None	None	XRAY	2.081	0.170	GMTEYKLVVVGAGGVGKSALTIQLIQNHFVDEYDPTIEDSYRKQVVIDGETCLLDILDTAGQEEYSAMRDQYMRTGEGFLCVFAINNTKSFEDIHQYREQIKRVKDSDDVPMVLVGNKCDLAARTVESRQAQDLARSYGIPYIETSAKTRQGVEDAFYTLVREIRQH	25,26,27,28,29,30,31,32,33,34,35,36,37,38,39,40	QNHFVDEYDPTIEDSY	16.0	None	None	None	True	183.134	183.134	178.329	90.00	90.00	90.00	/Users/mitchellparker/Desktop/rascore_build/core/6d5mR_core.cif	/Users/mitchellparker/Desktop/rascore_build/rcsb/6d5m.cif.gz	/Users/mitchellparker/Desktop/rascore_build/renum/6d5m_renum.cif	/Users/mitchellparker/Desktop/rascore_build/rcsb_assembly/6d5m-assembly-1.cif.gz	/Users/mitchellparker/Desktop/rascore_build/renum_assembly/6d5m-assembly-1_renum.cif	/Users/mitchellparker/Desktop/rascore_build/sifts/6d5m.xml.gz
6d5vR	6d5v	0	R	Y32out	Y71out	I 4 2 2 (CF2)	BEaABBBBBAABBLAA	GTPase HRas	RASH_HUMAN	P01112	WT	WT	HRAS	0P	WT	None	None	GEF.CDC25	None	SP2-Unbound	I 4 2 2	167	1-166	2018-04-19	SP2	Unbound	-52.41	15.6	-109.56	-133.8	-136.39	-58.47	-164.42	-172.03	-128.43	-68.83	-70.93	-101.56	-68.13	97.76	-84.97	-143.71	164.51	-87.88	28.8	20.41	103.72	93.56	168.88	135.23	99.27	-11.26	-24.19	137.6	142.1	-0.97	-4.5	13.37	-175.22	168.48	21.77	172.37	169.32	-177.04	175.56	-171.65	169.63	-175.13	-175.74	-176.55	175.7	-168.23	164.92	177.18	Below 0.4	None	Son of sevenless homolog 1	None	S:60,13,64,63,65,66,70,67,73,69,102,103,40,54,55,71,61,59,58,57,34,35,32,21,17,25,31,30,68,95,105,12,74,56,33,37	SOS1_HUMAN	None	None	RasGEF	None	S	None	None	None	None	None	None	XRAY	2.040	0.167	GMTEYKLVVVGAGGVGKSALTIQLIQNHFVDEYDPTIEDSYRKQVVIDGETCLLDILDTAGQEEYSAMRDQYMRTGEGFLCVFAINNTKSFEDIHQYREQIKRVKDSDDVPMVLVGNKCDLAARTVESRQAQDLARSYGIPYIETSAKTRQGVEDAFYTLVREIRQH	25,26,27,28,29,30,31,32,33,34,35,36,37,38,39,40	QNHFVDEYDPTIEDSY	16.0	None	None	None	True	182.822	182.822	177.866	90.00	90.00	90.00	/Users/mitchellparker/Desktop/rascore_build/core/6d5vR_core.cif	/Users/mitchellparker/Desktop/rascore_build/rcsb/6d5v.cif.gz	/Users/mitchellparker/Desktop/rascore_build/renum/6d5v_renum.cif	/Users/mitchellparker/Desktop/rascore_build/rcsb_assembly/6d5v-assembly-1.cif.gz	/Users/mitchellparker/Desktop/rascore_build/renum_assembly/6d5v-assembly-1_renum.cif	/Users/mitchellparker/Desktop/rascore_build/sifts/6d5v.xml.gz
6d5wR	6d5w	0	R	Y32out	Y71out	I 4 2 2 (CF2)	ALlABABBBAABBLAA	GTPase HRas	RASH_HUMAN	P01112	WT	WT	HRAS	0P	WT	None	None	GEF.CDC25	None	SP2-Unbound	I 4 2 2	167	1-166	2018-04-19	SP2	Unbound	-48.33	44.61	93.39	-104.52	-72.45	-154.34	-109.2	-161.56	-131.74	-75.91	-56.78	-71.71	-61.34	55.32	-105.39	-130.51	-51.16	78.88	-23.1	-29.75	172.47	11.73	162.17	135.73	104.91	-18.55	-44.63	141.1	156.39	38.48	6.71	6.25	-172.82	-144.06	26.85	155.08	164.27	-171.78	169.57	-166.63	171.54	-175.61	177.67	-172.85	177.75	-178.08	166.47	175.94	Below 0.4	None	Son of sevenless homolog 1	None	S:60,13,63,64,66,70,67,73,69,102,103,40,56,54,55,71,61,59,58,57,34,35,32,21,17,25,30,31,65,95,105,18	SOS1_HUMAN	None	None	RasGEF	None	S	None	None	None	None	None	None	XRAY	2.478	0.195	GMTEYKLVVVGAGGVGKSALTIQLIQNHFVDEYDPTIEDSYRKQVVIDGETCLLDILDTAGQEEYSAMRDQYMRTGEGFLCVFAINNTKSFEDIHQYREQIKRVKDSDDVPMVLVGNKCDLAARTVESRQAQDLARSYGIPYIETSAKTRQGVEDAFYTLVREIRQH	25,26,27,28,29,30,31,32,33,34,35,36,37,38,39,40	QNHFVDEYDPTIEDSY	16.0	None	None	None	True	186.125	186.125	179.217	90.00	90.00	90.00	/Users/mitchellparker/Desktop/rascore_build/core/6d5wR_core.cif	/Users/mitchellparker/Desktop/rascore_build/rcsb/6d5w.cif.gz	/Users/mitchellparker/Desktop/rascore_build/renum/6d5w_renum.cif	/Users/mitchellparker/Desktop/rascore_build/rcsb_assembly/6d5w-assembly-1.cif.gz	/Users/mitchellparker/Desktop/rascore_build/renum_assembly/6d5w-assembly-1_renum.cif	/Users/mitchellparker/Desktop/rascore_build/sifts/6d5w.xml.gz
6epmR	6epm	0	R	Y32out	Y71out	I 4 2 2 (CF1)	BBAABBBBBAABAAAA	GTPase KRas	RASK_HUMAN	P01116-2	G12C,C118S,D126E,T127S,K128R	G12,C118,D126,T127,K128	KRAS	0P	G12C	None	None	GEF.CDC25	None	SP2-Unbound	I 4 2 2	170	1-169	2017-10-12	SP2	Unbound	-65.09	-58.93	-59.63	-133.32	-115.19	-98.05	-156.79	-163.35	-110.21	-73.52	-75.43	-85.05	-75.08	-60.04	-53.68	-123.91	145.42	150.33	-23.62	23.92	122.9	83.35	141.71	117.46	108.81	-7.36	-24.67	166.43	-36.44	-15.54	-34.59	9.62	-174.19	-177.22	-161.53	-178.87	165.85	170.03	175.82	-170.48	167.55	-178.23	-179.75	179.45	-174.69	172.47	174.79	-174.78	Below 0.4	GOL	Son of sevenless homolog 1	None	S:60,63,64,65,66,70,67,73,69,102,40,56,54,55,71,37,61,59,58,57,34,35,32,21,25,30,31,33,68,105,12,74,95,98,13	SOS1_HUMAN	None	None	RasGEF	None	S	None	None	None	GOL	None	None	XRAY	2.500	0.181	GMTEYKLVVVGACGVGKSALTIQLIQNHFVDEYDPTIEDSYRKQVVIDGETCLLDILDTAGQEEYSAMRDQYMRTGEGFLCVFAINNTKSFEDIHHYREQIKRVKDSEDVPMVLVGNKSDLPSRTVESRQAQDLARSYGIPFIETSAKTRQGVDDAFYTLVREIRKHKEK	25,26,27,28,29,30,31,32,33,34,35,36,37,38,39,40	QNHFVDEYDPTIEDSY	16.0	None	None	None	True	150.223	150.223	200.471	90.00	90.00	90.00	/Users/mitchellparker/Desktop/rascore_build/core/6epmR_core.cif	/Users/mitchellparker/Desktop/rascore_build/rcsb/6epm.cif.gz	/Users/mitchellparker/Desktop/rascore_build/renum/6epm_renum.cif	/Users/mitchellparker/Desktop/rascore_build/rcsb_assembly/6epm-assembly-1.cif.gz	/Users/mitchellparker/Desktop/rascore_build/renum_assembly/6epm-assembly-1_renum.cif	/Users/mitchellparker/Desktop/rascore_build/sifts/6epm.xml.gz
6epnR	6epn	0	R	Y32out	Y71out	I 4 2 2 (CF1)	BBAABBBBBAABAAAA	GTPase KRas	RASK_HUMAN	P01116-2	G12C,C118S,D126E,T127S,K128R	G12,C118,D126,T127,K128	KRAS	0P	G12C	None	None	GEF.CDC25	None	SP2-Unbound	I 4 2 2	170	1-169	2017-10-12	SP2	Unbound	-68.3	-53.43	-57.52	-127.63	-104.05	-108.31	-134.98	-162.42	-113.41	-76.9	-78.52	-84.49	-66.08	-58.72	-53.79	-126.47	149.61	151.14	-25.24	7.99	133.48	71.0	141.98	120.5	112.69	-1.18	-33.79	164.81	-38.96	-15.93	-38.18	7.91	-170.27	177.67	-173.74	-174.62	169.13	170.49	176.31	178.38	166.63	-178.57	-177.08	-171.79	-173.91	174.06	176.25	-171.68	Below 0.4	GOL	Son of sevenless homolog 1	None	S:60,63,64,65,66,70,67,73,69,102,40,56,54,55,71,61,59,58,57,34,17,32,21,25,30,31,68,105,74,95,98	SOS1_HUMAN	None	None	RasGEF	None	S	None	None	None	GOL	None	None	XRAY	2.500	0.179	GMTEYKLVVVGACGVGKSALTIQLIQNHFVDEYDPTIEDSYRKQVVIDGETCLLDILDTAGQEEYSAMRDQYMRTGEGFLCVFAINNTKSFEDIHHYREQIKRVKDSEDVPMVLVGNKSDLPSRTVESRQAQDLARSYGIPFIETSAKTRQGVDDAFYTLVREIRKHKEK	25,26,27,28,29,30,31,32,33,34,35,36,37,38,39,40	QNHFVDEYDPTIEDSY	16.0	None	None	None	True	149.990	149.990	201.070	90.00	90.00	90.00	/Users/mitchellparker/Desktop/rascore_build/core/6epnR_core.cif	/Users/mitchellparker/Desktop/rascore_build/rcsb/6epn.cif.gz	/Users/mitchellparker/Desktop/rascore_build/renum/6epn_renum.cif	/Users/mitchellparker/Desktop/rascore_build/rcsb_assembly/6epn-assembly-1.cif.gz	/Users/mitchellparker/Desktop/rascore_build/renum_assembly/6epn-assembly-1_renum.cif	/Users/mitchellparker/Desktop/rascore_build/sifts/6epn.xml.gz
6epoR	6epo	0	R	Y32out	Y71out	I 4 2 2 (CF1)	BBAABBBBBAABAAAA	GTPase KRas	RASK_HUMAN	P01116-2	G12C,C118S,D126E,T127S,K128R	G12,C118,D126,T127,K128	KRAS	0P	G12C	None	None	GEF.CDC25	None	SP2-Unbound	I 4 2 2	170	1-169	2017-10-12	SP2	Unbound	-71.1	-65.14	-37.58	-121.01	-121.45	-93.57	-148.27	-169.7	-121.64	-73.2	-84.44	-114.38	-65.24	-59.27	-65.74	-120.84	150.25	132.42	-31.54	21.35	116.71	75.42	148.38	124.98	103.93	-1.81	-2.33	159.11	-42.91	-14.44	-25.15	7.69	-174.74	173.37	179.27	-175.71	161.97	173.0	-176.38	-174.59	172.19	-177.66	-179.84	-177.05	-172.64	175.36	179.06	177.75	Below 0.4	GOL	Son of sevenless homolog 1	None	S:60,63,64,65,66,70,67,73,69,102,40,56,54,55,71,61,59,58,57,34,35,17,32,21,25,30,31,68,105,12,74,13	SOS1_HUMAN	None	None	RasGEF	None	S	None	None	None	GOL	None	None	XRAY	2.400	0.187	GMTEYKLVVVGACGVGKSALTIQLIQNHFVDEYDPTIEDSYRKQVVIDGETCLLDILDTAGQEEYSAMRDQYMRTGEGFLCVFAINNTKSFEDIHHYREQIKRVKDSEDVPMVLVGNKSDLPSRTVESRQAQDLARSYGIPFIETSAKTRQGVDDAFYTLVREIRKHKEK	25,26,27,28,29,30,31,32,33,34,35,36,37,38,39,40	QNHFVDEYDPTIEDSY	16.0	None	None	None	True	150.118	150.118	200.087	90.00	90.00	90.00	/Users/mitchellparker/Desktop/rascore_build/core/6epoR_core.cif	/Users/mitchellparker/Desktop/rascore_build/rcsb/6epo.cif.gz	/Users/mitchellparker/Desktop/rascore_build/renum/6epo_renum.cif	/Users/mitchellparker/Desktop/rascore_build/rcsb_assembly/6epo-assembly-1.cif.gz	/Users/mitchellparker/Desktop/rascore_build/renum_assembly/6epo-assembly-1_renum.cif	/Users/mitchellparker/Desktop/rascore_build/sifts/6epo.xml.gz
6v9fC	6v9f	0	C	Y32out	Y71out	I 4 2 2 (CF2)	BBAABBBBBAABBLAA	GTPase HRas	RASH_HUMAN	P01112	WT	WT	HRAS	0P	WT	None	None	GEF.CDC25	None	SP2-Unbound	I 4 2 2	167	1-166	2019-12-13	SP2	Unbound	-52.36	-40.5	-47.58	-104.26	-131.57	-75.37	-164.11	-168.69	-123.11	-71.5	-76.94	-76.61	-40.3	70.09	-86.38	-137.43	148.72	100.81	-42.6	9.46	116.41	94.99	153.65	132.43	102.3	-16.23	-9.61	116.84	122.87	41.08	9.23	18.68	-174.33	142.57	-177.38	-166.67	165.9	-178.43	-173.24	-174.93	166.95	-178.11	-179.96	-174.07	174.38	-179.28	164.63	-176.06	Below 0.4	FMT,NA	Son of sevenless homolog 1	None	B:60,13,64,63,65,66,70,67,73,69,102,103,40,54,55,71,37,61,59,58,57,34,35,32,21,17,18,31,25,30,68,95,33,56,12,74,147,146,62,105	SOS1_HUMAN	None	None	RasGEF	None	B	None	None	None	FMT,NA	None	None	XRAY	1.849	0.157	GMTEYKLVVVGAGGVGKSALTIQLIQNHFVDEYDPTIEDSYRKQVVIDGETCLLDILDTAGQEEYSAMRDQYMRTGEGFLCVFAINNTKSFEDIHQYREQIKRVKDSDDVPMVLVGNKCDLAARTVESRQAQDLARSYGIPYIETSAKTRQGVEDAFYTLVREIRQH	25,26,27,28,29,30,31,32,33,34,35,36,37,38,39,40	QNHFVDEYDPTIEDSY	16.0	None	None	None	True	183.851	183.851	178.740	90.000	90.000	90.000	/Users/mitchellparker/Desktop/rascore_build/core/6v9fC_core.cif	/Users/mitchellparker/Desktop/rascore_build/rcsb/6v9f.cif.gz	/Users/mitchellparker/Desktop/rascore_build/renum/6v9f_renum.cif	/Users/mitchellparker/Desktop/rascore_build/rcsb_assembly/6v9f-assembly-1.cif.gz	/Users/mitchellparker/Desktop/rascore_build/renum_assembly/6v9f-assembly-1_renum.cif	/Users/mitchellparker/Desktop/rascore_build/sifts/6v9f.xml.gz
6v9mC	6v9m	0	C	Y32out	Y71out	I 4 2 2 (CF2)	BBAABBBBBAABBLAA	GTPase HRas	RASH_HUMAN	P01112	WT	WT	HRAS	0P	WT	None	None	GEF.CDC25	None	SP2-Unbound	I 4 2 2	167	1-166	2019-12-13	SP2	Unbound	-49.82	-41.79	-48.6	-107.9	-125.81	-79.53	-159.95	-165.8	-124.85	-71.25	-75.62	-78.72	-26.37	69.71	-83.16	-142.81	149.09	98.96	-34.87	3.3	121.76	89.58	155.06	135.0	102.28	-15.3	-9.68	117.21	112.28	43.39	11.87	16.18	-175.0	143.94	-175.59	-168.77	167.34	-175.77	-173.03	-177.4	164.6	-177.45	179.96	-172.74	164.4	176.14	159.97	-174.74	Below 0.4	FMT,NA	Son of sevenless homolog 1	None	B:60,13,64,63,65,66,70,67,73,69,102,103,40,54,55,71,37,61,59,58,57,34,35,32,21,17,18,31,25,30,95,68,56,12,33,86,74,62	SOS1_HUMAN	None	None	RasGEF	None	B	None	None	None	FMT,NA	None	None	XRAY	1.648	0.161	GMTEYKLVVVGAGGVGKSALTIQLIQNHFVDEYDPTIEDSYRKQVVIDGETCLLDILDTAGQEEYSAMRDQYMRTGEGFLCVFAINNTKSFEDIHQYREQIKRVKDSDDVPMVLVGNKCDLAARTVESRQAQDLARSYGIPYIETSAKTRQGVEDAFYTLVREIRQH	25,26,27,28,29,30,31,32,33,34,35,36,37,38,39,40	QNHFVDEYDPTIEDSY	16.0	None	None	None	True	183.712	183.712	178.523	90.000	90.000	90.000	/Users/mitchellparker/Desktop/rascore_build/core/6v9mC_core.cif	/Users/mitchellparker/Desktop/rascore_build/rcsb/6v9m.cif.gz	/Users/mitchellparker/Desktop/rascore_build/renum/6v9m_renum.cif	/Users/mitchellparker/Desktop/rascore_build/rcsb_assembly/6v9m-assembly-1.cif.gz	/Users/mitchellparker/Desktop/rascore_build/renum_assembly/6v9m-assembly-1_renum.cif	/Users/mitchellparker/Desktop/rascore_build/sifts/6v9m.xml.gz
6v9nC	6v9n	0	C	Y32out	Y71out	I 4 2 2 (CF2)	BBAABBBBBAABBLAA	GTPase HRas	RASH_HUMAN	P01112	WT	WT	HRAS	0P	WT	None	None	GEF.CDC25	None	SP2-Unbound	I 4 2 2	167	1-166	2019-12-13	SP2	Unbound	-49.91	-43.49	-50.53	-107.24	-130.16	-79.68	-158.06	-165.17	-126.72	-70.52	-75.3	-77.97	-26.02	69.24	-86.07	-142.38	150.42	102.03	-36.67	7.29	121.8	89.0	156.29	137.17	101.92	-16.74	-11.05	116.4	111.96	46.04	12.17	17.57	-174.37	145.63	-174.38	-168.74	168.49	-173.14	-173.29	-179.36	164.4	-176.57	-178.75	-172.29	164.63	178.4	159.85	-174.37	Below 0.4	FMT,NA	Son of sevenless homolog 1	None	B:60,13,64,63,65,66,70,67,73,69,102,103,40,54,55,71,37,61,59,58,57,34,35,32,21,17,18,31,25,30,68,95,56,99,33,12,20,62,74	SOS1_HUMAN	None	None	RasGEF	None	B	None	None	None	FMT,NA	None	None	XRAY	1.648	0.165	GMTEYKLVVVGAGGVGKSALTIQLIQNHFVDEYDPTIEDSYRKQVVIDGETCLLDILDTAGQEEYSAMRDQYMRTGEGFLCVFAINNTKSFEDIHQYREQIKRVKDSDDVPMVLVGNKCDLAARTVESRQAQDLARSYGIPYIETSAKTRQGVEDAFYTLVREIRQH	25,26,27,28,29,30,31,32,33,34,35,36,37,38,39,40	QNHFVDEYDPTIEDSY	16.0	None	None	None	True	183.862	183.862	178.639	90.000	90.000	90.000	/Users/mitchellparker/Desktop/rascore_build/core/6v9nC_core.cif	/Users/mitchellparker/Desktop/rascore_build/rcsb/6v9n.cif.gz	/Users/mitchellparker/Desktop/rascore_build/renum/6v9n_renum.cif	/Users/mitchellparker/Desktop/rascore_build/rcsb_assembly/6v9n-assembly-1.cif.gz	/Users/mitchellparker/Desktop/rascore_build/renum_assembly/6v9n-assembly-1_renum.cif	/Users/mitchellparker/Desktop/rascore_build/sifts/6v9n.xml.gz
6v9oC	6v9o	0	C	Y32out	Y71out	I 4 2 2 (CF2)	BBAABBBBBAABBLAA	GTPase HRas	RASH_HUMAN	P01112	WT	WT	HRAS	0P	WT	None	None	GEF.CDC25	None	SP2-Unbound	I 4 2 2	167	1-166	2019-12-13	SP2	Unbound	-51.98	-44.83	-50.22	-108.11	-129.32	-73.92	-163.21	-167.42	-128.57	-70.82	-74.48	-80.43	-33.38	71.7	-76.61	-140.31	150.99	102.59	-37.64	8.16	114.72	94.89	154.45	136.65	101.88	-16.77	-9.4	121.39	113.96	36.77	13.03	17.15	-173.67	146.68	-175.51	-169.47	166.36	-179.15	-172.99	-176.39	165.89	-176.69	179.89	-171.06	171.77	176.74	164.15	-175.64	Below 0.4	FMT,NA	Son of sevenless homolog 1	None	B:60,13,64,63,65,66,70,67,73,69,102,103,40,54,55,71,37,61,59,58,57,34,35,32,21,17,18,31,25,30,68,95,74,33,146,56,99,12,86	SOS1_HUMAN	None	None	RasGEF	None	B	None	None	None	FMT,NA	None	None	XRAY	1.799	0.157	GMTEYKLVVVGAGGVGKSALTIQLIQNHFVDEYDPTIEDSYRKQVVIDGETCLLDILDTAGQEEYSAMRDQYMRTGEGFLCVFAINNTKSFEDIHQYREQIKRVKDSDDVPMVLVGNKCDLAARTVESRQAQDLARSYGIPYIETSAKTRQGVEDAFYTLVREIRQH	25,26,27,28,29,30,31,32,33,34,35,36,37,38,39,40	QNHFVDEYDPTIEDSY	16.0	None	None	None	True	184.144	184.144	178.865	90.000	90.000	90.000	/Users/mitchellparker/Desktop/rascore_build/core/6v9oC_core.cif	/Users/mitchellparker/Desktop/rascore_build/rcsb/6v9o.cif.gz	/Users/mitchellparker/Desktop/rascore_build/renum/6v9o_renum.cif	/Users/mitchellparker/Desktop/rascore_build/rcsb_assembly/6v9o-assembly-1.cif.gz	/Users/mitchellparker/Desktop/rascore_build/renum_assembly/6v9o-assembly-1_renum.cif	/Users/mitchellparker/Desktop/rascore_build/sifts/6v9o.xml.gz
7kfzA	7kfz	0	A	Y32out	Y71out	None	BAABAABBBAABAAAA	GTPase KRas	RASK_HUMAN	P01116-2	G13D	G13	KRAS	0P	G13D	None	None	GEF.CDC25	None	SP2-Unbound	None	170	1-168	2020-10-15	SP2	Unbound	-76.91	-77.12	-92.14	-133.8	-108.51	-64.31	-137.87	-159.62	-134.75	-65.85	-71.8	-65.32	-65.86	-74.99	-81.15	-106.25	65.4	-34.5	-62.09	148.71	18.34	-41.18	149.83	131.68	101.03	-21.33	-44.57	153.49	-22.76	-6.71	-35.69	-0.89	-178.3	-176.04	-174.85	-169.61	176.99	-179.44	-171.51	175.82	-175.57	-175.57	-173.82	-174.44	-173.05	-175.5	-172.57	-179.48	Not Available	None	Son of sevenless homolog 1	None	B:60,63,64,65,66,70,67,73,69,102,41,40,54,56,55,71,61,59,58,57,34,35,17,32,21,25,31,30,29,95,105	SOS1_HUMAN	None	None	RasGEF	None	B	None	None	None	None	None	None	EM	3.470	None	GMTEYKLVVVGAGDVGKSALTIQLIQNHFVDEYDPTIEDSYRKQVVIDGETCLLDILDTAGQEEYSAMRDQYMRTGEGFLCVFAINNTKSFEDIHHYREQIKRVKDSEDVPMVLVGNKCDLPSRTVDTKQAQDLARSYGIPFIETSAKTRQGVDDAFYTLVREIRKHKEK	25,26,27,28,29,30,31,32,33,34,35,36,37,38,39,40	QNHFVDEYDPTIEDSY	16.0	None	None	None	True	999.0	999.0	999.0	999.0	999.0	999.0	/Users/mitchellparker/Desktop/rascore_build/core/7kfzA_core.cif	/Users/mitchellparker/Desktop/rascore_build/rcsb/7kfz.cif.gz	/Users/mitchellparker/Desktop/rascore_build/renum/7kfz_renum.cif	/Users/mitchellparker/Desktop/rascore_build/rcsb_assembly/7kfz-assembly-1.cif.gz	/Users/mitchellparker/Desktop/rascore_build/renum_assembly/7kfz-assembly-1_renum.cif	/Users/mitchellparker/Desktop/rascore_build/sifts/7kfz.xml.gz
